trade_id,token_address,token_symbol,action,entry_time,exit_time,hold_duration_minutes,entry_price,exit_price,highest_price_reached,lowest_price_reached,amount_usd,quantity,position_size_percent_of_portfolio,pnl_usd,pnl_percent,win,exit_reason,entry_liquidity_usd,entry_volume_24h,entry_price_change_24h,entry_holder_count,entry_market_cap,exit_liquidity_usd,exit_volume_24h,exit_price_change_24h,token_age_hours,is_mintable,has_freeze_authority,is_verified,ownership_renounced,overall_risk_score,liquidity_risk,security_risk,volatility_risk,sentiment_risk,age_risk,sentiment_score,sentiment_confidence,coordination_risk,price_prediction_direction,price_prediction_confidence,predicted_change_percent,volume_trend,price_pattern,portfolio_value_at_entry,open_positions_count,daily_trades_before_this,slippage_percent,total_fees_usd,execution_method,used_trailing_stop,trailing_stop_percent,max_drawdown_from_peak_percent,is_partial_sell,milestones_hit,partial_sell_count,bot_version,paper_trading,notes
4197f635-b750-43ef-9ed9-69c3338971a0,2Z9Pcb6j3ewm6xw6Vqds5narH4nqKjttjugyr9d1kQpk,2Z9Pcb6j,completed,2025-11-28T23:03:10.223164,2025-11-28T23:06:24.682670,3.2409917666666668,0.2577,0.128,0.2577,0.2577,6.447186651144743,50.3686457120683,0.6417975410993093,-6.5328133488552576,-50.32984090027163,False,stop_loss,0,0,0,0,0,18743.37,0,0,0,False,False,False,False,0,0,0,0,0,0,0.5,0,0,,0,0,,,1004.5514727435096,4,1,0.0,0.0,jupiter,True,10.0,50.32984090027163,False,,0,1.0,True,
ab8bf3ac-65b3-4a3a-9ac4-575277497a87,AnNEZB75nzDp34EgLn1PJraxhyPRaBcoJaB4E6CN6YhW,AnNEZB75,completed,2025-11-28T23:05:43.657361,2025-11-28T23:10:17.543400,4.564767316666666,0.1905,0.122,0.4377,0.1905,28.263013123359578,231.66404199475065,2.8087135093501416,-15.86898687664042,-35.958005249343834,False,stop_loss,0,0,0,0,0,18308.34,0,0,0,False,False,False,False,0.351,0.3,0.2,1.0,0.3,0.9,0.5,0,0,up,0.27999999999999997,15.125000000000002,,,1006.2618714679396,3,2,0.0,0.0,jupiter,True,10.0,72.12702764450538,False,100,1,1.0,True,
07c50001-96f2-4e45-87bc-a4c0670b0007,EM6wDkmY2982FesRRfmf1AddNHAKkspqMV2JYSA7j1ww,EM6wDkmY,completed,2025-11-28T23:01:05.911944,2025-11-28T23:16:25.301960,15.323166933333333,1.19e-05,1.37e-05,1.375e-05,1.19e-05,15.783781512605044,1152100.8403361347,1.5086785776738423,2.073781512605042,15.126050420168067,True,low_liquidity,0,0,0,0,0,0.0,0,0,0,False,False,False,False,0,0,0,0,0,0,0.5,0,0,,0,0,,,1046.199087478347,3,3,0.0,0.0,jupiter,True,10.0,0.3636363636363725,False,,0,1.0,True,
df0c9aa1-306d-49ee-ba33-5c6e7fac8bf0,6PfQT4T3Ub6zZwaxERRvzRT4Z4J6vp4zR3QHSawDqbFN,6PfQT4T3,completed,2025-11-28T23:12:15.693625,2025-11-28T23:18:36.095483,6.340030966666666,1.324e-05,1.895e-05,1.895e-05,1.324e-05,77.47935548841895,4088620.3423967785,7.819874524630609,23.346022155085603,43.126888217522655,True,low_liquidity,0,0,0,0,0,0.0,0,0,0,False,False,False,False,0,0,0,0,0,0,0.5,0,0,,0,0,,,990.8004948721205,3,4,0.0,0.0,jupiter,True,10.0,0.0,False,,0,1.0,True,
598abb68-31d8-4562-b317-13b793812cdb,3ZC3mS6g8gPYt917sgFs19JJmWxWffZyw4zbruXhTzFV,3ZC3mS6g,completed,2025-11-28T23:01:02.627877,2025-11-28T23:25:01.933572,23.988428250000002,6.32e-05,0.000181,0.000181,6.32e-05,33.84537710970464,186991.03375527426,2.895574006222696,22.027543776371306,186.39240506329114,True,low_liquidity,0,0,0,0,0,0.0,0,0,0,False,False,False,False,0,0,0,0,0,0,0.5,0,0,,0,0,,,1168.8658979867091,6,5,0.0,0.0,jupiter,True,10.0,0.0,False,100,1,1.0,True,
ff06a527-3f89-4a5b-b1ca-fc7323709a2e,8twCYmc3sfmQzGxfiCBeBfNN5KMcsixFVdnV6ptC3XAL,8twCYmc3,completed,2025-11-28T23:02:54.742801,2025-11-28T23:25:34.314866,22.659534416666666,0.2126,1.018,1.018,0.2126,31.07629350893697,30.52681091251176,2.602335151747097,24.586293508936972,378.8334901222954,True,low_liquidity,0,0,0,0,0,25538.04,0,0,0,False,False,False,False,0,0,0,0,0,0,0.5,0,0,,0,0,,,1194.16953224006,5,6,0.0,0.0,jupiter,True,10.0,0.0,False,"200,100,300",3,1.0,True,
ad7d6076-fcfe-416d-9501-e520d161352d,7AqAyhuNv3N775bkF2aHgbnDfifwMYuSqGkbxrNEWJRb,7AqAyhuN,completed,2025-11-28T23:24:21.505311,2025-11-28T23:27:22.131642,3.01043885,0.0001416,0.0001532,0.0001534,0.0001416,65.5932580037665,428154.4256120528,5.664803215346515,4.966591337099817,8.192090395480234,True,low_liquidity,0,0,0,0,0,0.0,0,0,0,False,False,False,False,0.24216666666666667,0.1,0.2,0.2,0.3,0.9,0.5,0,0,up,0.25666666666666665,15.125000000000002,,,1157.908854204641,5,7,0.0,0.0,jupiter,True,10.0,0.1303780964797769,False,,0,1.0,True,
3968bf13-a316-4210-bb22-75e035f7177f,GK9Fpeszp2UEsFj4h3R6GVMJ1VWojZhWyCmYFrRKMsQi,GK9Fpesz,completed,2025-11-28T23:23:02.297971,2025-11-28T23:29:34.988527,6.5448426,1.444e-05,1.317e-05,1.444e-05,1.444e-05,49.45742382271468,3755309.325946445,4.060392821868561,-4.76924284395199,-8.795013850415522,False,stop_loss,0,0,0,0,0,24861.91,0,0,0,False,False,False,False,0.32216666666666666,0.3,0.2,0.4,0.3,0.9,0.5,0,0,sideways,0.25666666666666665,0.0,,,1218.0452973994463,6,8,0.0,0.0,jupiter,True,10.0,8.795013850415522,False,,0,1.0,True,
7c387d40-f3d5-4ab2-aebe-4507a6642421,4q816dQzfpUS6Jgp2JNGmoRpK1CZyPuQk8dKhSydnJT1,4q816dQz,completed,2025-11-28T23:20:28.940123,2025-11-28T23:31:47.794634,11.31424185,7.497e-06,8.636e-06,8.655e-06,7.497e-06,56.8284202569917,6580409.941754481,4.304041159751408,7.495086923658351,15.192743764172329,True,low_liquidity,0,0,0,0,0,0.0,0,0,0,False,False,False,False,0.3833333333333333,0.5,0.2,0.2,0.3,0.9,0.5,0,0,sideways,0.23333333333333334,0.0,,,1320.3502974928329,7,9,0.0,0.0,jupiter,True,10.0,0.21952628538416305,False,,0,1.0,True,
75f07628-4c1d-4574-883f-d3e2c2450572,BuhUJd9K7gvzsSUef2BWwnyekY9cnemvidsckjs8G2fn,BuhUJd9K,completed,2025-11-28T23:26:29.218766,2025-11-28T23:31:47.832324,5.310225966666667,0.1003,0.1003,0.1003,0.1003,46.32,461.814556331007,3.4804595996723413,0.0,0.0,False,low_liquidity,0,0,0,0,0,9937.72,0,0,0,False,False,False,False,0.421,0.5,0.2,1.0,0.3,0.9,0.5,0,0,sideways,0.27999999999999997,0.0,,,1330.8587177498246,6,10,0.0,0.0,jupiter,True,10.0,0.0,False,,0,1.0,True,
e8b43d10-916b-47bf-885f-8f33ab90b914,8vuv2o29VBZ4ngMLfvWx5qP2c8zVFgi4Sm6hqLNhRw6q,8vuv2o29,completed,2025-11-28T23:28:48.332564,2025-11-28T23:35:45.502721,6.95283595,0.1853,0.392,0.75,0.1853,54.9180787911495,140.09713977334056,3.8270842709087467,28.958078791149497,111.54883971937402,True,trailing_stop,0,0,0,0,0,32809.56,0,0,0,False,False,False,False,0.351,0.3,0.2,1.0,0.3,0.9,0.5,0,0,up,0.27999999999999997,15.125000000000002,,,1434.9848318889806,7,11,0.0,0.0,jupiter,True,10.0,47.733333333333334,False,"200,100,300",3,1.0,True,
8e9e0994-d521-40f9-a079-7f2ac0331166,CCsntNYaPcor7dxXvLus8DJA7xEyi5HcjRG6hD5wxppk,CCsntNYa,completed,2025-11-28T23:35:02.055009,2025-11-28T23:36:18.562728,1.2751286499999999,0.1433,0.1393,0.2088,0.1433,45.02704815073273,323.23796231681786,3.1224620125837657,-1.2929518492672725,-2.7913468248429893,False,trailing_stop,0,0,0,0,0,19580.0,0,0,0,False,False,False,False,0.421,0.5,0.2,1.0,0.3,0.9,0.5,0,0,sideways,0.27999999999999997,0.0,,,1442.0366995425472,6,12,0.0,0.0,jupiter,True,10.0,33.28544061302682,False,,0,1.0,True,
d572b8d1-6307-414c-b43a-a0551ba2a140,CrfwjU6gDkaDgC5tgdxARDMXc3xVp1XkiPQAdNWNWSiG,CrfwjU6g,completed,2025-11-28T23:28:32.485396,2025-11-28T23:37:50.300073,9.296911283333333,0.1861,0.3581,0.4097,0.1861,84.92030736163355,237.14132186996244,6.00586788696666,40.788307361633535,92.42342826437398,True,trailing_stop,0,0,0,0,0,31381.51,0,0,0,False,False,False,False,0.351,0.3,0.2,1.0,0.3,0.9,0.5,0,0,up,0.27999999999999997,15.125000000000002,,,1413.955634054475,5,13,0.0,0.0,jupiter,True,10.0,12.594581401025149,False,100,1,1.0,True,
9de0835e-86fc-4052-b9f9-ad9c0b0fa269,77pTQ5zac2yY2qFCiSLbhxM2GGrRqWo4WH66nMMoHYKL,77pTQ5za,completed,2025-11-28T23:33:00.615291,2025-11-28T23:39:53.871001,6.887595166666667,8.85e-06,9.743e-06,9.743e-06,8.85e-06,54.208510734463275,5563841.807909604,3.683427654657635,4.968510734463275,10.090395480225986,True,low_liquidity,0,0,0,0,0,0.0,0,0,0,False,False,False,False,0.3845,0.5,0.2,0.2,0.3,0.9,0.5,0,0,sideways,0.21000000000000002,0.0,,,1471.686586973345,5,14,0.0,0.0,jupiter,True,10.0,0.0,False,,0,1.0,True,
35933e70-0851-4964-a487-75a0cf768354,5uNtbiHU6DJktBnjUzzRQpuP7nYmUL9HyQQTpG3mWTXK,5uNtbiHU,completed,2025-11-28T23:18:23.476672,2025-11-28T23:40:25.750133,22.037891016666666,0.2213,0.6971,1.28,0.2213,65.41966922729328,93.84545865341167,4.632104168406078,44.651669227293276,215.00225937641213,True,trailing_stop,0,0,0,0,0,46100.19,0,0,0,False,False,False,False,0.351,0.3,0.2,1.0,0.3,0.9,0.5,0,0,up,0.27999999999999997,15.125000000000002,,,1412.3099750972221,4,15,0.0,0.0,jupiter,True,10.0,45.5390625,False,"200,100,400,300",4,1.0,True,
886efd17-da4a-4fbf-bc0c-f9a9ba67a5dd,7wEWiexWWaL6QeiUEQpSALpM6CLsCw3HdccYxADtdWCx,7wEWiexW,completed,2025-11-28T23:30:57.067376,2025-11-28T23:42:04.404382,11.122283433333333,0.496,0.2979,1.33,0.496,27.95915625,93.85416666666667,2.0325840355181044,-18.592510416666666,-39.939516129032256,False,stop_loss,0,0,0,0,0,47565.62,0,0,0,False,False,False,False,0.3154166666666667,0.2,0.2,1.0,0.3,0.9,0.5,0,0,up,0.2916666666666667,16.25,,,1375.5473703144198,4,16,0.0,0.0,jupiter,True,10.0,77.6015037593985,False,100,1,1.0,True,
e02e41f4-b0d1-4343-9b69-6cf88655b154,2EQ4fh3YiXc6fiV3962m1jftdufRiVJXAGCirVp22RSS,2EQ4fh3Y,completed,2025-11-28T23:30:34.312953,2025-11-28T23:44:32.644275,13.9721887,4.935e-05,8.454e-05,9.547e-05,4.935e-05,97.85055319148937,1157446.8085106383,7.575871878852975,40.73055319148936,71.30699088145896,True,trailing_stop,0,0,0,0,0,127139.7,0,0,0,False,False,False,False,0.286,0.2,0.2,0.4,0.3,0.9,0.5,0,0,up,0.27999999999999997,15.125000000000002,,,1291.6078143378586,3,17,0.0,0.0,jupiter,True,10.0,11.448622603959365,False,,0,1.0,True,
8d53c7b4-c089-46d0-86d6-6c6c0149a32e,Gy8QLy2ZRH4nTNkJSnQ1xBXTqD7AdyiBB7doWCPhpump,Gy8QLy2Z,completed,2025-11-28T23:41:01.067298,2025-11-28T23:44:32.678095,3.5268466166666665,0.0008574,0.0007845,0.00134,0.0008574,47.42013062747842,60446.31055127906,3.5334410990367195,-4.406536039188242,-8.50244926522043,False,stop_loss,0,0,0,0,0,47461.22,0,0,0,False,False,False,False,0.3521666666666667,0.3,0.2,1.0,0.3,0.9,0.5,0,0,sideways,0.25666666666666665,0.0,,,1342.0382369018694,2,18,0.0,0.0,jupiter,True,10.0,41.45522388059702,False,,0,1.0,True,
f2b73a6f-eeb2-4999-aae5-76bdb0b172b9,CUHX7juaZhPmKTMS5Qg1qKbL4A2kDSUc8P26gE13bw5Y,CUHX7jua,completed,2025-11-28T23:38:45.984976,2025-11-28T23:52:16.764411,13.512990583333334,1.335e-05,1.555e-05,1.581e-05,1.335e-05,63.877303370786514,4107865.168539326,4.270713100622532,9.037303370786514,16.479400749063664,True,low_liquidity,0,0,0,0,0,0.0,0,0,0,False,False,False,False,0.3145,0.3,0.2,0.2,0.3,0.9,0.5,0,0,sideways,0.21000000000000002,0.0,,,1495.7057958652213,7,19,0.0,0.0,jupiter,True,10.0,1.6445287792536427,False,,0,1.0,True,
5fda739f-cf71-412c-abfc-3d35404831e8,3btnxdbsAbFVAr17diiFRbmkoCFsTAuQYTDWTCbLiLRA,3btnxdbs,completed,2025-11-28T23:49:38.275087,2025-11-28T23:54:31.225858,4.8825128499999995,1.396e-05,1.559e-05,1.773e-05,1.396e-05,60.45405921680995,3877745.940783191,4.066520164309083,6.320725883476607,11.67621776504299,True,trailing_stop,0,0,0,0,0,27093.44,0,0,0,False,False,False,False,0.3233333333333333,0.3,0.2,0.4,0.3,0.9,0.5,0,0,sideways,0.23333333333333334,0.0,,,1486.628782697339,6,20,0.0,0.0,jupiter,True,10.0,12.06993795826283,False,,0,1.0,True,
b632d06a-0a6f-499b-900f-b22ee97f106a,73XG4otxhVsewQCDykvHpNzjAZYE2DNZFuU6VekDB5Xy,73XG4otx,completed,2025-11-28T23:51:11.120106,2025-11-28T23:54:31.279394,3.335988133333333,0.1356,0.07127,0.1939,0.1356,27.28863126843658,382.89085545722713,1.7955477838570333,-24.63136873156342,-47.4410029498525,False,stop_loss,0,0,0,0,0,31299.2,0,0,0,False,False,False,False,0.351,0.3,0.2,1.0,0.3,0.9,0.5,0,0,up,0.27999999999999997,15.125000000000002,,,1519.7942106457122,5,21,0.0,0.0,jupiter,True,10.0,63.243940175348115,False,,0,1.0,True,
809d4018-ce40-4301-9780-3b5118efe728,CJGJzik9uMe47LUeAB8oy8J6DcJcYvydpzg6K2D1nBVn,CJGJzik9,completed,2025-11-28T23:51:35.075944,2025-11-28T23:56:43.642643,5.142778316666667,0.002458,0.002477,0.002477,0.002458,57.91759425006782,23382.15351234066,3.7987307114740174,0.44426091673447066,0.7729861676159446,True,low_liquidity,0,0,0,0,0,165198.54,0,0,0,False,False,False,False,0.28158333333333335,0.1,0.2,1.0,0.3,0.9,0.5,0,0,up,0.2683333333333333,16.25,,,1524.6564878928762,5,22,0.0,0.0,jupiter,True,10.0,0.0,False,,0,1.0,True,
620065b8-fbd3-4d5f-90da-6ab9e75a728d,3bxo4uX5n1F7ARBQSGkb1FpMyCxZ8Y7BTr1H8DTAUZci,3bxo4uX5,completed,2025-11-28T23:57:32.601003,2025-11-29T00:00:23.297659,2.8449442666666664,0.1968,0.07812,0.2862,0.1968,20.60970731707317,263.8211382113821,1.3112472965767332,-31.310292682926832,-60.30487804878049,False,stop_loss,0,0,0,0,0,14673.63,0,0,0,False,False,False,False,0.351,0.3,0.2,1.0,0.3,0.9,0.5,0,0,up,0.27999999999999997,15.125000000000002,,,1571.7635697613127,9,1,0.0,0.0,jupiter,True,10.0,72.70440251572327,False,,0,1.0,True,
0969f5bf-2e60-40c9-a228-ba8c27b1dba2,FLmPGh4fnE6wXFfcWbBtf2eDaQ6kipE9VRLRTVfGM89h,FLmPGh4f,completed,2025-11-28T23:56:14.374025,2025-11-29T00:00:56.516384,4.70237265,0.3103,0.4701,0.4701,0.3103,78.65804705124074,167.32194650338383,5.160700960519702,26.738047051240734,51.498549790525296,True,low_liquidity,0,0,0,0,0,678.5,0,0,0,False,False,False,False,0.351,0.3,0.2,1.0,0.3,0.9,0.5,0,0,up,0.27999999999999997,15.125000000000002,,,1524.1737053355555,8,2,0.0,0.0,jupiter,True,10.0,0.0,False,,0,1.0,True,
33624fde-8386-4571-9acb-775e72fa5721,H9JSeWFhdkc3sq3z8tLEv67xDAUeJxpP6L2NvopGpump,H9JSeWFh,completed,2025-11-28T23:59:46.024772,2025-11-29T00:04:31.171786,4.752450233333334,0.0009508,0.0008492,0.00115,0.0009508,48.83108399943907,57502.45407376245,2.970945239272435,-5.842249333894263,-10.685738325620528,False,stop_loss,0,0,0,0,0,49500.9,0,0,0,False,False,False,False,0.3165833333333333,0.2,0.2,1.0,0.3,0.9,0.5,0,0,sideways,0.2683333333333333,0.0,,,1643.6211396275176,9,3,0.0,0.0,jupiter,True,10.0,26.15652173913043,False,,0,1.0,True,
e852b2f8-bb9e-4313-9117-20bccf4a7849,7bXSgK1oXUGiFjdytEnBV4KXgB5bQ94SVUC57SyKXps3,7bXSgK1o,completed,2025-11-28T23:58:27.684768,2025-11-29T00:09:11.714137,10.733822816666667,7.523e-06,8.572e-06,8.572e-06,7.523e-06,56.21232664274005,6557667.59714653,3.023345935072828,6.878993309406713,13.943905356905494,True,low_liquidity,0,0,0,0,0,0.0,0,0,0,False,False,False,False,0.3833333333333333,0.5,0.2,0.2,0.3,0.9,0.5,0,0,sideways,0.23333333333333334,0.0,,,1859.2753806516018,8,4,0.0,0.0,jupiter,True,10.0,0.0,False,,0,1.0,True,
2a9b7ed0-3657-462c-b83d-e0f112ec7146,FNTS6xLcjb4uGimgiHq1nYrdbz6eUiWYdZMGiycaoJ6V,FNTS6xLc,completed,2025-11-29T00:03:16.252695,2025-11-29T00:09:45.072129,6.4803239,0.3095,0.3976,1.034,0.3095,43.35445815831987,109.04038772213246,2.3900958247539346,9.606458158319871,28.46526655896608,True,trailing_stop,0,0,0,0,0,33108.79,0,0,0,False,False,False,False,0.351,0.3,0.2,1.0,0.3,0.9,0.5,0,0,up,0.27999999999999997,15.125000000000002,,,1813.9213377682588,7,5,0.0,0.0,jupiter,True,10.0,61.547388781431344,False,"200,100",2,1.0,True,
cb027f1c-e749-48f7-885d-01304381c21f,CdqyJZs4uoKsR121b3hmkxyW5CcAafgyyuB3jtCpy7Co,CdqyJZs4,completed,2025-11-29T00:01:30.783272,2025-11-29T00:11:42.296464,10.191886533333333,0.1707,0.7971,0.9092,0.1707,96.97816520210895,121.6637375512595,5.4854206571679605,76.21016520210895,366.9595782073814,True,trailing_stop,0,0,0,0,0,46887.69,0,0,0,False,False,False,False,0.351,0.3,0.2,1.0,0.3,0.9,0.5,0,0,up,0.27999999999999997,15.125000000000002,,,1767.9257665569319,7,6,0.0,0.0,jupiter,True,10.0,12.329520457545092,False,"200,100,400,300",4,1.0,True,
8a89cb32-8dc8-458a-a4f4-e623df35c85d,Fnb167FUypr1xd3826DqyXvmQswgFiHjYp8eyHejmSjM,Fnb167FU,completed,2025-11-28T23:47:24.678503,2025-11-29T00:15:38.299190,28.227011450000003,0.2042,1.29,1.29,0.2042,98.39882468168464,76.27815866797259,5.43136347692326,82.82282468168465,531.7335945151813,True,low_liquidity,0,0,0,0,0,32413.03,0,0,0,False,False,False,False,0.351,0.3,0.2,1.0,0.3,0.9,0.5,0,0,up,0.27999999999999997,15.125000000000002,,,1811.6781375387764,6,7,0.0,0.0,jupiter,True,10.0,0.0,False,"400,100,500,200,300",5,1.0,True,
05dc444a-fc21-48a8-93ec-75053d4f9d53,AfBQpJpLqcJA3R1LAK2TKVSfHfViD5yJZanPeJtLUa3y,AfBQpJpL,completed,2025-11-28T23:58:46.808729,2025-11-29T00:20:14.480941,21.461203533333332,6.345e-05,4.1e-05,0.0001513,6.345e-05,30.545700026267404,745017.0738114001,1.5940166279612675,-16.72563330706593,-35.38219070133963,False,low_liquidity,0,0,0,0,0,0.0,0,0,0,False,False,False,False,0.30483333333333335,0.2,0.2,0.8,0.3,0.9,0.5,0,0,up,0.30333333333333334,17.375000000000004,,,1916.2723581707596,7,8,0.0,0.0,jupiter,True,10.0,72.90152015862526,False,100,1,1.0,True,
092e5938-71ec-4151-a988-29a8d8d48178,9azLZWuUYe4JNmkXHUxZMiZW6eESgZBvtUHD3Kp5miR7,9azLZWuU,completed,2025-11-29T00:21:04.673957,2025-11-29T00:21:39.320919,0.5774493666666667,0.0001884,0.0001896,0.0001896,0.0001884,55.021571125265396,290198.1599433829,2.8192701274028864,0.34823779193206006,0.6369426751592367,True,low_liquidity,0,0,0,0,0,28.44,0,0,0,False,False,False,False,0.3165833333333333,0.2,0.2,1.0,0.3,0.9,0.5,0,0,sideways,0.2683333333333333,0.0,,,1951.6246630808414,7,9,0.0,0.0,jupiter,True,10.0,0.0,False,,0,1.0,True,
b4eabf21-1fd7-4a70-bd93-b9a7f179f002,7utFVpAGqH1J8MRJbMhdCsarSY3DWxaLkZJev9ueSCB6,7utFVpAG,completed,2025-11-28T23:59:42.864020,2025-11-29T00:24:03.291175,24.340452583333335,0.0001407,7.14e-05,0.0002382,0.0001407,27.815721393034828,389575.92987443734,1.3822978620698563,-26.99761194029851,-49.25373134328358,False,low_liquidity,0,0,0,0,0,25.03,0,0,0,False,False,False,False,0.3148333333333333,0.2,0.2,1.0,0.3,0.9,0.5,0,0,up,0.30333333333333334,17.375000000000004,,,2012.281300311316,8,10,0.0,0.0,jupiter,True,10.0,70.02518891687657,False,,0,1.0,True,
56410230-0375-43fe-9f32-4ebbd0ea065c,7JAq4VXM1PV3C2ZeKtgJviCK2CN1wzrqCxbYK8YDGVDk,7JAq4VXM,completed,2025-11-29T00:27:21.665550,2025-11-29T00:28:01.419462,0.6625652,0.02584,0.01054,0.02584,0.02584,18.893684210526317,1792.5696594427245,0.8839535107667859,-27.42631578947368,-59.210526315789465,False,stop_loss,0,0,0,0,0,12068.26,0,0,0,False,False,False,False,0.421,0.5,0.2,1.0,0.3,0.9,0.5,0,0,sideways,0.27999999999999997,0.0,,,2137.4069993949097,9,11,0.0,0.0,jupiter,True,10.0,59.210526315789465,False,,0,1.0,True,
66d9e280-82cf-4bff-bb84-73d5812e713c,87B41y5GQzma5YXmwka1wnSHxTSuWAwpqG83cMYaxSwM,87B41y5G,completed,2025-11-29T00:10:42.961875,2025-11-29T00:30:42.766488,19.99674355,5.443e-05,9.783e-05,0.0001459,5.443e-05,86.18553995958113,880972.5029089352,4.042336412416056,38.23420662624779,79.73544001469779,True,trailing_stop,0,0,0,0,0,139784.55,0,0,0,False,False,False,False,0.29483333333333334,0.2,0.2,0.6,0.3,0.9,0.5,0,0,up,0.30333333333333334,17.375000000000004,,,2132.072424622103,9,12,0.0,0.0,jupiter,True,10.0,32.947224126113774,False,100,1,1.0,True,
187f174b-3f6a-48f5-acec-e697b110bc37,24cYGnovAZbaFagfhWpowrgAAQjUmhYh3MUZiUwewdwY,24cYGnov,completed,2025-11-29T00:23:06.335202,2025-11-29T00:34:13.792336,11.124285566666666,1.049e-05,1.211e-05,1.211e-05,1.049e-05,63.416841436288536,5236733.396885924,2.8466308870513237,8.483508102955195,15.443279313632027,True,low_liquidity,0,0,0,0,0,0.0,0,0,0,False,False,False,False,0.31333333333333335,0.3,0.2,0.2,0.3,0.9,0.5,0,0,sideways,0.23333333333333334,0.0,,,2227.7858968213027,8,13,0.0,0.0,jupiter,True,10.0,0.0,False,,0,1.0,True,
31cf0221-7626-4351-a923-f9e4d3c9b571,CgXewsSyLEN433C9A4WF2YjSKWFZ5c2HztGgRETsNPwa,CgXewsSy,completed,2025-11-29T00:29:38.948155,2025-11-29T00:34:35.005300,4.93428575,0.2101,0.3159,0.3159,0.2101,78.06534031413612,247.12041884816753,3.5273607678708916,26.145340314136128,50.35697287006188,True,low_liquidity,0,0,0,0,0,7726.12,0,0,0,False,False,False,False,0.351,0.3,0.2,1.0,0.3,0.9,0.5,0,0,up,0.27999999999999997,15.125000000000002,,,2213.137397943455,7,14,0.0,0.0,jupiter,True,10.0,0.0,False,,0,1.0,True,
cdb06283-587e-4957-9a30-708a347c3515,BuQwu4GYqZeh2n38Z8xGm7BRWBUow3rnSpvpHtgRJxX2,BuQwu4GY,completed,2025-11-29T00:38:17.200771,2025-11-29T00:38:49.913164,0.54520655,0.2056,0.04839,0.2056,0.2056,12.219887159533075,252.52918287937743,0.5273154150971852,-39.70011284046693,-76.46400778210118,False,stop_loss,0,0,0,0,0,11543.27,0,0,0,False,False,False,False,0.351,0.3,0.2,1.0,0.3,0.9,0.5,0,0,up,0.27999999999999997,15.125000000000002,,,2317.377192032387,7,15,0.0,0.0,jupiter,True,10.0,76.46400778210118,False,,0,1.0,True,
aa4daeb8-ba7f-45a5-93ce-ad085f5145a1,Hmd36jnPhCVE2uPb6SpLWo93s3GXCKoSvsJJsq7VwW4M,Hmd36jnP,completed,2025-11-29T00:39:35.782091,2025-11-29T00:40:42.068964,1.1047812166666666,1.33e-05,1.344e-05,1.344e-05,1.33e-05,55.41726315789474,4123308.270676692,2.3821342398608896,0.5772631578947384,1.0526315789473712,True,low_liquidity,0,0,0,0,0,0.0,0,0,0,False,False,False,False,0.3145,0.3,0.2,0.2,0.3,0.9,0.5,0,0,sideways,0.21000000000000002,0.0,,,2326.3702872232325,10,16,0.0,0.0,jupiter,True,10.0,0.0,False,,0,1.0,True,
e42475a0-fefe-49b8-941d-a281033f2c91,9NK4RVtqU8iNwmDerinWNq6QrWNDe5mEFsShS3bfZx9T,9NK4RVtq,completed,2025-11-29T00:27:03.099754,2025-11-29T00:42:52.825196,15.828757366666668,0.0001747,0.0002169,0.0002492,0.0001747,67.88005724098456,312955.5428353368,2.8391002099216025,13.206723907651213,24.15569547796222,True,trailing_stop,0,0,0,0,0,77336.75,0,0,0,False,False,False,False,0.3165833333333333,0.2,0.2,1.0,0.3,0.9,0.5,0,0,sideways,0.2683333333333333,0.0,,,2390.9003635647987,11,17,0.0,0.0,jupiter,True,10.0,12.96147672552167,False,,0,1.0,True,
d4364aa9-dfd8-4993-9309-d5e43c90995e,ApsiG6G5fATK4zEHgFX3t1TuUhjUxZkyT6nawezJiLT8,ApsiG6G5,completed,2025-11-29T00:40:14.088041,2025-11-29T00:44:42.725124,4.477284716666667,1.28e-05,1.37e-05,1.37e-05,1.28e-05,58.795833333333334,4291666.666666667,2.4523021443861817,3.8625,7.031249999999998,True,low_liquidity,0,0,0,0,0,0.0,0,0,0,False,False,False,False,0.31333333333333335,0.3,0.2,0.2,0.3,0.9,0.5,0,0,sideways,0.23333333333333334,0.0,,,2397.577046854889,11,18,0.0,0.0,jupiter,True,10.0,0.0,False,,0,1.0,True,
1e97be67-a2c4-44c6-a771-a1424e8bf86b,J5S3c8jryPZ8RVCTuy2BjGQiC6a5ir4g3MV16eoEUtjh,J5S3c8jr,completed,2025-11-29T00:41:50.174581,2025-11-29T00:44:42.813127,2.8773090999999997,0.1736,0.0784,0.2408,0.1736,23.447741935483872,299.0783410138249,0.9637675063164258,-28.472258064516133,-54.83870967741936,False,stop_loss,0,0,0,0,0,14689.82,0,0,0,False,False,False,False,0.351,0.3,0.2,1.0,0.3,0.9,0.5,0,0,up,0.27999999999999997,15.125000000000002,,,2432.925138252738,10,19,0.0,0.0,jupiter,True,10.0,67.44186046511628,False,,0,1.0,True,
6a87d19d-4aed-4fb0-88af-833a0291e0ec,83Rwc8zxk8qX7riNT4sFjSR95TmHpbTb2ZM8C6Nfi3mV,83Rwc8zx,completed,2025-11-29T00:22:56.365849,2025-11-29T00:45:17.238125,22.34787126666667,0.2993,2.079,2.079,0.2993,108.19413297694622,52.041430003341134,4.572888922480206,92.61813297694621,594.6207818242566,True,low_liquidity,0,0,0,0,0,0.0,0,0,0,False,False,False,False,0.351,0.3,0.2,1.0,0.3,0.9,0.5,0,0,up,0.27999999999999997,15.125000000000002,,,2365.9908388560807,9,20,0.0,0.0,jupiter,True,10.0,0.0,False,"400,100,500,200,300",5,1.0,True,
938e2506-ff1b-4456-a09f-5867c41a0cb3,Dr8nYByhzCmjrySgrMA7nWYCW9CuLMAjpK7Hu65QCaXe,Dr8nYByh,completed,2025-11-29T00:43:58.183030,2025-11-29T00:49:13.102096,5.2486511,0.01787,0.01787,0.01787,0.01787,23.220902233557684,1299.434931928242,0.9284034761455565,0.0,0.0,False,low_liquidity,0,0,0,0,0,43766.11,0,0,0,False,False,False,False,0.491,0.7,0.2,1.0,0.3,0.9,0.5,0,0,sideways,0.27999999999999997,0.0,,,2501.1649385419873,10,21,0.0,0.0,jupiter,True,10.0,0.0,False,,0,1.0,True,
25f829f0-5fe4-4d68-a829-1088ed342cf1,GmcDq1JKiV8tKNSngTHDqKfM6193f5JfABrtEmFqFsJq,GmcDq1JK,completed,2025-11-29T00:39:49.023498,2025-11-29T00:49:13.163674,9.402336266666667,0.5412,0.5087,1.075,0.5412,48.802113821138214,95.9349593495935,1.9713376400796245,-3.117886178861786,-6.005173688100513,False,trailing_stop,0,0,0,0,0,37393.85,0,0,0,False,False,False,False,0.351,0.3,0.2,1.0,0.3,0.9,0.5,0,0,up,0.27999999999999997,15.125000000000002,,,2475.5837269544068,9,22,0.0,0.0,jupiter,True,10.0,52.67906976744185,False,,0,1.0,True,
6f612d06-6c2a-4121-8dee-de3eab5f5aa8,CfgvVYxg6MBQTzR8m8rL834Kd3sDgEFFK2kCuMnxs5ge,CfgvVYxg,completed,2025-11-29T00:40:17.476544,2025-11-29T00:50:42.572249,10.41826175,1.081e-05,1.206e-05,1.211e-05,1.081e-05,60.39296947271047,5007708.911501697,2.404129916803758,6.259636139377121,11.563367252543939,True,low_liquidity,0,0,0,0,0,0.0,0,0,0,False,False,False,False,0.3233333333333333,0.3,0.2,0.4,0.3,0.9,0.5,0,0,sideways,0.23333333333333334,0.0,,,2512.0509940245533,11,23,0.0,0.0,jupiter,True,10.0,0.4128819157720853,False,,0,1.0,True,
0c1e3f54-1b4d-4ee8-a1cc-fb08285f33c3,9MC4cWgyKRpkZr3rXa8YzeFEKpcHQtQWBp6gZgiUKvaa,9MC4cWgy,completed,2025-11-29T00:50:19.611081,2025-11-29T00:50:54.475934,0.5810808833333333,0.0813,0.02275,0.0813,0.0813,12.961623616236162,569.7416974169741,0.5126942899322453,-33.35837638376383,-72.01722017220172,False,stop_loss,0,0,0,0,0,5475.82,0,0,0,False,False,False,False,0.421,0.5,0.2,1.0,0.3,0.9,0.5,0,0,sideways,0.27999999999999997,0.0,,,2528.138867696204,10,24,0.0,0.0,jupiter,True,10.0,72.01722017220172,False,,0,1.0,True,
eb7393d3-2ebd-4663-a545-b6c7bc4fabbc,BRfxyrdrGMh17b38Bo42ma374ntYJfwtot9yUULKmYYr,BRfxyrdr,completed,2025-11-29T00:49:54.498009,2025-11-29T00:52:59.355602,3.0809598833333336,1.372e-05,1.386e-05,1.563e-05,1.372e-05,54.591428571428565,3938775.5102040814,2.153558108260901,0.5514285714285662,1.0204081632652964,True,trailing_stop,0,0,0,0,0,25504.25,0,0,0,False,False,False,False,0.3245,0.3,0.2,0.4,0.3,0.9,0.5,0,0,sideways,0.21000000000000002,0.0,,,2534.941052299429,10,25,0.0,0.0,jupiter,True,10.0,11.324376199616133,False,,0,1.0,True,
36728511-2a27-4bf1-a4ac-50348f3c9aee,Df1zSb8N9V3mGcfkNURTCXZyBFmvnEXhbaYJpbed17c8,Df1zSb8N,completed,2025-11-29T00:41:43.711580,2025-11-29T00:53:33.230378,11.8253133,1.026e-05,1.177e-05,1.228e-05,1.026e-05,56.48682261208577,4799220.272904483,2.2146857273718386,7.246822612085773,14.717348927875252,True,low_liquidity,0,0,0,0,0,0.0,0,0,0,False,False,False,False,0.3845,0.5,0.2,0.2,0.3,0.9,0.5,0,0,sideways,0.21000000000000002,0.0,,,2550.557034524195,9,26,0.0,0.0,jupiter,True,10.0,4.153094462540705,False,,0,1.0,True,
41151b6e-81bd-4cc8-808f-78a4b10a0baa,BEp5r43i43igGb4tvswJza4VjUzekxmGiyyxyaCXt6kL,BEp5r43i,completed,2025-11-29T00:50:07.004318,2025-11-29T00:55:14.558783,5.12590775,0.03003,0.03003,0.03003,0.03003,51.92,1728.937728937729,2.009213492414369,0.0,0.0,False,low_liquidity,0,0,0,0,0,98276.63,0,0,0,False,False,False,False,0.351,0.3,0.2,1.0,0.3,0.9,0.5,0,0,up,0.27999999999999997,15.125000000000002,,,2584.095726811509,10,27,0.0,0.0,jupiter,True,10.0,0.0,False,,0,1.0,True,
ce38b175-b006-4983-991d-15b1cd5a0651,8Pwif3TxjCUCnWjSqELDLDoACbQYjXpfCauZ9tGgSNXr,8Pwif3Tx,completed,2025-11-29T00:16:38.325080,2025-11-29T00:57:12.593920,40.571147333333336,0.2358,2.098,2.1,0.2358,46.195148430873566,22.018659881255275,1.7731562427062852,41.003148430873566,789.7370653095843,True,low_liquidity,0,0,0,0,0,52574.88,0,0,0,False,False,False,False,0.351,0.3,0.2,1.0,0.3,0.9,0.5,0,0,up,0.27999999999999997,15.125000000000002,,,2605.2497415776556,11,28,0.0,0.0,jupiter,True,10.0,0.09523809523810589,False,"400,700,100,500,200,600,300",7,1.0,True,
2b98f976-f4b3-4643-8c78-22cde815e125,7q17crqegdbesr8rKyjKs7UJTfqFUZZ2DdKMhn2xpump,7q17crqe,completed,2025-11-29T00:54:06.382561,2025-11-29T00:57:12.678699,3.1049356333333336,0.0009406,0.0008708,0.001126,0.0009406,50.616137217378984,58126.018853214264,1.9461541696299263,-4.057196115954353,-7.42079523708271,False,stop_loss,0,0,0,0,0,49970.52,0,0,0,False,False,False,False,0.3165833333333333,0.2,0.2,1.0,0.3,0.9,0.5,0,0,sideways,0.2683333333333333,0.0,,,2600.8287527911502,10,29,0.0,0.0,jupiter,True,10.0,22.66429840142096,False,,0,1.0,True,
97dcb28c-27bb-453c-be60-70bb56082a7f,5XtPdh5m4QCWtcqqiK7BCF9Fstr9fRBwDkFc3Kg1NaE5,5XtPdh5m,completed,2025-11-29T00:52:15.527169,2025-11-29T01:03:13.669446,10.96903795,7.53e-06,8.5e-06,8.5e-06,7.53e-06,55.688357680389565,6551571.491810537,2.008510910225867,6.355024347056221,12.881806108897742,True,low_liquidity,0,0,0,0,0,0.0,0,0,0,False,False,False,False,0.3833333333333333,0.5,0.2,0.2,0.3,0.9,0.5,0,0,sideways,0.23333333333333334,0.0,,,2772.6191277759667,11,30,0.0,0.0,jupiter,True,10.0,0.0,False,,0,1.0,True,
d2ab7c91-7990-4c35-b28f-05152dfb9fcc,fAMdtwEqt8RMXAMqJSSQ4rWg5sbs1u37JPZ4ZoFRwBK,fAMdtwEq,completed,2025-11-29T00:53:51.407314,2025-11-29T01:05:39.087467,11.794669216666668,1.137e-05,1.371e-05,1.386e-05,1.137e-05,66.01379067722074,4815010.260920551,2.338999347490371,11.267124010554086,20.58047493403694,True,low_liquidity,0,0,0,0,0,0.0,0,0,0,False,False,False,False,0.31566666666666665,0.3,0.2,0.2,0.3,0.9,0.5,0,0,sideways,0.18666666666666665,0.0,,,2822.3090676810248,11,31,0.0,0.0,jupiter,True,10.0,1.082251082251084,False,,0,1.0,True,
725c375a-1be4-42d1-9409-97745970f2e3,HcCZzruxZbGfNv8udAyCr1CuWwFBDza1JLbA7x1VLxmt,HcCZzrux,completed,2025-11-29T00:56:12.790585,2025-11-29T01:07:31.003881,11.303554933333334,0.381,0.7543,1.82,0.381,51.39534908136483,68.13648293963254,1.851765533365632,25.435349081364826,97.9790026246719,True,trailing_stop,0,0,0,0,0,45548.5,0,0,0,False,False,False,False,0.351,0.3,0.2,1.0,0.3,0.9,0.5,0,0,up,0.27999999999999997,15.125000000000002,,,2775.4782209361274,11,32,0.0,0.0,jupiter,True,10.0,58.554945054945065,False,"200,100,300",3,1.0,True,
015d453c-7b56-48f7-a2ab-aa2b577f1f0f,P3Vbs4ZGYNzR21aANhuk4NRDqH3Np1v7QjdPB5CQxNP,P3Vbs4ZG,completed,2025-11-29T00:46:18.497897,2025-11-29T01:11:37.260962,25.31271775,0.4113,1.59,1.59,0.4113,130.46272793581332,82.05203014831025,4.764919886880581,96.7147279358133,286.5791393143691,True,low_liquidity,0,0,0,0,0,39785.43,0,0,0,False,False,False,False,0.351,0.3,0.2,1.0,0.3,0.9,0.5,0,0,up,0.27999999999999997,15.125000000000002,,,2737.9836604393045,11,33,0.0,0.0,jupiter,True,10.0,0.0,False,"200,100",2,1.0,True,
b3b01bd1-cc4b-4fe5-8ad8-e3a304f61a52,CwHt2gqdwkjEQvn7JZj9WkFy6K4oud9Mx8yfLDfB93fF,CwHt2gqd,completed,2025-11-29T00:19:33.475912,2025-11-29T01:13:44.276568,54.18001093333333,0.0002453,0.001722,0.001722,0.0002453,82.61107215654303,47973.909498573186,2.9340661405678854,70.84307215654303,601.9975540154912,True,low_liquidity,0,0,0,0,0,1704184.22,0,0,0,False,False,False,False,0.2645,0.1,0.2,0.6,0.3,0.9,0.5,0,0,sideways,0.21000000000000002,0.0,,,2815.5831599813137,11,34,0.0,0.0,jupiter,True,10.0,0.0,False,"400,100,500,200,600,300",6,1.0,True,
928e9e09-00cf-4711-bc96-b99f118838cb,Cy2BzbBptiMRsfZj1mtokSsJoiKj2HGdiPzVphsLtWGj,Cy2BzbBp,completed,2025-11-29T00:58:45.125862,2025-11-29T01:15:43.525781,16.97333198333333,0.1583,0.1984,0.1984,0.1583,65.07219204042956,327.98483891345546,2.275929074974385,13.152192040429563,25.33164876816172,True,low_liquidity,0,0,0,0,0,12132.32,0,0,0,False,False,False,False,0.351,0.3,0.2,1.0,0.3,0.9,0.5,0,0,up,0.27999999999999997,15.125000000000002,,,2859.1485014163686,11,35,0.0,0.0,jupiter,True,10.0,0.0,False,,0,1.0,True,
726657ed-7972-4ba5-8177-195b197b2a48,21Anp4BnntTGtfEvmLe1MLeTbMiMPW3ie2Luagq9Nu4B,21Anp4Bn,completed,2025-11-29T01:04:39.333862,2025-11-29T01:15:43.578014,11.070735866666666,8.95e-06,1.028e-05,1.051e-05,8.95e-06,56.664432029795165,5512104.283054004,1.97605301740782,7.331098696461821,14.860335195530716,True,low_liquidity,0,0,0,0,0,0.0,0,0,0,False,False,False,False,0.3833333333333333,0.5,0.2,0.2,0.3,0.9,0.5,0,0,sideways,0.23333333333333334,0.0,,,2867.556261427003,10,36,0.0,0.0,jupiter,True,10.0,2.1883920076117938,False,,0,1.0,True,
caf26fc2-9cdc-49a4-9342-1c3b39bae326,6Ud4fCifMoAaJ7oDoXvf8j23sbLUBxEkj25uVwdyCKZX,6Ud4fCif,completed,2025-11-29T00:56:00.463816,2025-11-29T01:15:43.617511,19.71922825,0.0001337,0.0001579,0.0001758,0.0001337,71.49000249314386,452754.9239591125,2.506020029145986,10.956669159810518,18.10022438294689,True,trailing_stop,0,0,0,0,0,288413.58,0,0,0,False,False,False,False,0.24333333333333332,0.1,0.2,0.2,0.3,0.9,0.5,0,0,sideways,0.23333333333333334,0.0,,,2852.7306909636545,9,37,0.0,0.0,jupiter,True,10.0,10.182025028441412,False,,0,1.0,True,
d51c41b4-1a76-40e8-8c42-d4e79b778ed5,G477B8KpqF6h7AiVU12HtpdF9vwqwXH3PQqtsq8cwPBJ,G477B8Kp,completed,2025-11-29T01:12:30.810491,2025-11-29T01:16:16.459599,3.760818466666667,0.1037,0.03472,0.1037,0.1037,15.508489874638379,446.67309546769525,0.5360163474598313,-30.811510125361618,-66.51880424300867,False,low_liquidity,0,0,0,0,0,888.37,0,0,0,False,False,False,False,0.421,0.5,0.2,1.0,0.3,0.9,0.5,0,0,sideways,0.27999999999999997,0.0,,,2893.2867342820314,8,38,0.0,0.0,jupiter,True,10.0,66.51880424300867,False,,0,1.0,True,
fab2509f-2094-49cf-9fe0-096a94b3e7e2,7DQBz2REpJAo1CaJ8JVuTpgqatb9hqzx1FE6aA1zFEvM,7DQBz2RE,completed,2025-11-29T01:08:30.086572,2025-11-29T01:17:59.891520,9.496749133333333,5.048e-05,2.914e-05,7.242e-05,5.048e-05,32.56506603275225,1117538.2989963023,1.1421082794251147,-23.84826730058109,-42.27416798732171,False,low_liquidity,0,0,0,0,0,0.0,0,0,0,False,False,False,False,0.29483333333333334,0.2,0.2,0.6,0.3,0.9,0.5,0,0,up,0.30333333333333334,17.375000000000004,,,2851.311615492711,9,39,0.0,0.0,jupiter,True,10.0,59.76249654791494,False,,0,1.0,True,
fd0b7152-5a75-450d-b5ed-d7fb18f92ac0,FEKTPNJU5sGezczpCJBP36GH3NhdXbvP7kEKiGzkvjz7,FEKTPNJU,completed,2025-11-29T01:06:13.840333,2025-11-29T01:19:50.301979,13.6076941,1.312e-05,1.535e-05,1.588e-05,1.312e-05,64.1611280487805,4179878.0487804883,2.25470109907487,9.321128048780492,16.9969512195122,True,low_liquidity,0,0,0,0,0,0.0,0,0,0,False,False,False,False,0.3145,0.3,0.2,0.2,0.3,0.9,0.5,0,0,sideways,0.21000000000000002,0.0,,,2845.6600333900824,10,40,0.0,0.0,jupiter,True,10.0,3.3375314861460956,False,,0,1.0,True,
9d3426fd-48d2-4ff8-99aa-7ad0c0e4c16c,Frpi1wkKvHBTMAEmAHV9tVwxdyCznRRjEho19jvKjNMX,Frpi1wkK,completed,2025-11-29T00:46:00.359481,2025-11-29T01:21:46.153680,35.763236649999996,5.474e-05,3.844e-05,0.0001439,5.474e-05,33.672803312629405,875983.4368530022,1.1548987179014762,-14.278530020703938,-29.777128242601393,False,low_liquidity,0,0,0,0,0,0.0,0,0,0,False,False,False,False,0.29483333333333334,0.2,0.2,0.6,0.3,0.9,0.5,0,0,up,0.30333333333333334,17.375000000000004,,,2915.6498999163327,9,41,0.0,0.0,jupiter,True,10.0,73.28700486448923,False,100,1,1.0,True,
7d92c85b-5c47-4b24-93b0-fd38c75c13f4,AdBVmj4v2cmfZMzEsAEdpwF9uDJz8hLoBpj5x3bArtUb,AdBVmj4v,completed,2025-11-29T01:14:56.113835,2025-11-29T01:24:00.198311,9.0680746,3.286e-05,1.685e-05,5.003e-05,3.286e-05,28.927713532156627,1716778.2511665653,0.9615667537213183,-27.485619801176714,-48.72185027388923,False,low_liquidity,0,0,0,0,0,0.0,0,0,0,False,False,False,False,0.29483333333333334,0.2,0.2,0.6,0.3,0.9,0.5,0,0,up,0.30333333333333334,17.375000000000004,,,3008.3936887589675,11,42,0.0,0.0,jupiter,True,10.0,66.32020787527483,False,,0,1.0,True,
ac0f7c12-316e-4182-95c5-824cda806ba7,8yQxxzk4oV6eugMzD48SDrGgSZ7kmUkA6AraCtDJzP4y,8yQxxzk4,completed,2025-11-29T01:19:20.701315,2025-11-29T01:26:00.076790,6.656257916666666,0.3521,0.7243,1.23,0.3521,69.42254018744676,95.84777051973872,2.2676711304906534,35.67454018744675,105.70860550979835,True,trailing_stop,0,0,0,0,0,44659.44,0,0,0,False,False,False,False,0.351,0.3,0.2,1.0,0.3,0.9,0.5,0,0,up,0.27999999999999997,15.125000000000002,,,3061.4024782520332,11,43,0.0,0.0,jupiter,True,10.0,41.11382113821138,False,"200,100",2,1.0,True,
8d4d5c08-0c10-466e-aa8f-b460434e971c,7zpHHtG415tsP6iaxV26HEMY8DbRREd3XoxqWmwC5QKt,7zpHHtG4,completed,2025-11-29T01:00:01.985517,2025-11-29T01:26:44.923281,26.7156294,1.247e-05,1.349e-05,1.506e-05,1.247e-05,59.3257097032879,4397754.61106656,1.9186352862221434,4.485709703287894,8.179631114675225,True,low_liquidity,0,0,0,0,0,0.0,0,0,0,False,False,False,False,0.3145,0.3,0.2,0.2,0.3,0.9,0.5,0,0,sideways,0.21000000000000002,0.0,,,3092.0785273423276,10,44,0.0,0.0,jupiter,True,10.0,10.424966799468793,False,,0,1.0,True,
34b4a2b5-0f1d-4fe4-9259-d1a358874d42,5gW7HpRLNx9QbLzycfP2RvfTTgthHmF94q8QaWNf9BGw,5gW7HpRL,completed,2025-11-29T01:16:41.594944,2025-11-29T01:28:11.074820,11.491331266666666,1.024e-05,1.213e-05,1.237e-05,1.024e-05,58.328242187499995,4808593.749999999,1.8884253054923927,9.0882421875,18.457031250000007,True,low_liquidity,0,0,0,0,0,0.0,0,0,0,False,False,False,False,0.3845,0.5,0.2,0.2,0.3,0.9,0.5,0,0,sideways,0.21000000000000002,0.0,,,3088.723817556096,10,45,0.0,0.0,jupiter,True,10.0,1.9401778496362116,False,,0,1.0,True,
e8291373-3bfe-4290-a91e-69524298536d,GdefC3geThjdBmWyp3TSonaX9cpzJ1YfWpxAuYRwHHDR,GdefC3ge,completed,2025-11-29T01:23:03.875439,2025-11-29T01:28:11.138573,5.121052233333333,0.2641,0.4847,0.6717,0.2641,80.99500340780008,167.10336993563044,2.641666541737359,36.86300340780008,83.5289663006437,True,trailing_stop,0,0,0,0,0,36507.1,0,0,0,False,False,False,False,0.351,0.3,0.2,1.0,0.3,0.9,0.5,0,0,up,0.27999999999999997,15.125000000000002,,,3066.057056335796,9,46,0.0,0.0,jupiter,True,10.0,27.83980943873752,False,100,1,1.0,True,
693913c0-3751-4be2-9f16-35f5a08cd8f6,DUckHSQ1UXq5yxSo93qZxRJoZaxfNWjH2C2jYPDs8B5U,DUckHSQ1,completed,2025-11-29T01:23:49.623961,2025-11-29T01:28:11.169616,4.35909425,0.2208,0.2371,0.4521,0.2208,47.389932971014495,199.87318840579712,1.5288741492724456,3.257932971014495,7.382246376811598,True,trailing_stop,0,0,0,0,0,25535.99,0,0,0,False,False,False,False,0.351,0.3,0.2,1.0,0.3,0.9,0.5,0,0,up,0.27999999999999997,15.125000000000002,,,3099.6621267725814,8,47,0.0,0.0,jupiter,True,10.0,47.5558504755585,False,100,1,1.0,True,
eed18bd8-14c2-46d5-830e-452e04752a55,BiScEjvsn96pnfY7UpnsTQkfmK7wAG2LZH85ZMXgwrA2,BiScEjvs,completed,2025-11-29T01:25:38.298874,2025-11-29T01:31:00.568162,5.3711548,0.454,0.3185,0.9927,0.454,30.96044493392071,97.20704845814979,0.9985993510651868,-13.171555066079296,-29.845814977973568,False,stop_loss,0,0,0,0,0,29613.7,0,0,0,False,False,False,False,0.351,0.3,0.2,1.0,0.3,0.9,0.5,0,0,up,0.27999999999999997,15.125000000000002,,,3100.3870472072504,8,48,0.0,0.0,jupiter,True,10.0,67.91578523219502,False,100,1,1.0,True,
5abaf91b-ef99-43ad-978f-0da6908a74a2,7ddjc2wbzMzNyyWx5AFjgym69yVNaWBE9iLUTcRFE5rm,7ddjc2wb,completed,2025-11-29T01:22:42.616749,2025-11-29T01:34:33.399019,11.846371166666668,1.036e-05,1.211e-05,1.232e-05,1.036e-05,57.55756756756755,4752895.752895752,1.8279457283609184,8.31756756756756,16.891891891891873,True,low_liquidity,0,0,0,0,0,0.0,0,0,0,False,False,False,False,0.3845,0.5,0.2,0.2,0.3,0.9,0.5,0,0,sideways,0.21000000000000002,0.0,,,3148.756917371844,10,49,0.0,0.0,jupiter,True,10.0,1.7045454545454655,False,,0,1.0,True,
4f902885-7592-425e-a19f-dd52e2ace924,EUWxrwhusaQ1e7EeFLWPqkcxe2sYyP3Uq1wXae3r5jwx,EUWxrwhu,completed,2025-11-29T01:33:41.966868,2025-11-29T01:34:33.447275,0.8580067833333334,0.3892,0.3892,0.3892,0.3892,51.92,133.40184994861255,1.6459577344523941,0.0,0.0,False,low_liquidity,0,0,0,0,0,1576.14,0,0,0,False,False,False,False,0.351,0.3,0.2,1.0,0.3,0.9,0.5,0,0,up,0.27999999999999997,15.125000000000002,,,3154.3944849394115,9,50,0.0,0.0,jupiter,True,10.0,0.0,False,,0,1.0,True,
52620c37-e467-45fb-a6fa-0f1e14c45707,2NbLFQV4HkdmQVPB2uC5w9RWCQAitcBYQoQpxybiw4iM,2NbLFQV4,completed,2025-11-29T01:31:39.089263,2025-11-29T01:36:24.149400,4.751002283333333,0.3829,1.016,1.016,0.3829,117.10136328022982,115.25724732306084,3.7500826809680587,72.96936328022981,165.34343170540612,True,low_liquidity,0,0,0,0,0,71.42,0,0,0,False,False,False,False,0.351,0.3,0.2,1.0,0.3,0.9,0.5,0,0,up,0.27999999999999997,15.125000000000002,,,3122.634172161796,9,51,0.0,0.0,jupiter,True,10.0,0.0,False,100,1,1.0,True,
269014a7-01ac-4164-a655-2e55afe58028,4KxsVWkbpLra4EzDb96KCNo7ZSnLKTRNJMe7KrFKH5mL,4KxsVWkb,completed,2025-11-29T01:35:20.985901,2025-11-29T01:36:24.193270,1.05345615,1.15e-05,1.194e-05,1.194e-05,1.15e-05,56.84132173913042,4760579.710144927,1.7858376032234737,2.094655072463764,3.826086956521732,True,low_liquidity,0,0,0,0,0,0.0,0,0,0,False,False,False,False,0.31566666666666665,0.3,0.2,0.2,0.3,0.9,0.5,0,0,sideways,0.18666666666666665,0.0,,,3182.8942137028953,8,52,0.0,0.0,jupiter,True,10.0,0.0,False,,0,1.0,True,
154cd9a5-3ea1-4287-b0bc-eb50b4bc925b,Cv24i4Bqgdv9frBaGddWPM8Q1skBieJpMGPDFKHEvhVb,Cv24i4Bq,completed,2025-11-29T01:17:17.477208,2025-11-29T01:40:53.792871,23.605261050000003,0.6034,1.72,1.72,0.6034,125.79887305270137,73.13887968180312,3.8705550595185696,81.66687305270136,185.0513755386145,True,low_liquidity,0,0,0,0,0,43214.63,0,0,0,False,False,False,False,0.351,0.3,0.2,1.0,0.3,0.9,0.5,0,0,up,0.27999999999999997,15.125000000000002,,,3250.1507178752954,11,53,0.0,0.0,jupiter,True,10.0,0.0,False,100,1,1.0,True,
da37e17c-22a7-4fe3-a12b-6fd0a02f1c2e,GM6pbTSku9MpzJ9nDBwoiGk3U8YU7uV7zqNARNVQRDXn,GM6pbTSk,completed,2025-11-29T01:37:27.823833,2025-11-29T01:42:52.146285,5.4053742,0.2378,0.6568,0.6568,0.2378,121.89191589571068,185.58452481076534,3.6915991400316552,77.75991589571069,176.19848612279227,True,low_liquidity,0,0,0,0,0,0.13,0,0,0,False,False,False,False,0.351,0.3,0.2,1.0,0.3,0.9,0.5,0,0,up,0.27999999999999997,15.125000000000002,,,3301.873016870013,11,54,0.0,0.0,jupiter,True,10.0,0.0,False,100,1,1.0,True,
4c4d879d-e1b9-41b6-9aa7-c60fd8a97d17,2Dnxej6n9aSi9GMNQDMXnttAXNfFZLv1ADgsTNo3pump,2Dnxej6n,completed,2025-11-29T01:39:50.418007,2025-11-29T01:43:26.300902,3.5980482499999997,0.0008629,0.001029,0.001325,0.0008629,61.802804496465406,60061.03449607911,1.8395759007783217,9.97613782979874,19.249043921659517,True,trailing_stop,0,0,0,0,0,55064.03,0,0,0,False,False,False,False,0.3521666666666667,0.3,0.2,1.0,0.3,0.9,0.5,0,0,sideways,0.25666666666666665,0.0,,,3359.6224254903937,10,55,0.0,0.0,jupiter,True,10.0,22.339622641509436,False,,0,1.0,True,
13b524da-1156-4148-9512-12045d7f6c0e,6xJt7rpH9BQ79QC6Q1qDs129P1wXJDiAubL1J5u5zLGS,6xJt7rpH,completed,2025-11-29T01:19:30.032710,2025-11-29T01:44:58.410955,25.47297075,0.4594,1.95,1.95,0.4594,110.19155420113192,56.50848933391381,3.2819177001090036,84.23155420113191,324.46669569003046,True,low_liquidity,0,0,0,0,0,48858.0,0,0,0,False,False,False,False,0.351,0.3,0.2,1.0,0.3,0.9,0.5,0,0,up,0.27999999999999997,15.125000000000002,,,3357.5355712750534,11,56,0.0,0.0,jupiter,True,10.0,0.0,False,"200,100,300",3,1.0,True,
31ce3f59-d486-40f0-b2e9-3591be94e230,6JiKAeUeyXs197igxU3hZQUtwAdeH2HsjxAi4EbZ6HBB,6JiKAeUe,completed,2025-11-29T01:33:38.321197,2025-11-29T01:44:58.456760,11.335592716666667,7.469e-06,8.57e-06,8.57e-06,7.469e-06,56.60552505913331,6605078.770027225,1.6594402571931937,7.27219172579997,14.740929173918854,True,low_liquidity,0,0,0,0,0,0.0,0,0,0,False,False,False,False,0.3833333333333333,0.5,0.2,0.2,0.3,0.9,0.5,0,0,sideways,0.23333333333333334,0.0,,,3411.121600417052,10,57,0.0,0.0,jupiter,True,10.0,0.0,False,,0,1.0,True,
b8b4ff68-f0b5-44b7-92ac-cc66e37dbe68,CQ2v2Vf62tHfcrBaKrB4hQFcmRjy3AfBZzfhY65PZdMP,CQ2v2Vf6,completed,2025-11-29T01:44:00.491984,2025-11-29T01:44:58.491383,0.9666566499999999,0.284,0.284,0.284,0.284,51.92,182.81690140845072,1.5199921451291551,0.0,0.0,False,low_liquidity,0,0,0,0,0,2542.56,0,0,0,False,False,False,False,0.351,0.3,0.2,1.0,0.3,0.9,0.5,0,0,up,0.27999999999999997,15.125000000000002,,,3415.8071254761853,9,58,0.0,0.0,jupiter,True,10.0,0.0,False,,0,1.0,True,
0741e896-f4bb-4f2f-b04a-e8cce17f71fe,FTK8Vxx9PVcbvNhGGKb8u4TQ796g12TvQkUHfKDWECcp,FTK8Vxx9,completed,2025-11-29T01:40:24.363001,2025-11-29T01:46:52.546425,6.469723733333334,0.311,0.1008,0.6315,0.311,14.303876527331191,141.90353697749197,0.4190394553085565,-29.82812347266881,-67.58842443729904,False,stop_loss,0,0,0,0,0,16676.78,0,0,0,False,False,False,False,0.351,0.3,0.2,1.0,0.3,0.9,0.5,0,0,up,0.27999999999999997,15.125000000000002,,,3413.49158083423,10,59,0.0,0.0,jupiter,True,10.0,84.03800475059381,False,100,1,1.0,True,
015a4c75-fc3f-4e5b-83b6-3a4a966ba7a1,9D3SEY8uMyx48bBEoNJzwfkLh8StrtPjvV3GwHctXr9j,9D3SEY8u,completed,2025-11-29T01:37:43.036078,2025-11-29T01:49:21.762275,11.645436616666666,1.317e-05,1.572e-05,1.572e-05,1.317e-05,65.45822323462416,4164009.1116173128,1.9034323941384275,10.618223234624145,19.362186788154894,True,low_liquidity,0,0,0,0,0,0.0,0,0,0,False,False,False,False,0.3145,0.3,0.2,0.2,0.3,0.9,0.5,0,0,sideways,0.21000000000000002,0.0,,,3438.9570880584524,11,60,0.0,0.0,jupiter,True,10.0,0.0,False,,0,1.0,True,
9d41a0c6-c66a-496d-9784-0a16f6f082db,AJBj6X5E8CHvEkHdmAvCGMmvsMaMB8r3M8ULXuNLL5UD,AJBj6X5E,completed,2025-11-29T01:46:32.583016,2025-11-29T01:51:35.976718,5.0565617000000005,0.4267,0.4267,0.4267,0.4267,51.92,121.67799390672603,1.4461065788315308,0.0,0.0,False,low_liquidity,0,0,0,0,0,10664.46,0,0,0,False,False,False,False,0.351,0.3,0.2,1.0,0.3,0.9,0.5,0,0,up,0.27999999999999997,15.125000000000002,,,3590.3301153606462,11,61,0.0,0.0,jupiter,True,10.0,0.0,False,,0,1.0,True,
4ec6b527-aba4-42d3-acab-49b5ef5f6be8,CjyeKj2eyUzRSKy6k2HxrBt9XZ4PymHRsLwAKLsgQftH,CjyeKj2e,completed,2025-11-29T01:44:06.960712,2025-11-29T01:53:01.612410,8.910861633333333,0.3847,0.5084,1.25,0.3847,44.599644398232385,87.72550038991422,1.2460322181553767,10.851644398232386,32.15492591629841,True,trailing_stop,0,0,0,0,0,37387.97,0,0,0,False,False,False,False,0.351,0.3,0.2,1.0,0.3,0.9,0.5,0,0,up,0.27999999999999997,15.125000000000002,,,3579.3331623685945,11,62,0.0,0.0,jupiter,True,10.0,59.328,False,"200,100",2,1.0,True,
f2fc0e5c-8b67-4b05-aec0-dfc53b575945,975KhrZjywFpmCnvKqhJuuWMDsQv8hZbMQYS64kmHJj7,975KhrZj,completed,2025-11-29T01:54:24.587246,2025-11-29T01:55:39.152359,1.2427518833333333,0.001252,0.0006409,0.001252,0.001252,27.96344302449415,43631.522896698625,0.7697115212571247,-26.663223642172532,-48.80990415335463,False,stop_loss,0,0,0,0,0,38817.05,0,0,0,False,False,False,False,0.31716666666666665,0.2,0.2,1.0,0.3,0.9,0.5,0,0,sideways,0.25666666666666665,0.0,,,3632.9770637735937,11,63,0.0,0.0,jupiter,True,10.0,48.80990415335463,False,,0,1.0,True,
d478e7aa-4a41-42de-b79c-cc323d1ccdc0,JDuBKfdE6YUTUCH9BasJ2APtSk5Sb7ATnEgdznJxwd1y,JDuBKfdE,completed,2025-11-28T23:47:21.511924,2025-11-29T01:57:38.217009,130.27841808333332,3.717e-05,9.256e-05,9.256e-05,3.717e-05,122.30022276029058,1321307.5060532691,3.3850034663371735,73.18722276029057,149.01802528921172,True,low_liquidity,0,0,0,0,0,220.48,0,0,0,False,False,False,False,0.27775,0.2,0.2,0.2,0.3,0.9,0.5,0,0,sideways,0.245,0.0,,,3613.0014038841905,11,64,0.0,0.0,jupiter,True,10.0,0.0,False,100,1,1.0,True,
3e8c0abf-0817-4ba2-8a47-101d5477f1dc,4zw6M2Zbq27BLxsbvf1EVxqGiwnEhLzAAZSKJS7d46dT,4zw6M2Zb,completed,2025-11-29T01:46:08.850422,2025-11-29T01:57:38.276528,11.490435100000001,8.699e-06,1.033e-05,1.033e-05,8.699e-06,58.36131356094572,5649691.53542553,1.5872249368117448,9.21464689427904,18.749281526612258,True,low_liquidity,0,0,0,0,0,0.0,0,0,0,False,False,False,False,0.38566666666666666,0.5,0.2,0.2,0.3,0.9,0.5,0,0,sideways,0.18666666666666665,0.0,,,3676.9403130835353,10,65,0.0,0.0,jupiter,True,10.0,0.0,False,,0,1.0,True,
a9a4693b-61c0-42c6-a988-3e9a361af423,E9twkjm1GHXP4Dqpd7RjsW5BwBGeWe6Ejuc8K4YjAYFG,E9twkjm1,completed,2025-11-29T01:56:21.874381,2025-11-29T01:59:13.948549,2.8679028,0.3435,0.4037,0.4554,0.3435,61.01922561863173,151.1499272197962,1.6486329951245746,9.099225618631728,17.52547307132459,True,trailing_stop,0,0,0,0,0,53488.14,0,0,0,False,False,False,False,0.351,0.3,0.2,1.0,0.3,0.9,0.5,0,0,up,0.27999999999999997,15.125000000000002,,,3701.2012861007292,11,66,0.0,0.0,jupiter,True,10.0,11.352657004830922,False,,0,1.0,True,
667f1560-534a-402f-ac48-dbf765440286,EPZsPrtsh3rSeLz1ZjPpNuHoUo4Hi7k7fNvDuQkSpump,EPZsPrts,completed,2025-11-29T01:58:39.074685,2025-11-29T01:59:47.484591,1.1401651000000002,0.0008826,0.0003333,0.0009346,0.0008826,20.646523906639477,61945.766296548085,0.5559443883241012,-34.02680942669386,-62.23657375934738,False,low_liquidity,0,0,0,0,0,0.0,0,0,0,False,False,False,False,0.3165833333333333,0.2,0.2,1.0,0.3,0.9,0.5,0,0,sideways,0.2683333333333333,0.0,,,3713.7750358230232,10,67,0.0,0.0,jupiter,True,10.0,64.33768457093943,False,,0,1.0,True,
f4784c68-d978-4260-902b-fefce38a7d71,8ry7oXaLAVcFf6y2DCthvxZw32ti2yLXJCKnLqMQJKif,8ry7oXaL,completed,2025-11-29T01:42:25.867320,2025-11-29T02:01:48.471652,19.376738866666667,5.858e-05,2.194e-05,9.477e-05,5.858e-05,20.828892682371688,949357.004665984,0.5780301863895421,-34.784440650961656,-62.54694434960738,False,low_liquidity,0,0,0,0,0,0.0,0,0,0,False,False,False,False,0.30483333333333335,0.2,0.2,0.8,0.3,0.9,0.5,0,0,up,0.30333333333333334,17.375000000000004,,,3603.4264598656837,10,68,0.0,0.0,jupiter,True,10.0,76.84921388625092,False,,0,1.0,True,
90476169-f8b0-4db8-af83-69cde20fbf7a,82kXA1gqB53qxztCu99epFRNJxGYfnERfYo814USSWD9,82kXA1gq,completed,2025-11-29T01:48:06.097951,2025-11-29T02:01:48.531831,13.707231333333334,0.3424,0.7571,1.89,0.3424,45.92129906542056,60.65420560747664,1.283315039319132,25.153299065420562,121.11565420560748,True,trailing_stop,0,0,0,0,0,45646.02,0,0,0,False,False,False,False,0.351,0.3,0.2,1.0,0.3,0.9,0.5,0,0,up,0.27999999999999997,15.125000000000002,,,3578.3340534826348,9,69,0.0,0.0,jupiter,True,10.0,59.94179894179893,False,"200,100,400,300",4,1.0,True,
509076e8-8269-43ec-acbf-bed65fb4f708,J2rV7wHRyQ6P9bmj5bdmeVREwXxw3hf1v5tVe7kdHjbZ,J2rV7wHR,completed,2025-11-29T01:50:11.957592,2025-11-29T02:02:22.235467,12.171297916666667,1.027e-05,1.2e-05,1.221e-05,1.027e-05,57.53456669912365,4794547.224926971,1.6166319892272851,8.294566699123662,16.845180136319378,True,low_liquidity,0,0,0,0,0,0.0,0,0,0,False,False,False,False,0.3845,0.5,0.2,0.2,0.3,0.9,0.5,0,0,sideways,0.21000000000000002,0.0,,,3558.9155158697513,8,70,0.0,0.0,jupiter,True,10.0,1.7199017199017175,False,,0,1.0,True,
da3f554a-6e72-49e7-8934-a23284268eb9,3bvM5zi9U9AivYqwtoX8S4g73HiZSrMjy5T8zVgfVLqU,3bvM5zi9,completed,2025-11-29T02:00:34.206531,2025-11-29T02:02:22.293542,1.8014501833333334,0.0007176,0.0007926,0.0009525,0.0007176,57.243333333333325,72222.22222222222,1.6083171719549094,5.416666666666665,10.451505016722406,True,trailing_stop,0,0,0,0,0,21973.52,0,0,0,False,False,False,False,0.3521666666666667,0.3,0.2,1.0,0.3,0.9,0.5,0,0,sideways,0.25666666666666665,0.0,,,3559.206749235542,7,71,0.0,0.0,jupiter,True,10.0,16.787401574803155,False,,0,1.0,True,
e82951a8-b00e-458b-85f8-fa4fc9e9d8e5,CYASUNSC444ug5Kokvqrxrz7UborbyBAbW3KZZ48p4dt,CYASUNSC,completed,2025-11-29T01:29:36.692424,2025-11-29T02:06:03.797101,36.451744616666666,0.0001254,0.000167,0.000167,0.0001254,79.85991493886229,478203.0834662413,2.2386954690496763,19.89324827219563,33.17384370015947,True,low_liquidity,0,0,0,0,0,0.0,0,0,0,False,False,False,False,0.2504166666666667,0.1,0.2,0.4,0.3,0.9,0.5,0,0,up,0.2916666666666667,18.5,,,3567.25227003576,8,72,0.0,0.0,jupiter,True,10.0,0.0,False,,0,1.0,True,
a52aea0c-b2f0-41b3-8fdd-ee87758e2cc6,AyDEnBpYmPUL3o2FeMwgagY316kecZS1yBLTpsfRnjUm,AyDEnBpY,completed,2025-11-29T02:04:40.201236,2025-11-29T02:06:03.877459,1.3946037166666665,1.011e-05,1.021e-05,1.021e-05,1.011e-05,49.63278602044181,4861193.537751402,1.3796544890533775,0.48611935377514376,0.9891196834817086,True,low_liquidity,0,0,0,0,0,0.0,0,0,0,False,False,False,False,0.38566666666666666,0.5,0.2,0.2,0.3,0.9,0.5,0,0,sideways,0.18666666666666665,0.0,,,3597.4793989541804,7,73,0.0,0.0,jupiter,True,10.0,0.0,False,,0,1.0,True,
37ce7e2a-8e8e-4440-8e8d-25d99413df3b,HFoJ3MZG6suPC2x9AGb2zLjX3ky2y693Daua53AYgq1d,HFoJ3MZG,completed,2025-11-29T01:47:50.367030,2025-11-29T02:06:24.942325,18.576254916666667,0.1529,0.2829,0.2829,0.1529,85.7026030085023,302.94310006540223,2.405270089817,39.38260300850229,85.02289077828644,True,low_liquidity,0,0,0,0,0,78782.98,0,0,0,False,False,False,False,0.421,0.5,0.2,1.0,0.3,0.9,0.5,0,0,sideways,0.27999999999999997,0.0,,,3563.1176461776404,6,74,0.0,0.0,jupiter,True,10.0,0.0,False,,0,1.0,True,
29db840a-8a4b-4649-8fbf-ebaff0313841,3pVUoQEJAQ63YV7QkEgQhvjxjVYg94TgTBqbG8agKTVh,3pVUoQEJ,completed,2025-11-29T02:07:34.316427,2025-11-29T02:09:44.978663,2.1777039333333335,0.1011,0.1237,0.1561,0.1011,56.674421364985164,458.16023738872406,1.5571510957014532,10.354421364985168,22.35410484668646,True,trailing_stop,0,0,0,0,0,18461.5,0,0,0,False,False,False,False,0.421,0.5,0.2,1.0,0.3,0.9,0.5,0,0,sideways,0.27999999999999997,0.0,,,3639.622482457614,8,75,0.0,0.0,jupiter,True,10.0,20.755925688661105,False,,0,1.0,True,
cfefa63e-794d-406b-8ce3-cb3ccd869dc9,5hPKY2jQgckMQnWG84ecTdeob8w2JntAQKuAgeVmKYxc,5hPKY2jQ,completed,2025-11-29T02:02:45.903038,2025-11-29T02:14:28.498157,11.709918649999999,1.176e-05,1.376e-05,1.392e-05,1.176e-05,64.1665306122449,4663265.306122449,1.7401628185192537,9.326530612244904,17.006802721088444,True,low_liquidity,0,0,0,0,0,0.0,0,0,0,False,False,False,False,0.3145,0.3,0.2,0.2,0.3,0.9,0.5,0,0,sideways,0.21000000000000002,0.0,,,3687.38660137824,8,76,0.0,0.0,jupiter,True,10.0,1.149425287356323,False,,0,1.0,True,
320d66af-9ad6-4386-a75e-27c674bd8b82,32fPpXm6aHGZjkvPDBfRh2f3p4itEhAiq2PkWTwxKoLe,32fPpXm6,completed,2025-11-29T02:13:46.280459,2025-11-29T02:16:28.145044,2.6977430833333336,0.001598,0.0004155,0.001751,0.001598,14.203617021276598,34184.39716312057,0.38229645032998394,-40.42304964539007,-73.99874843554443,False,stop_loss,0,0,0,0,0,31366.62,0,0,0,False,False,False,False,0.31716666666666665,0.2,0.2,1.0,0.3,0.9,0.5,0,0,sideways,0.25666666666666665,0.0,,,3715.3410681727673,8,77,0.0,0.0,jupiter,True,10.0,76.27070245573957,False,,0,1.0,True,
00cf1159-b9aa-4871-8d5c-ac0d765a39b0,4Ljy8uhqGxDzh5QakAfJHFjiFaVg1vbCXrhrcooV9muZ,4Ljy8uhq,completed,2025-11-29T01:27:32.065692,2025-11-29T02:17:00.832213,49.47944201666667,0.0001801,0.0005271,0.0005271,0.0001801,143.8554725152693,272918.74884323525,4.009322646184811,94.70280584860262,192.67073847862298,True,low_liquidity,0,0,0,0,0,15.12,0,0,0,False,False,False,False,0.2771666666666667,0.2,0.2,0.2,0.3,0.9,0.5,0,0,sideways,0.25666666666666665,0.0,,,3588.0243425197827,7,78,0.0,0.0,jupiter,True,10.0,0.0,False,100,1,1.0,True,
653ed51a-73da-48a0-bc4d-1c172b219a83,6ibz2sAoKYhqK9EYto2zFyiDfSkUA6Q3med6fPXUvGPc,6ibz2sAo,completed,2025-11-29T02:07:40.551669,2025-11-29T02:18:31.846982,10.854921883333333,7.467e-06,8.662e-06,8.662e-06,7.467e-06,57.120246417570634,6594348.466586312,1.5475347968094033,7.88024641757064,16.003749832596753,True,low_liquidity,0,0,0,0,0,0.0,0,0,0,False,False,False,False,0.3845,0.5,0.2,0.2,0.3,0.9,0.5,0,0,sideways,0.21000000000000002,0.0,,,3691.0476284822207,9,79,0.0,0.0,jupiter,True,10.0,0.0,False,,0,1.0,True,
d8a3d640-c0e1-488a-9f46-53f174724a20,GE5PTxodNBAQKZ2XQijTiVmYQHPAva6BvekB3U2VgBLU,GE5PTxod,completed,2025-11-29T02:19:59.237533,2025-11-29T02:22:24.679990,2.4240409499999998,0.4421,0.1885,0.5048,0.4421,23.35108949709719,123.8784588705421,0.6189870737590168,-31.415577169569477,-57.36258764985297,False,stop_loss,0,0,0,0,0,36754.11,0,0,0,False,False,False,False,0.3154166666666667,0.2,0.2,1.0,0.3,0.9,0.5,0,0,up,0.2916666666666667,16.25,,,3772.4680347990916,11,80,0.0,0.0,jupiter,True,10.0,62.65847860538828,False,,0,1.0,True,
ca705bba-71f9-4abe-85f1-407e356faac8,FLFQjuEevWMFe7aaC7buxRxH1kRwKABXwpU2oG37weXM,FLFQjuEe,completed,2025-11-29T02:09:13.808473,2025-11-29T02:22:59.193005,13.756408866666668,1.279e-05,1.361e-05,1.52e-05,1.279e-05,58.3559343236904,4287724.784988273,1.5624791610472846,3.5159343236903866,6.411258795934328,True,trailing_stop,0,0,0,0,0,25379.52,0,0,0,False,False,False,False,0.3145,0.3,0.2,0.2,0.3,0.9,0.5,0,0,sideways,0.21000000000000002,0.0,,,3734.8296078762487,10,81,0.0,0.0,jupiter,True,10.0,10.460526315789474,False,,0,1.0,True,
17638e3a-1ac1-48c9-86e5-119dcb18e2db,2UJ2iZdeNEiZzW2RrhAu4P4dFk4hLTetkw3Z1Hj19N8d,2UJ2iZde,completed,2025-11-29T01:58:57.807381,2025-11-29T02:24:16.401329,25.30989913333333,1.261e-05,1.346e-05,1.56e-05,1.261e-05,58.63621464446207,4356330.954269099,1.5713377631085979,3.7028813111287358,6.74068199841396,True,low_liquidity,0,0,0,0,0,0.0,0,0,0,False,False,False,False,0.31333333333333335,0.3,0.2,0.2,0.3,0.9,0.5,0,0,sideways,0.23333333333333334,0.0,,,3731.6111164070344,9,82,0.0,0.0,jupiter,True,10.0,13.717948717948717,False,,0,1.0,True,
07c4bc46-6c88-418f-a69b-4384c1139d2b,75TEQMCHPW8PqkfR2JmJ15aKVJCvJowrfPgFbnSBT2Ro,75TEQMCH,completed,2025-11-29T02:18:18.072627,2025-11-29T02:24:16.461760,5.973152216666667,0.001417,0.002221,0.002764,0.001417,81.37919548341566,36640.79040225829,2.1941787226940854,29.459195483415655,56.739590684544794,True,trailing_stop,0,0,0,0,0,44095.28,0,0,0,False,False,False,False,0.351,0.3,0.2,1.0,0.3,0.9,0.5,0,0,up,0.27999999999999997,15.125000000000002,,,3708.868135568081,8,83,0.0,0.0,jupiter,True,10.0,19.645441389290884,False,,0,1.0,True,
f24682d4-b18a-4282-a9fd-0322b8273d9b,ASCHJEbegrnpvgSN3u1QfPXqYH2Yo18wQy3nyYJjcRLQ,ASCHJEbe,completed,2025-11-29T02:15:18.682602,2025-11-29T02:27:15.262971,11.94300615,1.289e-05,1.535e-05,1.579e-05,1.289e-05,65.1948280320662,4247220.0672355825,1.7412804189870421,10.448161365399534,19.084561675717612,True,low_liquidity,0,0,0,0,0,0.0,0,0,0,False,False,False,False,0.31566666666666665,0.3,0.2,0.2,0.3,0.9,0.5,0,0,sideways,0.18666666666666665,0.0,,,3744.074034324241,7,84,0.0,0.0,jupiter,True,10.0,2.7865737808739657,False,,0,1.0,True,
196e4dab-60f9-450d-8f70-37e1ff1a3544,7TEVW1vk9L9WWsEmauFAGCrWESSdHj1sM6vzAyEM1TyB,7TEVW1vk,completed,2025-11-29T02:27:52.263675,2025-11-29T02:39:35.573646,11.72183285,9.983e-06,1.193e-05,1.24e-05,9.983e-06,58.73181742295236,4923035.8275735425,1.3659425957748346,9.58515075628568,19.503155364118985,True,low_liquidity,0,0,0,0,0,0.0,0,0,0,False,False,False,False,0.38566666666666666,0.5,0.2,0.2,0.3,0.9,0.5,0,0,sideways,0.18666666666666665,0.0,,,4299.728085544955,11,85,0.0,0.0,jupiter,True,10.0,3.790322580645166,False,,0,1.0,True,
a4d61ee2-461a-4790-9090-a768d44ce0a2,5N4yCpGghnkj75TtPrsZKopmNdLiEMYG1WXjK7x7LdXe,5N4yCpGg,completed,2025-11-29T02:34:59.330356,2025-11-29T02:41:37.906329,6.642932883333333,0.3906,0.8144,1.1,0.3906,92.01510701484895,112.98515104966718,2.134377527794288,47.88310701484895,108.49974398361495,True,trailing_stop,0,0,0,0,0,47289.21,0,0,0,False,False,False,False,0.351,0.3,0.2,1.0,0.3,0.9,0.5,0,0,up,0.27999999999999997,15.125000000000002,,,4311.098004762979,11,86,0.0,0.0,jupiter,True,10.0,25.96363636363637,False,100,1,1.0,True,
f0f7431f-6adc-4a93-93e4-3796ddb36736,ATSnxiKyczqgAtqV3mRnP92H4nxqe5JkqMSw7Qc2sK2t,ATSnxiKy,completed,2025-11-29T02:34:46.831860,2025-11-29T02:47:55.919681,13.151463683333333,0.294,0.8893,1.98,0.294,47.11475102040814,52.97959183673467,1.0452794579073337,31.538751020408146,202.48299319727892,True,trailing_stop,0,0,0,0,0,49449.46,0,0,0,False,False,False,False,0.351,0.3,0.2,1.0,0.3,0.9,0.5,0,0,up,0.27999999999999997,15.125000000000002,,,4507.383232684265,11,87,0.0,0.0,jupiter,True,10.0,55.08585858585858,False,"400,100,500,200,300",5,1.0,True,
b5a3b0cb-b35c-44eb-bb6c-22508b4d7421,EYPdm94PJ3GzTtXg4JmQxBCSpbbPhsM8FGw8kuD363DW,EYPdm94P,completed,2025-11-29T02:45:00.025751,2025-11-29T02:49:51.460592,4.85724735,3.442e-05,5.025e-05,5.025e-05,3.442e-05,83.52614758861128,1662211.8923106722,1.8827510363703341,26.312814255277946,45.99070307960489,True,low_liquidity,0,0,0,0,0,0.0,0,0,0,False,False,False,False,0.2848333333333333,0.2,0.2,0.4,0.3,0.9,0.5,0,0,up,0.30333333333333334,17.375000000000004,,,4436.388347427887,10,88,0.0,0.0,jupiter,True,10.0,0.0,False,,0,1.0,True,
305531ae-45f8-4b21-9b8a-2a76d84071e4,Gpu2s2HiaHV2FPHuLJkLzLBhSXss7Afzs6p6gXHyyq4N,Gpu2s2Hi,completed,2025-11-29T02:29:58.730277,2025-11-29T02:49:51.520739,19.87984103333333,0.1538,0.2149,1.69,0.1538,7.254621586475947,33.75812743823149,0.16076154175035995,2.0626215864759447,39.72691807542264,True,trailing_stop,0,0,0,0,0,24321.58,0,0,0,False,False,False,False,0.351,0.3,0.2,1.0,0.3,0.9,0.5,0,0,up,0.27999999999999997,15.125000000000002,,,4512.659873430023,9,89,0.0,0.0,jupiter,True,10.0,87.28402366863904,False,"400,700,100,500,200,600,300",7,1.0,True,
19fa8dde-03b2-4375-a03d-848738108d28,B8knzQmPENSPw7EV5uW6PywnFEZnAR6JhPDh58cM9fzk,B8knzQmP,completed,2025-11-29T02:32:52.597758,2025-11-29T02:54:46.229544,21.893863099999997,0.5569,1.18,1.18,0.5569,93.51007362183518,79.24582510325016,2.081596590154072,49.37807362183517,111.88723289639073,True,low_liquidity,0,0,0,0,0,29714.17,0,0,0,False,False,False,False,0.351,0.3,0.2,1.0,0.3,0.9,0.5,0,0,up,0.27999999999999997,15.125000000000002,,,4492.2284204411535,11,90,0.0,0.0,jupiter,True,10.0,0.0,False,100,1,1.0,True,
380945e6-79c3-49cb-8277-cc89bbced84f,5NkqxGxa2TM2uG1fzskrKsGFW7t32mfm8na3VjZeXhp8,5NkqxGxa,completed,2025-11-29T02:51:43.124031,2025-11-29T02:54:46.272577,3.052475766666667,0.001821,0.0004351,0.001821,0.001821,13.085654402343035,30075.050338641773,0.28617205069331636,-41.68101226432363,-76.10653487095001,False,stop_loss,0,0,0,0,0,32165.71,0,0,0,False,False,False,False,0.3154166666666667,0.2,0.2,1.0,0.3,0.9,0.5,0,0,up,0.2916666666666667,16.25,,,4572.652839660646,10,91,0.0,0.0,jupiter,True,10.0,76.10653487095001,False,,0,1.0,True,
242382c0-66e5-4044-828e-9f5b10851d76,aerEBYdWQgkjgmGUJSyvsQEEqLiZHJPnBxquJeemrUV,aerEBYdW,completed,2025-11-29T02:57:40.067531,2025-11-29T03:00:38.884819,2.980288133333333,0.0009786,0.0009818,0.001347,0.0009786,54.8521139042169,55868.92840111724,1.1384962284580278,0.1787805708835674,0.32699775189044156,True,trailing_stop,0,0,0,0,0,53080.01,0,0,0,False,False,False,False,0.3165833333333333,0.2,0.2,1.0,0.3,0.9,0.5,0,0,sideways,0.2683333333333333,0.0,,,4817.944278876379,11,92,0.0,0.0,jupiter,True,10.0,27.11210096510766,False,,0,1.0,True,
2a4753c7-7d53-4ad2-baec-c5bc31cd88f2,Hc1jJCxSpYdbezVrzzwFzfTvCRRDAiiKhZudS4yLGfjw,Hc1jJCxS,completed,2025-11-29T02:51:24.528536,2025-11-29T03:02:41.299089,11.279509216666666,0.3086,0.4421,1.57,0.3086,29.75221257290992,67.29747245625406,0.6192810644702946,8.984212572909916,43.259883344134806,True,trailing_stop,0,0,0,0,0,34867.7,0,0,0,False,False,False,False,0.351,0.3,0.2,1.0,0.3,0.9,0.5,0,0,up,0.27999999999999997,15.125000000000002,,,4804.314919326434,11,93,0.0,0.0,jupiter,True,10.0,71.8407643312102,False,"200,100,400,300",4,1.0,True,
1e1aa974-7b94-4c4e-ae75-60952593f721,CM75wDVr2wBqm94g31P3B4wBe7jfVRBrKKWTCyjiPZpH,CM75wDVr,completed,2025-11-29T03:03:33.808066,2025-11-29T03:04:38.408788,1.0766787,1.225e-05,9.802e-06,1.225e-05,1.225e-05,36.98888054421769,3773605.442176871,0.7684672160860707,-9.237786122448977,-19.98367346938775,False,stop_loss,0,0,0,0,0,12711.81,0,0,0,False,False,False,False,0.4221666666666667,0.5,0.2,1.0,0.3,0.9,0.5,0,0,sideways,0.25666666666666665,0.0,,,4813.332276243105,11,94,0.0,0.0,jupiter,True,10.0,19.98367346938775,False,,0,1.0,True,
ea5808c9-8dac-4346-8ed8-8d97d50c4540,J7ozUboW1RgExfjttbHSo8uJkZuinfS3s2aFwvRHM6RV,J7ozUboW,completed,2025-11-29T03:01:28.212661,2025-11-29T03:06:33.211322,5.083311016666667,0.2314,0.2314,0.2314,0.2314,51.92,224.3733794295592,1.0984755007010623,0.0,0.0,False,low_liquidity,0,0,0,0,0,57176.57,0,0,0,False,False,False,False,0.351,0.3,0.2,1.0,0.3,0.9,0.5,0,0,up,0.27999999999999997,15.125000000000002,,,4726.550566386228,10,95,0.0,0.0,jupiter,True,10.0,0.0,False,,0,1.0,True,
6312f96d-47fc-4a5e-a00f-ce1b21c7d311,7w9uz1swWoMjmPP8HKVN52ZCBkx81XdqRiMhiaCNobVY,7w9uz1sw,completed,2025-11-29T02:55:20.217232,2025-11-29T03:06:33.278928,11.217694933333332,0.2822,0.4687,1.6,0.2822,34.493131112686044,73.59319631467045,0.7270930687025314,13.72513111268604,66.08788093550673,True,trailing_stop,0,0,0,0,0,35877.04,0,0,0,False,False,False,False,0.351,0.3,0.2,1.0,0.3,0.9,0.5,0,0,up,0.27999999999999997,15.125000000000002,,,4743.977435273542,9,96,0.0,0.0,jupiter,True,10.0,70.70625,False,"200,100,400,300",4,1.0,True,
78556435-96d2-4109-a698-2f8cfb12ab2e,CjDWDLNRRPX149aFgrurvkMjM6pdc9kRebW6wsv8Vegu,CjDWDLNR,completed,2025-11-29T02:40:24.824165,2025-11-29T03:08:44.337028,28.325214383333332,0.0001247,0.0001556,0.0001567,0.0001247,68.22109596364609,438438.92007484636,1.4382623716566616,13.547762630312748,24.7794707297514,True,low_liquidity,0,0,0,0,0,4.3,0,0,0,False,False,False,False,0.3165833333333333,0.2,0.2,1.0,0.3,0.9,0.5,0,0,sideways,0.2683333333333333,0.0,,,4743.299783687288,9,97,0.0,0.0,jupiter,True,10.0,0.701978302488832,False,,0,1.0,True,
136136d6-e8f6-4dee-9985-866201f76bf6,CynzcqHRM6kv4CaBkim1bSd5Fv3MYqpmp7T7Rk1E2A3e,CynzcqHR,completed,2025-11-29T03:12:05.407673,2025-11-29T03:14:54.345328,2.8156275833333333,4.718e-06,5.35e-06,5.35e-06,4.718e-06,63.705595591352264,11907587.961000424,1.3122131501352705,7.525595591352259,13.395506570580737,True,low_liquidity,0,0,0,0,0,0.67,0,0,0,False,False,False,False,0.29774999999999996,0.2,0.2,0.6,0.3,0.9,0.5,0,0,sideways,0.24500000000000005,0.0,,,4854.820696224933,11,98,0.0,0.0,jupiter,True,10.0,0.0,False,,0,1.0,True,
4814aba3-2828-4c7a-b69b-80f74a4ab4da,4o3UJz87zdrpFYM5xVg9Dkko5o6FErukFAYz6y2nxYNK,4o3UJz87,completed,2025-11-29T03:07:54.072195,2025-11-29T03:21:34.451451,13.6729876,3.766e-05,8.179e-05,9.296e-05,3.766e-05,104.1407210125686,1273269.6052398656,2.125861935573456,56.18938767923527,117.18003186404673,True,trailing_stop,0,0,0,0,0,102636.88,0,0,0,False,False,False,False,0.29483333333333334,0.2,0.2,0.6,0.3,0.9,0.5,0,0,up,0.30333333333333334,17.375000000000004,,,4898.7527962147,11,99,0.0,0.0,jupiter,True,10.0,12.015920826161793,False,100,1,1.0,True,
e3531ba6-61de-4cbb-a8c0-041689fe98c6,CdYXtguzXGkZadQvZPnbUjmnfj9GpsLCbHipeG9eVFLD,CdYXtguz,completed,2025-11-29T03:14:24.648662,2025-11-29T03:24:09.651383,9.750045349999999,1.177e-05,1.332e-05,1.378e-05,1.177e-05,62.06192013593883,4659303.313508921,1.2484010420290297,7.221920135938822,13.169073916737457,True,low_liquidity,0,0,0,0,0,0.0,0,0,0,False,False,False,False,0.3145,0.3,0.2,0.2,0.3,0.9,0.5,0,0,sideways,0.21000000000000002,0.0,,,4971.312746989494,10,100,0.0,0.0,jupiter,True,10.0,3.338171262699569,False,,0,1.0,True,
9e24c773-9157-4bb3-ab17-806a1c5ead3f,3Z6wprWwqfjhL5K4XxHUTaaqQqs7aCdMiRR1A4JrSusD,3Z6wprWw,completed,2025-11-28T23:46:06.505556,2025-11-29T03:25:31.045074,219.40899196666666,6.81e-06,2.056e-05,2.056e-05,6.81e-06,153.76827019089575,7479001.468428782,3.139221746781902,102.83627019089575,201.90895741556534,True,low_liquidity,0,0,0,0,0,69.62,0,0,0,False,False,False,False,0.251,0.1,0.2,0.4,0.3,0.9,0.5,0,0,up,0.27999999999999997,17.375,,,4898.292716929845,9,101,0.0,0.0,jupiter,True,10.0,0.0,False,100,1,1.0,True,
d468e287-7530-4bcc-950c-613245dafa24,659N52pr6DH1thS86BLtVEaAUWu3VRFqjCs5sqboBHP3,659N52pr,completed,2025-11-29T03:16:42.477936,2025-11-29T03:27:47.283120,11.0800864,7.604e-06,8.637e-06,8.654e-06,7.604e-06,56.03524460810101,6487813.431527267,1.1136383932595306,6.701911274767668,13.584955286691217,True,low_liquidity,0,0,0,0,0,0.0,0,0,0,False,False,False,False,0.3833333333333333,0.5,0.2,0.2,0.3,0.9,0.5,0,0,sideways,0.23333333333333334,0.0,,,5031.727080106346,9,102,0.0,0.0,jupiter,True,10.0,0.19644095216085053,False,,0,1.0,True,
f7d0dbbd-92cd-436b-83d5-1128e00cadd2,6XNviVoHeiGKDd35TC3WWdZDAUVQYQq722i3vQtVbC6C,6XNviVoH,completed,2025-11-29T03:26:57.244807,2025-11-29T03:27:47.353805,0.8351499666666666,0.0004458,0.0004101,0.0004458,0.0004458,42.653589053387165,104007.77628233886,0.845444395517043,-3.7130776132794976,-8.00807537012113,False,stop_loss,0,0,0,0,0,15792.5,0,0,0,False,False,False,False,0.42041666666666666,0.5,0.2,1.0,0.3,0.9,0.5,0,0,sideways,0.2916666666666667,0.0,,,5045.108735661059,8,103,0.0,0.0,jupiter,True,10.0,8.00807537012113,False,,0,1.0,True,
5e273ffb-5204-4f7e-a2db-79cf7249794c,Bvcc1c5YaR9JBeMYVw2XD3xCyYTg9LYRWA4RevBZv4CE,Bvcc1c5Y,completed,2025-11-29T03:13:54.128614,2025-11-29T03:34:06.471064,20.205707500000003,5.776e-05,4.038e-05,0.000138,5.776e-05,33.04737603878117,818409.5106186519,0.6531264590632578,-14.22395729455217,-30.090027700831023,False,low_liquidity,0,0,0,0,0,0.0,0,0,0,False,False,False,False,0.30483333333333335,0.2,0.2,0.8,0.3,0.9,0.5,0,0,up,0.30333333333333334,17.375000000000004,,,5059.87402289277,11,104,0.0,0.0,jupiter,True,10.0,70.73913043478261,False,100,1,1.0,True,
c0a3f873-2838-4bb1-8bd4-3132ce5223f6,3eZNw4AqvgLj4sRfACsoWyhZ44rTutfqDvGKSBm56j3R,3eZNw4Aq,completed,2025-11-29T03:31:21.039947,2025-11-29T03:36:33.680923,5.2106829333333335,5.225e-06,5.199e-06,5.285e-06,5.225e-06,55.99331291866029,10770015.948963318,1.104111144840089,-0.28002041467304906,-0.49760765550239733,False,low_liquidity,0,0,0,0,0,87689.6,0,0,0,False,False,False,False,0.2965833333333333,0.2,0.2,0.6,0.3,0.9,0.5,0,0,sideways,0.2683333333333333,0.0,,,5071.347497970409,10,105,0.0,0.0,jupiter,True,10.0,1.6272469252601802,False,,0,1.0,True,
981d35cf-2ecc-4a69-a065-3d5615939c86,EEHY1aLRvAc6gFydz9EkYcBa5fS3e8VnNgHV3mnNkSU3,EEHY1aLR,completed,2025-11-29T03:29:22.277721,2025-11-29T03:40:14.429671,10.869199166666668,9.126e-06,1.025e-05,1.057e-05,9.126e-06,55.409452845350295,5405800.27759515,1.0805227426286956,6.076119512016947,12.316458470304621,True,low_liquidity,0,0,0,0,0,0.0,0,0,0,False,False,False,False,0.3833333333333333,0.5,0.2,0.2,0.3,0.9,0.5,0,0,sideways,0.23333333333333334,0.0,,,5128.022822596976,11,106,0.0,0.0,jupiter,True,10.0,3.0274361400189242,False,,0,1.0,True,
f00f23b1-82cc-42f6-9609-aa76821264b0,CqosZfuaxAMSnZrBkp66UwtoVuykXUjD6tcPTcLjYuwF,CqosZfua,completed,2025-11-29T03:37:51.198690,2025-11-29T03:42:16.803964,4.426754566666667,4.193e-05,5.92e-05,5.92e-05,4.193e-05,79.64868431512839,1345416.9647825742,1.5517600336273165,23.235350981795058,41.18769377533986,True,low_liquidity,0,0,0,0,0,0.0,0,0,0,False,False,False,False,0.29483333333333334,0.2,0.2,0.6,0.3,0.9,0.5,0,0,up,0.30333333333333334,17.375000000000004,,,5132.7964755572175,10,107,0.0,0.0,jupiter,True,10.0,0.0,False,,0,1.0,True,
09d8e911-b3f9-4fdf-8bfa-ca6b2afc5277,7J9mDwy79RouL8qRejJK1fxNT81ziNGFKAoVm7sBwfYd,7J9mDwy7,completed,2025-11-29T03:45:37.298245,2025-11-29T03:47:09.760199,1.5410325666666667,4.139e-06,4.345e-06,4.345e-06,4.139e-06,60.65573810099059,13959893.69412902,1.155445424346535,2.8757381009905814,4.977047596037696,True,low_liquidity,0,0,0,0,0,0.36,0,0,0,False,False,False,False,0.27775,0.2,0.2,0.2,0.3,0.9,0.5,0,0,sideways,0.245,0.0,,,5249.554572020967,11,108,0.0,0.0,jupiter,True,10.0,0.0,False,,0,1.0,True,
55016932-1021-4433-bc9d-24b308ff87a6,4beE1G48rMrTt2SnfhyuQa6MgSAhzkYZZx1ZZwyf8BzE,4beE1G48,completed,2025-11-29T03:37:57.510967,2025-11-29T03:50:51.643867,12.902215,6.626e-05,3.683e-05,0.0001038,6.626e-05,30.912150115705803,839319.851091659,0.5815417429154857,-24.701183217627534,-44.41593721702385,False,low_liquidity,0,0,0,0,0,0.0,0,0,0,False,False,False,False,0.30483333333333335,0.2,0.2,0.8,0.3,0.9,0.5,0,0,up,0.30333333333333334,17.375000000000004,,,5315.55137568142,11,109,0.0,0.0,jupiter,True,10.0,64.51830443159923,False,,0,1.0,True,
541c573c-7a50-4637-aef5-f85f5f8037c1,B4Ly97oiywKhjpQsnkLqTw7HMrZDCVM1pppaWyZz8js7,B4Ly97oi,completed,2025-11-29T01:52:20.927494,2025-11-29T03:54:58.098189,122.61951158333333,0.0001765,0.001473,0.001473,0.0001765,45.74506515580733,31055.712936732747,0.844499118952049,40.26373182247401,734.5609065155807,True,low_liquidity,0,0,0,0,0,27.61,0,0,0,False,False,False,False,0.3148333333333333,0.2,0.2,1.0,0.3,0.9,0.5,0,0,up,0.30333333333333334,17.375000000000004,,,5416.828049811708,10,110,0.0,0.0,jupiter,True,10.0,0.0,False,"400,700,100,500,200,600,300",7,1.0,True,
709f5a1e-f18c-44ca-a8d7-c1aac1497774,dv9KfEUHmgwePncSzdnYJXYv5D79fWExBq8t6DgoJpS,dv9KfEUH,completed,2025-11-29T02:21:24.108632,2025-11-29T03:59:23.835539,97.99544845,0.0001753,0.001039,0.001039,0.0001753,136.76314128161243,131629.58737402543,2.506115062109031,113.68847461494576,492.69823160296636,True,low_liquidity,0,0,0,0,0,28.17,0,0,0,False,False,False,False,0.27891666666666665,0.2,0.2,0.2,0.3,0.9,0.5,0,0,sideways,0.22166666666666668,0.0,,,5457.17726011027,11,111,0.0,0.0,jupiter,True,10.0,0.0,False,"200,100,400,300",4,1.0,True,
048a25b9-97eb-498d-940b-6bbea4ce2cd1,5NQj1ff8gz7geCgBb4N2ZooZ5QrofJEW69DjVypwg7x1,5NQj1ff8,completed,2025-11-29T02:18:14.823010,2025-11-29T04:03:07.694881,104.88119785,5.655e-05,0.0001084,0.0001084,5.655e-05,108.13802534630123,997583.2596522253,1.9337779118447005,51.724692012967886,91.68877099911585,True,low_liquidity,0,0,0,0,0,0.0,0,0,0,False,False,False,False,0.29483333333333334,0.2,0.2,0.6,0.3,0.9,0.5,0,0,up,0.30333333333333334,17.375000000000004,,,5592.060219735599,11,112,0.0,0.0,jupiter,True,10.0,0.0,False,,0,1.0,True,
c235f08a-9326-4f6a-bb71-2b38a012fea7,88FrtiZSXb5j4Rvn5Z3ge2hywGqsgNEudQam5NmsEU4h,88FrtiZS,completed,2025-11-29T04:02:48.413426,2025-11-29T04:03:19.223706,0.5135046666666666,1.028e-05,9.247e-06,1.028e-05,1.028e-05,42.42705901426719,4588197.146562906,0.750199803224374,-4.739607652399482,-10.048638132295721,False,stop_loss,0,0,0,0,0,12336.51,0,0,0,False,False,False,False,0.41041666666666665,0.5,0.2,0.8,0.3,0.9,0.5,0,0,sideways,0.2916666666666667,0.0,,,5655.434569819245,10,113,0.0,0.0,jupiter,True,10.0,10.048638132295721,False,,0,1.0,True,
59a3b367-7d93-456e-9125-dcb6f5bac96e,FQjR1TRnaWpyjiTJ2kUSC6Q7mJxQ72kADtQAucP4nqGy,FQjR1TRn,completed,2025-11-29T02:19:43.862727,2025-11-29T04:07:27.697617,107.7305815,3.663e-05,7.475e-05,7.475e-05,3.663e-05,100.46661206661207,1344034.944034944,1.7578137755042706,51.234612066612065,104.06770406770407,True,low_liquidity,0,0,0,0,0,73.68,0,0,0,False,False,False,False,0.27599999999999997,0.2,0.2,0.2,0.3,0.9,0.5,0,0,up,0.27999999999999997,15.125000000000002,,,5715.429783669253,10,114,0.0,0.0,jupiter,True,10.0,0.0,False,100,1,1.0,True,
b2afeb51-a34d-4c76-91c6-d0a718b813a6,Cp7bNwwr11kZmDKmVR5cMa914xvXtTKgEqKoBEp2UFMi,Cp7bNwwr,completed,2025-11-29T03:56:18.716412,2025-11-29T04:07:27.748963,11.150542516666667,1.339e-05,1.559e-05,1.565e-05,1.339e-05,63.958974358974366,4102564.1025641025,1.111955323458021,9.025641025641029,16.4301717699776,True,low_liquidity,0,0,0,0,0,0.0,0,0,0,False,False,False,False,0.31333333333333335,0.3,0.2,0.2,0.3,0.9,0.5,0,0,sideways,0.23333333333333334,0.0,,,5751.9374213768915,9,115,0.0,0.0,jupiter,True,10.0,0.3833865814696449,False,,0,1.0,True,
ded156c9-e180-4831-8210-e331a2f5430d,4pgyPoVGw8WtRKvCacnC4abAoxkFGqkkwJp2SczqY213,4pgyPoVG,completed,2025-11-29T03:56:09.387040,2025-11-29T04:15:46.913691,19.625444183333332,5.923e-05,3.727e-05,0.0001113,5.923e-05,34.994241656818055,938938.6009342113,0.5954009557425333,-20.61909167651528,-37.07580617930103,False,low_liquidity,0,0,0,0,0,0.0,0,0,0,False,False,False,False,0.30483333333333335,0.2,0.2,0.8,0.3,0.9,0.5,0,0,up,0.30333333333333334,17.375000000000004,,,5877.424501809242,11,116,0.0,0.0,jupiter,True,10.0,66.51392632524707,False,,0,1.0,True,
c10b6fa8-7c6b-4070-ae96-0b492186513a,GY284h4WriQwwFZNLgLpVqc2wkbVidw9pG2TWz5m2i4R,GY284h4W,completed,2025-11-29T03:28:40.237866,2025-11-29T04:15:47.014483,47.11294361666667,3.042e-05,9.876e-05,0.0001191,3.042e-05,120.53784615384615,1220512.8205128205,2.081152017642197,83.40984615384615,224.65483234714006,True,trailing_stop,0,0,0,0,0,118052.0,0,0,0,False,False,False,False,0.286,0.2,0.2,0.4,0.3,0.9,0.5,0,0,up,0.27999999999999997,15.125000000000002,,,5791.880897312215,10,117,0.0,0.0,jupiter,True,10.0,17.07808564231738,False,"200,100",2,1.0,True,
292ba4db-236f-4695-80e5-331eaa7e9b93,e1sa93ag2nhfSufKBmTfdaAyd6w6TpatTwSJAvGwoQL,e1sa93ag,completed,2025-11-29T04:09:02.742473,2025-11-29T04:18:28.856614,9.435235683333334,5.52e-05,2.923e-05,7.186e-05,5.52e-05,29.44887198067633,1007487.9227053141,0.5014288461117645,-26.164461352657007,-47.04710144927537,False,low_liquidity,0,0,0,0,0,0.0,0,0,0,False,False,False,False,0.30483333333333335,0.2,0.2,0.8,0.3,0.9,0.5,0,0,up,0.30333333333333334,17.375000000000004,,,5872.991194868835,9,118,0.0,0.0,jupiter,True,10.0,59.32368494294461,False,,0,1.0,True,
c19bcf76-a58f-4504-a952-26a6395fa386,CENr8QyoCitromTT2FVKoYRTSNCkecta9vsGQbfUN9Nw,CENr8Qyo,completed,2025-11-29T04:09:06.022408,2025-11-29T04:20:03.930471,10.965134383333332,1.042e-05,1.199e-05,1.22e-05,1.042e-05,63.210236724248254,5271912.987843891,1.0794434549223029,8.27690339091491,15.06717850287908,True,low_liquidity,0,0,0,0,0,0.0,0,0,0,False,False,False,False,0.31333333333333335,0.3,0.2,0.2,0.3,0.9,0.5,0,0,sideways,0.23333333333333334,0.0,,,5855.817313635762,8,119,0.0,0.0,jupiter,True,10.0,1.7213114754098333,False,,0,1.0,True,
08a514e3-c6c4-40b5-911b-8389b57aa946,7BrrB6xWpCz8S4umBPsr4Tx8JFyEhCQBZDJA46k94zK1,7BrrB6xW,completed,2025-11-29T04:09:23.867797,2025-11-29T04:20:03.996913,10.6688186,1.073e-05,1.186e-05,1.225e-05,1.073e-05,59.834234234234245,5045045.045045046,1.0212025957491009,5.700900900900899,10.531220876048456,True,low_liquidity,0,0,0,0,0,0.0,0,0,0,False,False,False,False,0.3233333333333333,0.3,0.2,0.4,0.3,0.9,0.5,0,0,sideways,0.23333333333333334,0.0,,,5859.193316125776,7,120,0.0,0.0,jupiter,True,10.0,3.1836734693877524,False,,0,1.0,True,
34859379-a13f-4778-8016-274c9c77b8c8,DnyoKs1wnjWJdimeGNdN7AwRwAeWPxNKq9ii6SEweSrn,DnyoKs1w,completed,2025-11-28T23:24:52.254128,2025-11-29T04:22:03.207134,297.1825501,0.0001467,0.007648,0.007648,0.0001467,270.19110202226807,35328.334469438814,4.774156182143228,265.0084353556014,5113.3605998636685,True,low_liquidity,0,0,0,0,0,0.39,0,0,0,False,False,False,False,0.3521666666666667,0.3,0.2,1.0,0.3,0.9,0.5,0,0,sideways,0.25666666666666665,0.0,,,5659.4525129459225,7,121,0.0,0.0,jupiter,True,10.0,0.0,False,"400,700,100,500,200,600,300",7,1.0,True,
aa479821-b00f-46f1-97e2-323eee5152ad,DKWKJJuTbUmi4EQAJtrxt44wSvSzhio1XDXYnNBveuVR,DKWKJJuT,completed,2025-11-29T04:23:28.157261,2025-11-29T04:24:03.119012,0.58269585,0.000179,0.000179,0.000179,0.000179,57.82666666666667,323054.00372439483,0.9815519019690395,0.0,0.0,False,low_liquidity,0,0,0,0,0,1.06,0,0,0,False,False,False,False,0.2771666666666667,0.2,0.2,0.2,0.3,0.9,0.5,0,0,sideways,0.25666666666666665,0.0,,,5891.350885334096,7,122,0.0,0.0,jupiter,True,10.0,0.0,False,,0,1.0,True,
0011626d-2397-4d1c-b85c-fa8b222d183c,2mHs5bLSuPrnqh9zPvAjTuHTfD7WUYaKkhUbrmUuxojo,2mHs5bLS,completed,2025-11-29T04:27:33.543553,2025-11-29T04:30:23.788391,2.8374139666666665,0.001054,0.0008173,0.001341,0.001054,42.35898924731183,51827.95698924732,0.7117302342468417,-12.267677419354845,-22.457305502846307,False,stop_loss,0,0,0,0,0,48364.76,0,0,0,False,False,False,False,0.31716666666666665,0.2,0.2,1.0,0.3,0.9,0.5,0,0,sideways,0.25666666666666665,0.0,,,5951.551193007339,10,123,0.0,0.0,jupiter,True,10.0,39.05294556301268,False,,0,1.0,True,
0815506d-af35-435b-b176-0da57bf116af,EDJRZqk3diGugJo6ckhAmStd4qztV3nYUmKaRP68qfjU,EDJRZqk3,completed,2025-11-29T04:21:08.686763,2025-11-29T04:32:45.242058,11.609254916666666,1.192e-05,1.361e-05,1.388e-05,1.192e-05,62.721700223713654,4608501.118568233,1.053812523187501,7.788366890380318,14.177852348993294,True,low_liquidity,0,0,0,0,0,0.0,0,0,0,False,False,False,False,0.31333333333333335,0.3,0.2,0.2,0.3,0.9,0.5,0,0,sideways,0.23333333333333334,0.0,,,5951.884120146654,9,124,0.0,0.0,jupiter,True,10.0,1.9452449567723278,False,,0,1.0,True,
ffeb7593-6667-4f76-8d6d-1c6251162298,FffgiLTywdXnTdbPLEZduGKNVKbwz8g2spoAvZQqUUkU,FffgiLTy,completed,2025-11-29T04:29:15.556395,2025-11-29T04:32:45.303948,3.49579255,0.0001737,0.0001844,0.0001844,0.0001737,58.04123584724623,314757.2442909231,0.9744078994468414,3.3679025139128824,6.160046056419123,True,low_liquidity,0,0,0,0,0,1.67,0,0,0,False,False,False,False,0.3165833333333333,0.2,0.2,1.0,0.3,0.9,0.5,0,0,sideways,0.2683333333333333,0.0,,,5956.564584523122,8,125,0.0,0.0,jupiter,True,10.0,0.0,False,,0,1.0,True,
b74bb765-7b7e-4286-a031-873fa1d80ff5,5TDU2qU8KpGi8zJp3MbMEVJ9wZ5LiJdwBByX48ofkUxh,5TDU2qU8,completed,2025-11-29T04:26:06.730891,2025-11-29T04:35:08.416813,9.0280987,7.631e-06,8.565e-06,8.73e-06,7.631e-06,54.473594548551965,6360022.714366837,0.9111607499538429,5.940261215218626,12.239549207181232,True,low_liquidity,0,0,0,0,0,0.0,0,0,0,False,False,False,False,0.3933333333333333,0.5,0.2,0.4,0.3,0.9,0.5,0,0,sideways,0.23333333333333334,0.0,,,5978.483440085787,10,126,0.0,0.0,jupiter,True,10.0,1.8900343642611603,False,,0,1.0,True,
46b83e35-786a-4ce8-847b-3917d61eb5d7,51Y6YAgCiZrjtnK61E3wz2vMxtoeUFv5u6QBFAixHRFL,51Y6YAgC,completed,2025-11-29T04:33:51.242814,2025-11-29T04:39:00.136067,5.148220883333334,3.511e-05,3.852e-05,3.852e-05,3.511e-05,61.89238393620052,1606759.7075856833,1.0282207261253982,5.479050602867174,9.712332668755328,True,low_liquidity,0,0,0,0,0,0.0,0,0,0,False,False,False,False,0.29483333333333334,0.2,0.2,0.6,0.3,0.9,0.5,0,0,up,0.30333333333333334,17.375000000000004,,,6019.367472724172,11,127,0.0,0.0,jupiter,True,10.0,0.0,False,,0,1.0,True,
0eb1ffb5-2b70-4e47-8f08-0c90bf81ad40,55HudfLkR7YLiZTXKWbiiymBxiYHf3UmGTDKghNygFsM,55HudfLk,completed,2025-11-29T03:47:28.166672,2025-11-29T04:41:28.690123,54.008724183333335,0.0001861,0.001718,0.001718,0.0001861,55.709604155471986,32427.010567795103,0.9186318674799512,49.67493748880531,823.1595916174099,True,low_liquidity,0,0,0,0,0,1700339.41,0,0,0,False,False,False,False,0.24566666666666667,0.1,0.2,0.2,0.3,0.9,0.5,0,0,sideways,0.18666666666666665,0.0,,,6064.410143782414,11,128,0.0,0.0,jupiter,True,10.0,0.0,False,"400,700,100,500,200,600,300",7,1.0,True,
69971b0a-5472-4a72-8703-49cd0c80c423,AJtXtyNEcF9qbyDM6U4wTdhUZbMXpvoYNmuZAfUYVnhb,AJtXtyNE,completed,2025-11-29T04:33:48.073474,2025-11-29T04:45:23.702762,11.593821466666666,1.33e-05,1.54e-05,1.54e-05,1.33e-05,63.498947368421064,4123308.270676692,1.0279968137536222,8.65894736842106,15.789473684210542,True,low_liquidity,0,0,0,0,0,0.0,0,0,0,False,False,False,False,0.3145,0.3,0.2,0.2,0.3,0.9,0.5,0,0,sideways,0.21000000000000002,0.0,,,6176.959550736479,11,129,0.0,0.0,jupiter,True,10.0,0.0,False,,0,1.0,True,
36bd668b-f2b1-40b3-8560-e9c05ac93574,FuHNVaSMQ3rjfseovNntn8RFj8gjhDcSL4CDG5WrNzv7,FuHNVaSM,completed,2025-11-29T04:46:22.828821,2025-11-29T04:49:53.729539,3.515011966666667,1.244e-05,1.341e-05,1.341e-05,1.244e-05,59.21672025723474,4415862.808145767,0.9227447435448033,4.283386923901398,7.797427652733126,True,low_liquidity,0,0,0,0,0,0.0,0,0,0,False,False,False,False,0.31333333333333335,0.3,0.2,0.2,0.3,0.9,0.5,0,0,sideways,0.23333333333333334,0.0,,,6417.454087004453,11,130,0.0,0.0,jupiter,True,10.0,0.0,False,,0,1.0,True,
5667e726-0631-4b69-b676-e5152f48bd85,7KH5Pfoo6TXArPQjSiRQSmjcVw99R4UoaLKw8SNhZrtz,7KH5Pfoo,completed,2025-11-29T03:43:49.681738,2025-11-29T04:51:52.390223,68.04514141666667,0.0001388,0.0004163,0.0004163,0.0001388,139.74043275696442,335672.43035542744,2.1839802507178168,93.1490994236311,199.92795389048987,True,low_liquidity,0,0,0,0,0,49.41,0,0,0,False,False,False,False,0.3148333333333333,0.2,0.2,1.0,0.3,0.9,0.5,0,0,up,0.30333333333333334,17.375000000000004,,,6398.42932238217,11,131,0.0,0.0,jupiter,True,10.0,0.0,False,100,1,1.0,True,
298cca1c-1fc2-4f6d-aaa4-22be5ff6f7cd,CoYgCwpeJxnMQhjmvV9GwenFZyL9mr8NXSASWyvzZrCc,CoYgCwpe,completed,2025-11-29T02:17:47.431520,2025-11-29T04:53:48.724888,156.02155613333335,0.0001088,0.0001719,0.0003238,0.0001088,79.58432812500001,462968.75000000006,1.2530918985409292,29.213328125000004,57.99632352941176,True,low_liquidity,0,0,0,0,0,9.26,0,0,0,False,False,False,False,0.25925,0.1,0.2,0.6,0.3,0.9,0.5,0,0,up,0.315,20.75,,,6351.0368407669175,11,132,0.0,0.0,jupiter,True,10.0,46.911673872760964,False,100,1,1.0,True,
96ef7fbc-c856-4b96-b692-fd4d16e927b6,BKyr1FVUvKmNajo8ruA7DL4sTftu2XKY2zymQuSkjj6a,BKyr1FVU,completed,2025-11-29T04:42:44.309121,2025-11-29T04:53:48.771406,11.074371416666667,0.4083,0.5525,1.7,0.4083,35.12833700710262,63.58070046534411,0.5492670843436775,9.16833700710262,35.317168748469264,True,trailing_stop,0,0,0,0,0,38898.61,0,0,0,False,False,False,False,0.351,0.3,0.2,1.0,0.3,0.9,0.5,0,0,up,0.27999999999999997,15.125000000000002,,,6395.492831884815,10,133,0.0,0.0,jupiter,True,10.0,67.5,False,"200,100,300",3,1.0,True,
4f80fbd4-b3b8-4d0d-ade0-2c94936814df,Bcui8RgknoU4e1MuHoWn97F3EeV7ByhqLfw2UDTKD4Ah,Bcui8Rgk,completed,2025-11-29T04:54:48.120676,2025-11-29T05:00:34.649739,5.775484383333334,3.431e-05,4.182e-05,4.196e-05,3.431e-05,68.76145730107841,1644224.2300592638,1.0577128744412443,12.348123967745073,21.888662197610028,True,low_liquidity,0,0,0,0,0,0.0,0,0,0,False,False,False,False,0.29483333333333334,0.2,0.2,0.6,0.3,0.9,0.5,0,0,up,0.30333333333333334,17.375000000000004,,,6500.956825112191,11,134,0.0,0.0,jupiter,True,10.0,0.3336510962821622,False,,0,1.0,True,
f87fa05d-285b-4814-aac2-8a33cf210941,6tCz4sJiJJFkizLiP2XEDAsZxpaHxFo4ApV9dg9ieRCC,6tCz4sJi,completed,2025-11-29T04:50:33.773331,2025-11-29T05:02:37.802340,12.06715015,7.264e-06,8.627e-06,8.627e-06,7.264e-06,58.47927863436123,6778634.361233479,0.8933032844061096,9.239278634361234,18.763766519823793,True,low_liquidity,0,0,0,0,0,0.0,0,0,0,False,False,False,False,0.3845,0.5,0.2,0.2,0.3,0.9,0.5,0,0,sideways,0.21000000000000002,0.0,,,6546.408107436851,11,135,0.0,0.0,jupiter,True,10.0,0.0,False,,0,1.0,True,
57820d48-678d-4c7e-983d-a165c28df56d,6GsXeBktV31U7vXpqFFUZR3VxzT1nfRn7FRz9SgKbFZc,6GsXeBkt,completed,2025-11-29T05:01:17.062798,2025-11-29T05:02:37.860648,1.3466308333333332,9.504e-05,0.0001031,0.0001031,9.504e-05,64.90035072951741,629489.3378226713,0.9923620701203203,5.073684062850731,8.480639730639732,True,low_liquidity,0,0,0,0,0,0.0,0,0,0,False,False,False,False,0.25216666666666665,0.1,0.2,0.4,0.3,0.9,0.5,0,0,up,0.25666666666666665,15.125000000000002,,,6539.987035341696,10,136,0.0,0.0,jupiter,True,10.0,0.0,False,,0,1.0,True,
7d371467-64a3-44ab-abce-289899c08549,FWQxJGbW3zSiv1KSsf4sqeQBvdKw3oivydDHF7FWQDMT,FWQxJGbW,completed,2025-11-29T05:03:27.771908,2025-11-29T05:06:46.258140,3.308103866666667,8.705e-06,8.859e-06,9.23e-06,8.705e-06,50.11110396323951,5656519.241815048,0.7567202692395832,0.871103963239511,1.7690982194141165,True,low_liquidity,0,0,0,0,0,0.0,0,0,0,False,False,False,False,0.3845,0.5,0.2,0.2,0.3,0.9,0.5,0,0,sideways,0.21000000000000002,0.0,,,6622.143743234921,11,137,0.0,0.0,jupiter,True,10.0,4.019501625135432,False,,0,1.0,True,
fb55fe43-e29b-4b83-aab7-c411d53335a9,5uFY2p8ZXisw4V1B1keA9YRb2uxqpnvqEBhNqpM7uCUD,5uFY2p8Z,completed,2025-11-29T05:03:15.671320,2025-11-29T05:06:46.332758,3.511023966666667,1.22e-05,1.308e-05,1.465e-05,1.22e-05,58.69560655737705,4487431.693989071,0.8875040567670195,3.9489398907103825,7.213114754098362,True,trailing_stop,0,0,0,0,0,24732.83,0,0,0,False,False,False,False,0.31566666666666665,0.3,0.2,0.2,0.3,0.9,0.5,0,0,sideways,0.18666666666666665,0.0,,,6613.559240640784,10,138,0.0,0.0,jupiter,True,10.0,10.716723549488055,False,,0,1.0,True,
fce60c94-a8f9-4294-a8be-5c8449f8d7b4,AZ3XKcy7v22Xi7kbKatDRUFMCjc8TKZcUPkfQCLGVcji,AZ3XKcy7,completed,2025-11-29T05:07:44.422503,2025-11-29T05:14:52.937929,7.141923766666666,0.01954,0.02099,0.02099,0.01954,23.891438048020085,1138.2295401629387,0.35336069253529545,1.650432833236265,7.420675537359281,True,low_liquidity,0,0,0,0,0,2520.09,0,0,0,False,False,False,False,0.491,0.7,0.2,1.0,0.3,0.9,0.5,0,0,sideways,0.27999999999999997,0.0,,,6761.204217878219,11,139,0.0,0.0,jupiter,True,10.0,0.0,False,,0,1.0,True,
6f505340-b5ef-4f8b-a658-430c004cbec1,QpqBzUef3wtdQypZbdJHSN3RTVkMWVyeB8VsdmNE8A3,QpqBzUef,completed,2025-11-29T05:09:30.203975,2025-11-29T05:14:53.014880,5.38018175,1.208e-05,1.566e-05,1.761e-05,1.208e-05,70.9712582781457,4532008.830022075,1.0570441367307162,16.224591611479028,29.63576158940397,True,trailing_stop,0,0,0,0,0,27104.56,0,0,0,False,False,False,False,0.31566666666666665,0.3,0.2,0.2,0.3,0.9,0.5,0,0,sideways,0.18666666666666665,0.0,,,6714.124397648095,10,140,0.0,0.0,jupiter,True,10.0,11.073253833049405,False,,0,1.0,True,
9f7c140e-9975-4117-80e3-0df361c42101,2B4F9RWmZ19zBpt5kYRN9CrEubHm1zt1aYCdHTwBirBo,2B4F9RWm,completed,2025-11-29T04:40:39.088059,2025-11-29T05:17:42.958509,37.0645075,0.3327,1.76,1.76,0.3327,109.86378118425009,62.42260294559664,1.6373484116824284,89.09578118425009,429.00510970844607,True,low_liquidity,0,0,0,0,0,44312.64,0,0,0,False,False,False,False,0.351,0.3,0.2,1.0,0.3,0.9,0.5,0,0,up,0.27999999999999997,15.125000000000002,,,6709.859697568064,11,141,0.0,0.0,jupiter,True,10.0,0.0,False,"200,100,400,300",4,1.0,True,
aed1aa69-094a-4d32-87a8-189f3450b5b5,GZ6Dz31VqBGWkd11t4iiXpBTxMPfh3sPBeWRtxL95M6t,GZ6Dz31V,completed,2025-11-29T02:51:39.983726,2025-11-29T05:19:32.250708,147.87111636666666,0.0001572,0.0003982,0.0004099,0.0001572,129.3162099236641,324751.90839694656,1.9167859405390528,78.26520992366412,153.30788804071244,True,low_liquidity,0,0,0,0,0,0.0,0,0,0,False,False,False,False,0.24925,0.1,0.2,0.4,0.3,0.9,0.5,0,0,up,0.315,20.75,,,6746.51285721017,11,142,0.0,0.0,jupiter,True,10.0,2.8543547206635798,False,100,1,1.0,True,
874e3005-c0e6-4dde-aa08-d0475a95bf0d,CRvxFPGhy4LAjrrSw6MopDGmw3BD3ZEmAzjj3Z7ZKGCB,CRvxFPGh,completed,2025-11-29T05:18:10.134217,2025-11-29T05:19:32.334500,1.3700047166666667,0.0009356,0.0009356,0.0009356,0.0009356,54.67333333333334,58436.65384067266,0.8015259505425679,0.0,0.0,False,low_liquidity,0,0,0,0,0,0.0,0,0,0,False,False,False,False,0.3165833333333333,0.2,0.2,1.0,0.3,0.9,0.5,0,0,sideways,0.2683333333333333,0.0,,,6821.155733800501,10,143,0.0,0.0,jupiter,True,10.0,0.0,False,,0,1.0,True,
a665033e-ceb0-4fe0-89db-0ab0ea57bc96,GwJnfbzpdmxyV5GuPwPQBPFebCNrijvZZT9gZstyKgrD,GwJnfbzp,completed,2025-11-29T04:52:40.402305,2025-11-29T05:20:59.066249,28.311065733333333,0.001751,0.001766,0.001933,0.001751,57.96568056348754,32823.14867694651,0.8469876950227875,0.49234723015419896,0.8566533409480319,True,low_liquidity,0,0,0,0,0,179331.88,0,0,0,False,False,False,False,0.28158333333333335,0.1,0.2,1.0,0.3,0.9,0.5,0,0,up,0.2683333333333333,16.25,,,6843.745299266481,9,144,0.0,0.0,jupiter,True,10.0,8.639420589756856,False,,0,1.0,True,
bd51483d-44f6-41cf-8d26-a9a2c1781cdc,F93Syu2XfzeDPdcuDhYeUqQZTpfn86m49sZTNqwbGMaG,F93Syu2X,completed,2025-11-29T04:55:09.266302,2025-11-29T05:20:59.117724,25.830857033333334,4.252e-06,6.082e-06,6.096e-06,4.252e-06,81.50337723424273,13400752.587017877,1.1950278053592251,24.52337723424272,43.03857008466604,True,low_liquidity,0,0,0,0,0,5.75,0,0,0,False,False,False,False,0.28775,0.2,0.2,0.4,0.3,0.9,0.5,0,0,sideways,0.245,0.0,,,6820.207602595726,8,145,0.0,0.0,jupiter,True,10.0,0.2296587926509081,False,,0,1.0,True,
ddea31b0-b85f-4a16-8564-48f0dc37dac6,BQnBUd9F3Tro7y3yDTtYTTEZoqTcbLKFb7gXBV1Vbhvx,BQnBUd9F,completed,2025-11-29T05:16:29.278226,2025-11-29T05:23:39.422101,7.169064583333333,0.0013,0.001974,0.003138,0.0013,70.5062184615385,35717.43589743591,1.0252577547732666,24.07355179487181,51.846153846153854,True,trailing_stop,0,0,0,0,0,68081.93,0,0,0,False,False,False,False,0.31716666666666665,0.2,0.2,1.0,0.3,0.9,0.5,0,0,sideways,0.25666666666666665,0.0,,,6876.926132310093,11,146,0.0,0.0,jupiter,True,10.0,37.09369024856597,False,100,1,1.0,True,
9f436178-16f5-4927-8e65-9f0808032d40,D7bxDqp297RUmrkErmuq9pVcc3S3iLM9BA3WGPAPXKyp,D7bxDqp2,completed,2025-11-29T04:28:21.457431,2025-11-29T05:25:34.283592,57.21376935,4.231e-05,6.13e-05,9.345e-05,4.231e-05,68.48812888993935,1117261.482707004,0.988052211436338,21.216795556606005,44.8830063814701,True,trailing_stop,0,0,0,0,0,105330.11,0,0,0,False,False,False,False,0.30483333333333335,0.2,0.2,0.8,0.3,0.9,0.5,0,0,up,0.30333333333333334,17.375000000000004,,,6931.630545148793,11,147,0.0,0.0,jupiter,True,10.0,34.40342429106474,False,100,1,1.0,True,
de3a29f7-7cdb-4309-9fb4-b16de62bd1a4,ZJdYsMRztFczH7VR3mywQSKQb54EU4b8KcK4fWdDDtN,ZJdYsMRz,completed,2025-11-29T05:22:56.538469,2025-11-29T05:25:34.336921,2.6299742,0.001142,0.0008038,0.001243,0.001142,38.44913718622301,47834.2089900759,0.5522976490436305,-16.17752948044367,-29.614711033274954,False,stop_loss,0,0,0,0,0,47956.38,0,0,0,False,False,False,False,0.31716666666666665,0.2,0.2,1.0,0.3,0.9,0.5,0,0,sideways,0.25666666666666665,0.0,,,6961.66953685251,10,148,0.0,0.0,jupiter,True,10.0,35.33386967015285,False,,0,1.0,True,
2b4e2a65-1d4c-4c04-b5a5-76279f325fe9,5KBuDktrgVWP6T1mnfKTGCnKutEQor6ZbZwRcUyo2cDQ,5KBuDktr,completed,2025-11-29T05:16:44.118536,2025-11-29T05:26:08.493416,9.406248,1.392e-05,1.546e-05,1.572e-05,1.392e-05,60.12222222222224,3888888.88888889,0.8613425916398668,5.9888888888888925,11.0632183908046,True,low_liquidity,0,0,0,0,0,0.0,0,0,0,False,False,False,False,0.3233333333333333,0.3,0.2,0.4,0.3,0.9,0.5,0,0,sideways,0.23333333333333334,0.0,,,6980.05913161203,9,149,0.0,0.0,jupiter,True,10.0,1.6539440203562183,False,,0,1.0,True,
0d26adb7-2d72-40d0-9004-f8bf8f77f24d,7wtki92QVrijS3YKQDe3JmXeJbe24Be64JTwgD7bVLMA,7wtki92Q,completed,2025-11-29T04:35:41.017128,2025-11-29T05:27:51.752347,52.17892031666667,0.0001783,0.0006496,0.0006496,0.0001783,136.94184931762945,210809.4971022621,1.9443283734615033,99.35451598429613,264.32978126752664,True,low_liquidity,0,0,0,0,0,16.33,0,0,0,False,False,False,False,0.2771666666666667,0.2,0.2,0.2,0.3,0.9,0.5,0,0,sideways,0.25666666666666665,0.0,,,7043.1441101603,9,150,0.0,0.0,jupiter,True,10.0,0.0,False,"200,100",2,1.0,True,
187be771-06b8-4160-9806-1f49d8b88eb8,38BzoVe5Y3CYjHwdZZwx5kR86Htj6xK5u6c5XqYNNK5s,38BzoVe5,completed,2025-11-29T05:22:37.947633,2025-11-29T05:28:25.918994,5.7995226833333335,0.1927,0.4445,0.5743,0.1927,101.7990347690711,229.01920083030618,1.4452843356124745,57.6670347690711,130.66943435391804,True,trailing_stop,0,0,0,0,0,34920.37,0,0,0,False,False,False,False,0.351,0.3,0.2,1.0,0.3,0.9,0.5,0,0,up,0.27999999999999997,15.125000000000002,,,7043.529931148895,8,151,0.0,0.0,jupiter,True,10.0,22.601427825178483,False,100,1,1.0,True,
551f251a-6b9e-429c-bf6d-d8a66845d408,ftwakJFQVnLoXfCDWf1TSmxbEiCoszvk5gnnifzrgNk,ftwakJFQ,completed,2025-11-29T05:22:41.221309,2025-11-29T05:28:25.983010,5.7460283500000005,0.2269,0.5243,0.6794,0.2269,101.97623446452182,194.49977963860732,1.447836539679851,57.84423446452182,131.07095636844426,True,trailing_stop,0,0,0,0,0,37921.78,0,0,0,False,False,False,False,0.351,0.3,0.2,1.0,0.3,0.9,0.5,0,0,up,0.27999999999999997,15.125000000000002,,,7043.352731453445,7,152,0.0,0.0,jupiter,True,10.0,22.828966735354726,False,100,1,1.0,True,
42421763-3a5a-45ba-a6d8-77bcb51328e8,HeWYACG8evkHMzdgZkaNvJoZ4u4p41w2aac2kr1T6sch,HeWYACG8,completed,2025-11-29T05:26:46.016184,2025-11-29T05:30:14.110583,3.4682399833333335,0.4191,0.2903,0.6163,0.4191,37.93548874572497,130.67684721228028,0.5339856318929773,-16.831177920941695,-30.732522071104746,False,stop_loss,0,0,0,0,0,45780.85,0,0,0,False,False,False,False,0.3154166666666667,0.2,0.2,1.0,0.3,0.9,0.5,0,0,up,0.2916666666666667,16.25,,,7104.215259733448,9,153,0.0,0.0,jupiter,True,10.0,52.89631672886581,False,,0,1.0,True,
cbd157bd-e463-4f46-9ac9-99b1c890f08a,6TRJij8gm8VzTvm8sX8errnfPbqmYgrKaHpAvNjVNyxq,6TRJij8g,completed,2025-11-29T05:22:53.349938,2025-11-29T05:32:16.814475,9.391075616666665,0.5278,0.6338,1.74,0.5278,40.525733990147785,63.94088669950739,0.5693217953568287,6.777733990147782,20.08336491095111,True,trailing_stop,0,0,0,0,0,41711.31,0,0,0,False,False,False,False,0.351,0.3,0.2,1.0,0.3,0.9,0.5,0,0,up,0.27999999999999997,15.125000000000002,,,7118.24741660344,8,154,0.0,0.0,jupiter,True,10.0,63.574712643678154,False,"200,100",2,1.0,True,
bbcb7059-104a-484b-b4f0-8dc17d95969d,CodpArw8n8ym7bPoZcxk6FyJ8AznYQUEP4m7gevH5qsn,CodpArw8,completed,2025-11-29T05:29:59.697912,2025-11-29T05:34:17.066615,4.289478383333333,0.000161,0.0003597,0.0003597,0.000161,108.35683229813664,301242.2360248447,1.5232404374808364,59.856832298136645,123.41614906832297,True,low_liquidity,0,0,0,0,0,6.4,0,0,0,False,False,False,False,0.39375,0.5,0.2,0.4,0.3,0.9,0.5,0,0,sideways,0.22500000000000003,0.0,,,7113.573775479544,10,155,0.0,0.0,jupiter,True,10.0,0.0,False,,0,1.0,True,
a94876d7-20bf-45b3-8bce-5f17f1892115,6H1fCiSdgzkj8dgUPJ5f1ZpnmqV6QUBJKTw1t2vsuEmp,6H1fCiSd,completed,2025-11-29T05:33:25.412503,2025-11-29T05:38:30.593579,5.086351266666667,0.001542,0.001542,0.001542,0.001542,54.766666666666666,35516.64504971898,0.7508413201743847,0.0,0.0,False,low_liquidity,0,0,0,0,0,9354.42,0,0,0,False,False,False,False,0.3154166666666667,0.2,0.2,1.0,0.3,0.9,0.5,0,0,up,0.2916666666666667,16.25,,,7294.040058150633,11,156,0.0,0.0,jupiter,True,10.0,0.0,False,,0,1.0,True,
03c91537-ad34-46d9-ad2a-ab4968d468db,3zK5WtCiGaYwSodm5q4DEtYn4FeRfUSmzLkgHDt3R3Ce,3zK5WtCi,completed,2025-11-29T05:29:33.118830,2025-11-29T05:38:54.843126,9.3620716,1.088e-05,1.209e-05,1.225e-05,1.088e-05,60.15367647058825,4975490.196078433,0.8235363473572803,6.020343137254905,11.121323529411768,True,low_liquidity,0,0,0,0,0,0.0,0,0,0,False,False,False,False,0.3233333333333333,0.3,0.2,0.4,0.3,0.9,0.5,0,0,sideways,0.23333333333333334,0.0,,,7304.313484598559,10,157,0.0,0.0,jupiter,True,10.0,1.3061224489795933,False,,0,1.0,True,
49e48800-515c-4565-8d47-c0d703e0877f,FEf5aCeEDTj3wpyxmvKjjiTV6DewochvoRwMBFNa8GAR,FEf5aCeE,completed,2025-11-29T05:29:23.595568,2025-11-29T05:41:02.920901,11.655422216666667,0.4988,0.7002,1.78,0.4988,47.374397754611074,67.65838011226946,0.649566417439559,13.62639775461107,40.37690457097033,True,trailing_stop,0,0,0,0,0,43822.52,0,0,0,False,False,False,False,0.351,0.3,0.2,1.0,0.3,0.9,0.5,0,0,up,0.27999999999999997,15.125000000000002,,,7293.233837634344,10,158,0.0,0.0,jupiter,True,10.0,60.66292134831461,False,"200,100",2,1.0,True,
f3fd4d83-2538-4096-8da5-2f5f16502654,BdRGM6iZpHJMgZCEdvKrzkCECf89b87pGHUZ92SwqN9U,BdRGM6iZ,completed,2025-11-29T05:37:01.244937,2025-11-29T05:42:51.824566,5.842993816666667,0.1656,0.1656,0.1656,0.1656,51.78,312.6811594202899,0.7074648325079311,0.0,0.0,False,low_liquidity,0,0,0,0,0,95842.25,0,0,0,False,False,False,False,0.35275,0.3,0.2,1.0,0.3,0.9,0.5,0,0,sideways,0.24499999999999997,0.0,,,7319.091723109716,11,159,0.0,0.0,jupiter,True,10.0,0.0,False,,0,1.0,True,
afac78f8-a9c9-459c-b4e8-ac1a4549546c,B4SeP5jgHdFc3sB6uyp5StG5L5ZtJnLUA6JnDtsxT3Kk,B4SeP5jg,completed,2025-11-29T05:41:27.815344,2025-11-29T05:42:51.888590,1.4012207666666667,0.0009523,0.0009523,0.0009523,0.0009523,54.67333333333334,57411.880009800836,0.7472915634673544,0.0,0.0,False,low_liquidity,0,0,0,0,0,0.0,0,0,0,False,False,False,False,0.3165833333333333,0.2,0.2,1.0,0.3,0.9,0.5,0,0,sideways,0.2683333333333333,0.0,,,7316.198389776383,10,160,0.0,0.0,jupiter,True,10.0,0.0,False,,0,1.0,True,
04bd64f6-b1ee-4edd-be66-180a23127533,AKtagHQ1vVXoH2kuoQg3cndDp9L9kT49WKgthYiWXQnT,AKtagHQ1,completed,2025-11-29T05:39:56.684151,2025-11-29T05:46:46.637843,6.832561533333333,1.413e-05,1.416e-05,1.416e-05,1.413e-05,54.482094833687185,3847605.56735079,0.7372689525298821,0.1154281670205226,0.2123142250530765,True,low_liquidity,0,0,0,0,0,25876.62,0,0,0,False,False,False,False,0.3204166666666667,0.3,0.2,0.4,0.3,0.9,0.5,0,0,up,0.2916666666666667,16.25,,,7389.717774868457,11,161,0.0,0.0,jupiter,True,10.0,0.0,False,,0,1.0,True,
cb82f410-4f97-4cbd-865a-e8d266443312,3wqzB6oUP5rwvaWdch78y5iQgyuE8jB7gSdPRZWjDNgc,3wqzB6oU,completed,2025-11-29T05:46:04.768372,2025-11-29T05:46:46.699886,0.6988585666666667,1.32e-05,1.291e-05,1.32e-05,1.32e-05,52.944040404040415,4101010.101010102,0.7163064251432918,-1.189292929292932,-2.1969696969697012,False,low_liquidity,0,0,0,0,0,0.0,0,0,0,False,False,False,False,0.3233333333333333,0.3,0.2,0.4,0.3,0.9,0.5,0,0,sideways,0.23333333333333334,0.0,,,7391.255829298104,10,162,0.0,0.0,jupiter,True,10.0,2.1969696969697012,False,,0,1.0,True,
3d40169e-57ce-4263-9646-c36355f18015,GV1fr3jYnJuBguyCjnNPjrca9CnGq28xPewJxD9B9eUt,GV1fr3jY,completed,2025-11-29T05:48:36.771697,2025-11-29T05:49:24.985645,0.8035658,0.001371,0.001075,0.001371,0.001371,42.832725504497944,39844.39581813762,0.5736786214748929,-11.793941162168737,-21.590080233406276,False,stop_loss,0,0,0,0,0,55529.71,0,0,0,False,False,False,False,0.31716666666666665,0.2,0.2,1.0,0.3,0.9,0.5,0,0,sideways,0.25666666666666665,0.0,,,7466.327644278883,10,163,0.0,0.0,jupiter,True,10.0,21.590080233406276,False,,0,1.0,True,
9d402634-7b4f-49f7-9c93-e8e8f4f6b089,FRSRz7Y8zLEgY2GpbQDDheJvykfevNh84VHtRB1yycuQ,FRSRz7Y8,completed,2025-11-29T05:41:58.304052,2025-11-29T05:53:05.834169,11.12550195,1.232e-05,1.367e-05,1.389e-05,1.232e-05,60.06515151515152,4393939.3939393945,0.8009324471777972,5.931818181818178,10.957792207792199,True,low_liquidity,0,0,0,0,0,0.0,0,0,0,False,False,False,False,0.3233333333333333,0.3,0.2,0.4,0.3,0.9,0.5,0,0,sideways,0.23333333333333334,0.0,,,7499.402943007225,11,164,0.0,0.0,jupiter,True,10.0,1.5838732901367982,False,,0,1.0,True,
c725c4c0-507c-41cb-8d1b-8c1e345de452,HJcTy7xmzTzGYhk7b571R5p1nrgfemYh7fGSqDTZiwFu,HJcTy7xm,completed,2025-11-29T05:49:46.629624,2025-11-29T05:55:18.794966,5.536089033333334,5.491e-05,5.326e-05,5.491e-05,5.491e-05,53.94219874946883,1012808.838705761,0.7171414376921035,-1.671134583864505,-3.00491713713349,False,low_liquidity,0,0,0,0,0,0.0,0,0,0,False,False,False,False,0.30483333333333335,0.2,0.2,0.8,0.3,0.9,0.5,0,0,up,0.30333333333333334,17.375000000000004,,,7521.835430827287,11,165,0.0,0.0,jupiter,True,10.0,3.00491713713349,False,,0,1.0,True,
bc7af047-494e-424e-ab3c-9b083e9cbd49,GgKmgZW3rmpnYweegq47ViphJ4z6jniv9qDEVpTiyya2,GgKmgZW3,completed,2025-11-29T05:50:01.454412,2025-11-29T05:55:18.851099,5.2899447833333335,1.481e-05,1.346e-05,1.514e-05,1.481e-05,48.556578888138645,3607472.428539275,0.645079752024773,-4.870087778528024,-9.115462525320734,False,stop_loss,0,0,0,0,0,25166.75,0,0,0,False,False,False,False,0.33216666666666667,0.3,0.2,0.6,0.3,0.9,0.5,0,0,sideways,0.25666666666666665,0.0,,,7527.221050688618,10,166,0.0,0.0,jupiter,True,10.0,11.096433289299872,False,,0,1.0,True,
e1446b41-b8b0-4dc1-a314-03343827bd97,DRSwwLQxM9qhyxLiXCPQW8PUkjPDDk6xpZTdjCB31Qwt,DRSwwLQx,completed,2025-11-29T04:04:31.723898,2025-11-29T06:01:11.891648,116.6694625,0.0001789,0.0002641,0.0006687,0.0001789,52.59659511831564,199154.08980808646,0.6971569695772489,16.96792845164897,47.624371157070996,True,low_liquidity,0,0,0,0,0,71.99,0,0,0,False,False,False,False,0.3148333333333333,0.2,0.2,1.0,0.3,0.9,0.5,0,0,up,0.30333333333333334,17.375000000000004,,,7544.440838081249,11,167,0.0,0.0,jupiter,True,10.0,60.505458352026324,False,"200,100",2,1.0,True,
963f8564-f53e-427b-b5b7-ad5ceadac83e,HoFfHZ7eRYQfBBDYM9vUnHG3SopziLNtqb8DNET4ZtcG,HoFfHZ7e,completed,2025-11-29T05:55:41.341604,2025-11-29T06:03:21.187592,7.6640998,2.304e-05,3.904e-05,3.904e-05,2.304e-05,92.92333333333333,2380208.3333333335,1.2326455243010774,38.083333333333336,69.44444444444444,True,low_liquidity,0,0,0,0,0,0.0,0,0,0,False,False,False,False,0.3145,0.3,0.2,0.2,0.3,0.9,0.5,0,0,sideways,0.21000000000000002,0.0,,,7538.528433470101,11,168,0.0,0.0,jupiter,True,10.0,0.0,False,,0,1.0,True,
7552d80a-cda9-4866-a419-ad777f42f71d,32UPr6pUUhf2VNPzDMcjgAkDAjenvGcSEuZAHPXQ9QHK,32UPr6pU,completed,2025-11-29T05:54:32.867474,2025-11-29T06:05:35.736588,11.047818566666667,1.397e-05,1.549e-05,1.559e-05,1.397e-05,60.023287998091156,3874970.1741827736,0.7872557052231475,5.889954664757812,10.880458124552606,True,low_liquidity,0,0,0,0,0,0.0,0,0,0,False,False,False,False,0.3233333333333333,0.3,0.2,0.4,0.3,0.9,0.5,0,0,sideways,0.23333333333333334,0.0,,,7624.370023597043,11,169,0.0,0.0,jupiter,True,10.0,0.641436818473396,False,,0,1.0,True,
bcbb2798-0037-4f95-8d77-1a0e8efeaf7d,8aNo4hj1vW1eHGwm6BfYmARHatdBLKXr8pzeuS9keJhu,8aNo4hj1,completed,2025-11-29T05:46:08.390405,2025-11-29T06:07:05.817983,20.957126300000002,0.4364,0.8484,0.8484,0.4364,100.93704857928506,118.97341888175986,1.3226576373840224,49.01704857928507,94.40879926672778,True,low_liquidity,0,0,0,0,0,21211.67,0,0,0,False,False,False,False,0.351,0.3,0.2,1.0,0.3,0.9,0.5,0,0,up,0.27999999999999997,15.125000000000002,,,7631.381373861817,11,170,0.0,0.0,jupiter,True,10.0,0.0,False,,0,1.0,True,
a82bde38-5919-4801-91b1-a5a9288eff92,7wT3v8yApb9t79aVLAwih9YtXpGLFKYCKk5opeXvgv2e,7wT3v8yA,completed,2025-11-29T06:02:34.325228,2025-11-29T06:07:40.550108,5.1037479999999995,0.442,0.4026,1.051,0.442,40.198061538461545,99.84615384615385,0.5262865701073013,-3.9339384615384607,-8.914027149321264,False,stop_loss,0,0,0,0,0,33276.76,0,0,0,False,False,False,False,0.351,0.3,0.2,1.0,0.3,0.9,0.5,0,0,up,0.27999999999999997,15.125000000000002,,,7638.055732690617,10,171,0.0,0.0,jupiter,True,10.0,61.693625118934335,False,100,1,1.0,True,
9ac2c3a0-9b8a-41d7-bde3-a4c9a563d212,vkvxPV2n2kneVNxY9pyZHFrya5YT9S5gVT3tnnR2BMc,vkvxPV2n,completed,2025-11-29T06:03:55.092916,2025-11-29T06:09:55.962615,6.014494983333334,0.0008573,0.0008573,0.0008573,0.0008573,51.82666666666667,60453.36132820095,0.6783070120567389,0.0,0.0,False,low_liquidity,0,0,0,0,0,49578.08,0,0,0,False,False,False,False,0.3521666666666667,0.3,0.2,1.0,0.3,0.9,0.5,0,0,sideways,0.25666666666666665,0.0,,,7640.591317126392,9,172,0.0,0.0,jupiter,True,10.0,0.0,False,,0,1.0,True,
b9514066-7d6f-47d7-86a6-ecf1d25e3f8f,Fq2CD2f2zDmt8bzcNLwTmjSXN5YWGTcq5c18kNh5PVbD,Fq2CD2f2,completed,2025-11-29T06:11:12.123241,2025-11-29T06:13:55.071095,2.7157975666666667,0.0001649,0.0002141,0.0002141,0.0001649,62.97058823529412,294117.64705882355,0.8127959082745492,14.47058823529412,29.836264402668288,True,low_liquidity,0,0,0,0,0,1.89,0,0,0,False,False,False,False,0.39375,0.5,0.2,0.4,0.3,0.9,0.5,0,0,sideways,0.22500000000000003,0.0,,,7747.404679850293,11,173,0.0,0.0,jupiter,True,10.0,0.0,False,,0,1.0,True,
560f9dd9-d60c-4eb5-a7d7-861543ad8374,6M1XS4JSLVz1L4u8Csvq3R6sRnR6E4pVtMDbSQ6QaqHi,6M1XS4JS,completed,2025-11-29T05:58:00.285043,2025-11-29T06:16:24.628578,18.405725583333332,1.383e-05,1.487e-05,1.98e-05,1.383e-05,58.20409737286095,3914196.19185346,0.7570035208428625,4.0707640395275995,7.519884309472164,True,trailing_stop,0,0,0,0,0,26677.93,0,0,0,False,False,False,False,0.3233333333333333,0.3,0.2,0.4,0.3,0.9,0.5,0,0,sideways,0.23333333333333334,0.0,,,7688.748568574076,10,174,0.0,0.0,jupiter,True,10.0,24.8989898989899,False,,0,1.0,True,
6e30a457-924d-47e1-bf45-b3a3732ce6d7,EBLdYU6kddjgY2ZkTLYZ4xsbqrH7hbsH9ejsCX2AN3fD,EBLdYU6k,completed,2025-11-29T06:12:14.872848,2025-11-29T06:16:24.703034,4.1638364333333335,0.189,0.1124,0.3813,0.189,26.245697354497356,233.50264550264552,0.33993904264549757,-17.886302645502646,-40.52910052910053,False,stop_loss,0,0,0,0,0,17580.62,0,0,0,False,False,False,False,0.351,0.3,0.2,1.0,0.3,0.9,0.5,0,0,up,0.27999999999999997,15.125000000000002,,,7720.706968592439,9,175,0.0,0.0,jupiter,True,10.0,70.52189876737476,False,100,1,1.0,True,
63d174f1-5229-4552-ad77-60105b61ab5f,GZbk4qTi7tKJefQeSXQ2xHVVms72NqrW2xqcdgsHxFNw,GZbk4qTi,completed,2025-11-29T06:17:36.489086,2025-11-29T06:20:15.308236,2.6469858333333334,0.1495,0.08285,0.2026,0.1495,28.773056856187292,347.2909698996656,0.36895630685717373,-23.146943143812713,-44.5819397993311,False,stop_loss,0,0,0,0,0,15088.78,0,0,0,False,False,False,False,0.351,0.3,0.2,1.0,0.3,0.9,0.5,0,0,up,0.27999999999999997,15.125000000000002,,,7798.499801041644,11,176,0.0,0.0,jupiter,True,10.0,59.10661401776901,False,,0,1.0,True,
7df3bc9c-d34b-4028-aca1-31fab1d41c1c,BKPjhypMrX6r3o3mug2iYE8EoC6Z9gPmeyQQE4phMidC,BKPjhypM,completed,2025-11-29T05:24:50.166918,2025-11-29T06:24:16.908852,59.445698900000004,0.0001159,0.0001816,0.0001816,0.0001159,91.37974115616912,503192.4072476273,1.1627033428001727,33.05974115616912,56.68679896462467,True,low_liquidity,0,0,0,0,0,21.14,0,0,0,False,False,False,False,0.271,0.1,0.2,0.8,0.3,0.9,0.5,0,0,up,0.27999999999999997,17.375,,,7859.248166956895,11,177,0.0,0.0,jupiter,True,10.0,0.0,False,,0,1.0,True,
c0ddc3ea-80d4-4a27-a8cc-425f26d63971,3rzUDBmoXgmcJLUdQogwehiTDbbqfYEEg5LqYxNXJaKC,3rzUDBmo,completed,2025-11-29T05:35:41.620745,2025-11-29T06:26:05.556432,50.39892811666667,3.829e-05,5.841e-05,9.162e-05,3.829e-05,72.11069678767302,1234560.807869766,0.911221261324182,24.839363454339686,52.54635675110995,True,trailing_stop,0,0,0,0,0,99026.52,0,0,0,False,False,False,False,0.30483333333333335,0.2,0.2,0.8,0.3,0.9,0.5,0,0,up,0.30333333333333334,17.375000000000004,,,7913.63194081777,11,178,0.0,0.0,jupiter,True,10.0,36.247544204322196,False,100,1,1.0,True,
60cea8e6-0098-4cd9-9a10-4bb2ee0868ba,9PeHZeKf2SRgLF8J6mYjCkX4ge626X7RGJ7fK5aH6oWt,9PeHZeKf,completed,2025-11-29T05:33:15.914712,2025-11-29T06:26:50.571903,53.57761985,0.0002279,0.001721,0.001721,0.0002279,88.86673102237822,51636.68275559454,1.1227533532197178,77.09873102237822,655.1557700745941,True,low_liquidity,0,0,0,0,0,1704035.72,0,0,0,False,False,False,False,0.2645,0.1,0.2,0.6,0.3,0.9,0.5,0,0,sideways,0.21000000000000002,0.0,,,7915.071530851834,10,179,0.0,0.0,jupiter,True,10.0,0.0,False,"400,100,500,200,600,300",6,1.0,True,
af4e686b-534c-4ccc-aa24-13862886603a,HVmWJUGM2o2v577GsFTXVX3wLBZSePrNJVbuVj5qWuww,HVmWJUGM,completed,2025-11-29T04:35:48.194454,2025-11-29T06:28:39.580028,112.85642623333334,0.0001793,0.001469,0.001469,0.0001793,44.9084142033835,30570.738055400612,0.5590823111007829,39.42708087005017,719.2972671500279,True,low_liquidity,0,0,0,0,0,27.23,0,0,0,False,False,False,False,0.3148333333333333,0.2,0.2,1.0,0.3,0.9,0.5,0,0,up,0.30333333333333334,17.375000000000004,,,8032.522816714209,11,180,0.0,0.0,jupiter,True,10.0,0.0,False,"400,700,100,500,200,600,300",7,1.0,True,
ee36701c-5b6f-495f-b8fd-4e320fafe716,5NejsQmCgkaBs6uUCUfRu7FqmfYis98yDoAC2sNVJC6K,5NejsQmC,completed,2025-11-29T06:29:46.781206,2025-11-29T06:32:38.023567,2.85403935,1.442e-05,1.493e-05,1.696e-05,1.442e-05,56.14453074433657,3760517.799352751,0.681675685762384,1.9178640776699039,3.536754507628296,True,trailing_stop,0,0,0,0,0,26502.85,0,0,0,False,False,False,False,0.32216666666666666,0.3,0.2,0.4,0.3,0.9,0.5,0,0,sideways,0.25666666666666665,0.0,,,8236.252504964248,11,181,0.0,0.0,jupiter,True,10.0,11.969339622641515,False,,0,1.0,True,
4922a632-5209-45f7-b5dd-77e756d6ccd0,8iN5xbGL1a6V7smL8P9cew7vGrXv87f3diLHEXRWduJW,8iN5xbGL,completed,2025-11-29T03:32:48.811324,2025-11-29T06:34:34.172963,181.7560273166667,0.0001745,0.002191,0.002191,0.0001745,68.82293027698192,31411.652340019136,0.8259988613520008,63.341596943648575,1155.587392550143,True,low_liquidity,0,0,0,0,0,53.89,0,0,0,False,False,False,False,0.3148333333333333,0.2,0.2,1.0,0.3,0.9,0.5,0,0,up,0.30333333333333334,17.375000000000004,,,8332.085369262139,11,182,0.0,0.0,jupiter,True,10.0,0.0,False,"400,700,100,500,200,600,300",7,1.0,True,
7f7110ba-0da5-46f9-8929-cb59c00a391c,2ij3Uh8tci82DGXxbHqTRH36LbwCk5AkWC7aUcfyTWuF,2ij3Uh8t,completed,2025-11-29T06:17:30.250795,2025-11-29T06:36:41.297555,19.184112666666667,0.1237,0.8082,1.56,0.1237,30.263398544866572,37.44543249797893,0.36418690926573705,25.631398544866578,553.3548908649959,True,trailing_stop,0,0,0,0,0,47131.39,0,0,0,False,False,False,False,0.421,0.5,0.2,1.0,0.3,0.9,0.5,0,0,sideways,0.27999999999999997,0.0,,,8309.853477677918,11,183,0.0,0.0,jupiter,True,10.0,48.19230769230769,False,"400,700,100,500,200,600,300",7,1.0,True,
b0cf0488-70c5-4d0d-8040-98d10ed4f558,HtaNN5LBpEhkz3RtEC3YaVor7VDVjvQB7tCzrWVCGWjo,HtaNN5LB,completed,2025-11-29T06:27:06.476502,2025-11-29T06:36:41.353951,9.581290816666666,0.1536,0.1842,0.8393,0.1536,24.905375000000003,135.20833333333334,0.2995158330769767,4.137375000000002,19.92187500000001,True,trailing_stop,0,0,0,0,0,22516.14,0,0,0,False,False,False,False,0.351,0.3,0.2,1.0,0.3,0.9,0.5,0,0,up,0.27999999999999997,15.125000000000002,,,8315.211501222784,10,184,0.0,0.0,jupiter,True,10.0,78.05313952102942,False,"200,100,400,300",4,1.0,True,
a526e070-9dcc-43f5-8790-a57e5492b08e,9LELhnpSFVjoTnJP7fJVBE7LyguGiDXpqWpaBh4xNgKw,9LELhnpS,completed,2025-11-29T06:24:57.500657,2025-11-29T06:38:49.719993,13.870322266666667,3.819e-05,1.711e-05,5.928e-05,3.819e-05,25.632891681941178,1498123.417997731,0.3117963954192782,-31.580441651392164,-55.19769573186698,False,low_liquidity,0,0,0,0,0,0.0,0,0,0,False,False,False,False,0.2848333333333333,0.2,0.2,0.4,0.3,0.9,0.5,0,0,up,0.30333333333333334,17.375000000000004,,,8221.035284090494,11,185,0.0,0.0,jupiter,True,10.0,71.13697705802969,False,,0,1.0,True,
2c339cda-afda-4bfa-94fa-6999be6be12a,2q2zgqy6ACwwTBAA589ZUAftg4sx6vUz1beG9ahHXeQm,2q2zgqy6,completed,2025-11-29T06:20:55.495903,2025-11-29T06:38:49.798663,17.905046000000002,1.29e-05,1.323e-05,1.479e-05,1.29e-05,55.42241860465116,4189147.2868217053,0.6766054913705103,1.3824186046511637,2.558139534883723,True,trailing_stop,0,0,0,0,0,25082.72,0,0,0,False,False,False,False,0.3245,0.3,0.2,0.4,0.3,0.9,0.5,0,0,sideways,0.21000000000000002,0.0,,,8191.245757167785,10,186,0.0,0.0,jupiter,True,10.0,10.54766734279919,False,,0,1.0,True,
eb9f6b11-0318-470c-9035-816f5e90cff4,4mPvbQwtTJSEBL59EMTjEoyCBDXcHowSbUXWQYGUkW8p,4mPvbQwt,completed,2025-11-29T06:27:03.007107,2025-11-29T06:38:49.842431,11.780588733333333,0.0009354,0.001295,0.004246,0.0009354,36.42908559617989,28130.56802793814,0.4437031028702702,10.115752262846554,38.443446653837924,True,trailing_stop,0,0,0,0,0,55284.65,0,0,0,False,False,False,False,0.3421666666666667,0.3,0.2,0.8,0.3,0.9,0.5,0,0,sideways,0.25666666666666665,0.0,,,8210.239090176256,9,187,0.0,0.0,jupiter,True,10.0,69.50070654733867,False,"200,100,300",3,1.0,True,
6fa7c619-bf0c-4809-a54c-32e2f1ea0a75,ENTfj86wUGviUypheYfJnaknVzs4gUtibUnqczER6FWU,ENTfj86w,completed,2025-11-29T06:19:05.739236,2025-11-29T06:39:23.739159,20.299998716666668,0.305,0.7002,0.7002,0.305,101.31549639344264,144.69508196721313,1.239140304759132,57.18349639344264,129.5737704918033,True,low_liquidity,0,0,0,0,0,17516.79,0,0,0,False,False,False,False,0.351,0.3,0.2,1.0,0.3,0.9,0.5,0,0,up,0.27999999999999997,15.125000000000002,,,8176.273179423106,8,188,0.0,0.0,jupiter,True,10.0,0.0,False,100,1,1.0,True,
019219c1-3abc-4f53-824e-2770386834bc,EBEe8uSDpt8o8WVjpuCbtHgCG5guXDW2jWZcQ9THrmBG,EBEe8uSD,completed,2025-11-29T06:38:07.411705,2025-11-29T06:39:23.796488,1.2730797166666667,1.286e-05,1.319e-05,1.319e-05,1.286e-05,56.34297563504407,4271643.338517367,0.685333800859402,1.409642301710732,2.566096423017109,True,low_liquidity,0,0,0,0,0,0.0,0,0,0,False,False,False,False,0.31333333333333335,0.3,0.2,0.2,0.3,0.9,0.5,0,0,sideways,0.23333333333333334,0.0,,,8221.245700181506,7,189,0.0,0.0,jupiter,True,10.0,0.0,False,,0,1.0,True,
6392d74e-e4c1-4b34-b35d-65034dd31ef8,GC2wEv6nY49kHD6g19G9v2dLwyQpyXVCfXfAQQk8oDPp,GC2wEv6n,completed,2025-11-29T06:34:26.114665,2025-11-29T06:43:37.567237,9.1908762,1.792e-05,3.633e-05,4.045e-05,1.792e-05,90.92974609375001,2502883.1845238097,1.069492589497434,46.07807942708333,102.73437499999997,True,trailing_stop,0,0,0,0,0,41773.14,0,0,0,False,False,False,False,0.34041666666666665,0.3,0.2,0.8,0.3,0.9,0.5,0,0,up,0.2916666666666667,16.25,,,8502.138956986964,10,190,0.0,0.0,jupiter,True,10.0,10.185414091470953,False,100,1,1.0,True,
2b68d387-a220-4b3f-93cf-be29752ac824,2K6qJK7vjcF1tdkWA1im6T3ruxtzXWcvtsBHC65hCGF3,2K6qJK7v,completed,2025-11-29T04:33:54.460954,2025-11-29T06:45:17.670262,131.3868218,0.0001477,0.0007615,0.0007615,0.0001477,113.04090273076056,148445.0462649515,1.3078980594477885,91.11556939742724,415.572105619499,True,low_liquidity,0,0,0,0,0,36.96,0,0,0,False,False,False,False,0.3148333333333333,0.2,0.2,1.0,0.3,0.9,0.5,0,0,up,0.30333333333333334,17.375000000000004,,,8642.94444924002,11,191,0.0,0.0,jupiter,True,10.0,0.0,False,"200,100,400,300",4,1.0,True,
cb6bc04b-9a52-4133-a9ef-44569a5697c8,8frTWkcTD2BbCsPrdBbKTLNzKPVCP6MiXTedJjdDtG9a,8frTWkcT,completed,2025-11-29T06:05:59.584412,2025-11-29T06:47:24.632331,41.41746531666667,3.107e-05,5.551e-05,5.551e-05,3.107e-05,100.78867503486752,1815685.0123377324,1.1371994779596577,44.37534170153418,78.6610878661088,True,low_liquidity,0,0,0,0,0,0.0,0,0,0,False,False,False,False,0.29483333333333334,0.2,0.2,0.6,0.3,0.9,0.5,0,0,up,0.30333333333333334,17.375000000000004,,,8862.88439172525,11,192,0.0,0.0,jupiter,True,10.0,0.0,False,,0,1.0,True,
9daee050-71ce-4df5-958b-150c6f997192,8pksAw3tvaBRK871UyuYuntqut8gHojYGiDgH6hxX6r8,8pksAw3t,completed,2025-11-29T06:38:13.791475,2025-11-29T06:49:57.065419,11.7212324,0.5266,0.6849,2.021,0.5266,43.89290770983669,64.0865932396506,0.49327131753447717,10.144907709836689,30.060767185719712,True,trailing_stop,0,0,0,0,0,43390.61,0,0,0,False,False,False,False,0.351,0.3,0.2,1.0,0.3,0.9,0.5,0,0,up,0.27999999999999997,15.125000000000002,,,8898.32961081683,10,193,0.0,0.0,jupiter,True,10.0,66.11083621969323,False,"200,100",2,1.0,True,
8e7340b6-d44c-499f-a531-dc0487e28df0,AFGT2ijefCwkmZJZhRjHhS1YgM5hyK2w3nzxpZYdxTJF,AFGT2ije,completed,2025-11-29T06:40:45.102556,2025-11-29T06:49:57.122754,9.200336633333334,0.3878,0.2628,1.56,0.3878,17.5922846828262,66.94172253739042,0.19712060020271785,-8.367715317173802,-32.233109850438375,False,stop_loss,0,0,0,0,0,26879.35,0,0,0,False,False,False,False,0.351,0.3,0.2,1.0,0.3,0.9,0.5,0,0,up,0.27999999999999997,15.125000000000002,,,8924.630233843842,9,194,0.0,0.0,jupiter,True,10.0,83.15384615384616,False,"200,100,300",3,1.0,True,
496bf9f6-549a-4a63-aa23-2a27f0ced8ee,5x6ccEeCe9a4QXEp98GuqYsdqsDj1RQ9yrAg6CK3d9Mw,5x6ccEeC,completed,2025-11-29T06:51:07.413350,2025-11-29T06:51:42.778606,0.5894209333333333,0.0009686,0.0009762,0.0009762,0.0009686,55.27029527152592,56617.798884988646,0.6163079187853052,0.4302952715259119,0.7846376213091026,True,low_liquidity,0,0,0,0,0,0.91,0,0,0,False,False,False,False,0.3145,0.3,0.2,0.2,0.3,0.9,0.5,0,0,sideways,0.21000000000000002,0.0,,,8967.967729582211,11,195,0.0,0.0,jupiter,True,10.0,0.0,False,,0,1.0,True,
c3b01288-1d83-4a42-920a-44f506ea4a76,CCGzPWuWw6vxHj3YLxtaY3iBnAqwEeAEthSJpaPcYxBY,CCGzPWuW,completed,2025-11-29T06:40:03.972076,2025-11-29T06:53:35.915307,13.532387183333332,0.135,0.8955,1.38,0.135,30.72560000000001,34.311111111111124,0.339630093192413,26.09360000000001,563.3333333333333,True,trailing_stop,0,0,0,0,0,49583.78,0,0,0,False,False,False,False,0.421,0.5,0.2,1.0,0.3,0.9,0.5,0,0,sideways,0.27999999999999997,0.0,,,9046.783726138432,11,196,0.0,0.0,jupiter,True,10.0,35.10869565217391,False,"400,700,100,500,200,600,300",7,1.0,True,
6128d29e-349d-45bb-9bca-5e6fbede8333,DMBN8z86WKvM47Up3fMyBGuQ4XFQBEyArs8GMLmE9d4P,DMBN8z86,completed,2025-11-29T06:45:06.876774,2025-11-29T06:55:39.118418,10.537360733333333,1.271e-05,1.37e-05,1.404e-05,1.271e-05,58.34985575662209,4259113.558877525,0.6482385103782682,4.216522423288746,7.7891424075531,True,low_liquidity,0,0,0,0,0,0.0,0,0,0,False,False,False,False,0.3233333333333333,0.3,0.2,0.4,0.3,0.9,0.5,0,0,sideways,0.23333333333333334,0.0,,,9001.29424933009,11,197,0.0,0.0,jupiter,True,10.0,2.4216524216524227,False,,0,1.0,True,
6bc0125b-1aa7-4d04-ada4-f00c4c0db0c5,J4mopBNEuoXZTPegqdccGmKbFAvYNdW1S8Q5d76AcRZU,J4mopBNE,completed,2025-11-29T06:50:21.378064,2025-11-29T06:55:39.198719,5.297010916666666,0.0001765,0.0002043,0.0002043,0.0001765,63.446821529745044,310557.12936732767,0.7052626741046645,8.633488196411708,15.750708215297449,True,low_liquidity,0,0,0,0,0,1.99,0,0,0,False,False,False,False,0.3148333333333333,0.2,0.2,1.0,0.3,0.9,0.5,0,0,up,0.30333333333333334,17.375000000000004,,,8996.197283556967,10,198,0.0,0.0,jupiter,True,10.0,0.0,False,,0,1.0,True,
17dd11fe-90fb-46ab-a304-2e766675d71c,CGFoL1WNfs9dgu1oopQz5Qy6DPYK9frcC6g3GGiL77NG,CGFoL1WN,completed,2025-11-29T06:50:48.772387,2025-11-29T06:55:39.244645,4.8412043,1.341e-05,1.332e-05,1.341e-05,1.341e-05,53.77002237136467,4036788.466318669,0.5970550096249242,-0.36331096196868357,-0.6711409395973217,False,low_liquidity,0,0,0,0,0,0.0,0,0,0,False,False,False,False,0.3233333333333333,0.3,0.2,0.4,0.3,0.9,0.5,0,0,sideways,0.23333333333333334,0.0,,,9005.874082715347,9,199,0.0,0.0,jupiter,True,10.0,0.6711409395973217,False,,0,1.0,True,
1469398f-7560-4a46-9213-a6416f696399,J3veztEeDKsJtFgmFiSYD66TRYPSzLg4TCePZvZLG5dt,J3veztEe,completed,2025-11-29T06:42:14.885194,2025-11-29T06:55:39.304020,13.406980433333333,0.329,0.635,1.84,0.329,40.08413373860182,63.124620060790264,0.44441340670647633,19.31613373860182,93.00911854103343,True,trailing_stop,0,0,0,0,0,41750.12,0,0,0,False,False,False,False,0.351,0.3,0.2,1.0,0.3,0.9,0.5,0,0,up,0.27999999999999997,15.125000000000002,,,9019.559971348112,8,200,0.0,0.0,jupiter,True,10.0,65.48913043478261,False,"200,100,400,300",4,1.0,True,
73d4add8-5376-458c-91e0-ef585cbc9a51,BYESt6UXyHXzpWC7F2HARBrcYEAdgyw8o8j9kDSLXvwa,BYESt6UX,completed,2025-11-29T06:44:09.285708,2025-11-29T06:57:49.878074,13.676539433333334,0.0006154,0.00102,0.001138,0.0006154,94.6740331491713,92817.67955801106,1.0522200111317226,37.55403314917128,65.74585635359117,True,trailing_stop,0,0,0,0,0,79327.81,0,0,0,False,False,False,False,0.286,0.2,0.2,0.4,0.3,0.9,0.5,0,0,up,0.27999999999999997,15.125000000000002,,,8997.551096499674,9,201,0.0,0.0,jupiter,True,10.0,10.369068541300514,False,,0,1.0,True,
f450d2a8-80c1-44e9-aae0-a478090815e9,BqVnFd1jGhTV6YK3ybLUV1AutWrETBJkppDDiuXWG9pJ,BqVnFd1j,completed,2025-11-29T06:52:26.926544,2025-11-29T06:57:49.951382,5.3837473,0.0008424,0.001096,0.00146,0.0008424,67.42880658436215,61522.63374485597,0.7471504527147694,15.602139917695473,30.10446343779677,True,trailing_stop,0,0,0,0,0,56057.59,0,0,0,False,False,False,False,0.3521666666666667,0.3,0.2,1.0,0.3,0.9,0.5,0,0,sideways,0.25666666666666665,0.0,,,9024.796323064484,8,202,0.0,0.0,jupiter,True,10.0,24.931506849315067,False,,0,1.0,True,
fb084d3a-d092-42a0-8375-4cf09fe24f33,BQ7xMU93duNsqjUj3Erzr7DhqNywhk1SrmqL5kQDi4dn,BQ7xMU93,completed,2025-11-29T06:46:26.794887,2025-11-29T07:02:04.427996,15.627218483333333,0.3268,0.1675,1.24,0.3268,17.297399020807838,103.26805385556918,0.1904573746415106,-16.450600979192167,-48.7454100367197,False,stop_loss,0,0,0,0,0,33171.02,0,0,0,False,False,False,False,0.351,0.3,0.2,1.0,0.3,0.9,0.5,0,0,up,0.27999999999999997,15.125000000000002,,,9082.031637454815,11,203,0.0,0.0,jupiter,True,10.0,86.49193548387098,False,"200,100",2,1.0,True,
301561cf-2b98-42a3-9739-7993e32fa216,CeaivWy7v86Z28KX1qMYt4U57VVSinhcTuKrSei3p8VL,CeaivWy7,completed,2025-11-29T06:55:28.627280,2025-11-29T07:02:04.477918,6.597510633333333,0.6214,1.045,1.41,0.6214,74.21618925008046,71.02027679433537,0.8223297648061614,30.084189250080463,68.16865143224976,True,trailing_stop,0,0,0,0,0,53576.3,0,0,0,False,False,False,False,0.351,0.3,0.2,1.0,0.3,0.9,0.5,0,0,up,0.27999999999999997,15.125000000000002,,,9025.112847225542,10,204,0.0,0.0,jupiter,True,10.0,25.886524822695034,False,100,1,1.0,True,
d89910da-8f11-417a-bb5a-8af28817eab9,26qeCi7X1hHoDbomjh6Cm7VGqqPYFKGvaBair28YoWWC,26qeCi7X,completed,2025-11-29T06:56:40.406748,2025-11-29T07:04:15.659052,7.5875384,0.001325,0.0003547,0.003156,0.001325,12.429937257861637,35043.52201257862,0.13704576938966068,-34.00272940880504,-73.23018867924527,False,stop_loss,0,0,0,0,0,28914.54,0,0,0,False,False,False,False,0.31716666666666665,0.2,0.2,1.0,0.3,0.9,0.5,0,0,sideways,0.25666666666666665,0.0,,,9069.91679729984,11,205,0.0,0.0,jupiter,True,10.0,88.76108998732573,False,100,1,1.0,True,
bd15d602-0670-46ce-b5a1-33d5fd42b9cd,HpK5xAJyvEn8GX5gJtJ8xZ6s2wM12qLByZ7Ud7Epwihx,HpK5xAJy,completed,2025-11-29T06:10:17.846691,2025-11-29T07:08:16.092810,57.97076865,4.737e-06,7.985e-06,8.164e-06,4.737e-06,94.70071775385267,11859826.894659068,1.0365055814212976,38.520717753852665,68.5666033354444,True,low_liquidity,0,0,0,0,0,14.31,0,0,0,False,False,False,False,0.29774999999999996,0.2,0.2,0.6,0.3,0.9,0.5,0,0,sideways,0.24500000000000005,0.0,,,9136.537173682682,11,206,0.0,0.0,jupiter,True,10.0,2.19255267025967,False,,0,1.0,True,
21fce702-e93c-4f36-a0e4-2ec75247577d,8o5dhtU1enUjVbF3Fbk8TDLYaUdJLoa6mnXyaPC6Ppmp,8o5dhtU1,completed,2025-11-29T06:56:50.112539,2025-11-29T07:08:16.157616,11.434084616666667,1.353e-05,1.553e-05,1.57e-05,1.353e-05,63.05355999014536,4060113.3284060117,0.6877431529585958,8.12022665681202,14.781966001478194,True,low_liquidity,0,0,0,0,0,0.0,0,0,0,False,False,False,False,0.31333333333333335,0.3,0.2,0.2,0.3,0.9,0.5,0,0,sideways,0.23333333333333334,0.0,,,9168.18433144639,10,207,0.0,0.0,jupiter,True,10.0,1.082802547770701,False,,0,1.0,True,
603c6ca4-86bd-4c08-8438-e3bdf2c324ff,J66st4WGbJ8wdSuJWTg41RZbjY9dgrd7N9RrQ8mXDifo,J66st4WG,completed,2025-11-29T06:58:52.258953,2025-11-29T07:08:16.202408,9.399057583333333,1.299e-05,1.304e-05,1.509e-05,1.299e-05,54.24800615858353,4160123.171670516,0.591130717552714,0.20800615858353086,0.38491147036182616,True,low_liquidity,0,0,0,0,0,24799.18,0,0,0,False,False,False,False,0.3245,0.3,0.2,0.4,0.3,0.9,0.5,0,0,sideways,0.21000000000000002,0.0,,,9176.98988527795,9,208,0.0,0.0,jupiter,True,10.0,13.585155732273021,False,,0,1.0,True,
fd103600-a19a-4035-9143-9cf144c03ee5,6AZRdH9WGbE5N6LwJboTpPgf9VSeh1wo5X9N7FsdEsnp,6AZRdH9W,completed,2025-11-29T06:41:00.467260,2025-11-29T07:08:37.402329,27.615584483333336,0.4148,1.84,1.84,0.4148,115.15525554484091,62.58437801350049,1.263209869242009,89.1952555448409,343.58727097396337,True,low_liquidity,0,0,0,0,0,46083.06,0,0,0,False,False,False,False,0.351,0.3,0.2,1.0,0.3,0.9,0.5,0,0,up,0.27999999999999997,15.125000000000002,,,9116.082635891691,8,209,0.0,0.0,jupiter,True,10.0,0.0,False,"200,100,300",3,1.0,True,
238f9336-aedb-4486-879e-6baea5b6c88e,8j4xnQUf5DbakrEA9LGcvQ8aSDEkRyc6a39NmLphKAJb,8j4xnQUf,completed,2025-11-29T07:00:40.793987,2025-11-29T07:08:59.422996,8.310483483333334,1.196e-05,1.357e-05,1.536e-05,1.196e-05,62.11641025641025,4577480.490523968,0.674856010320563,7.369743589743588,13.461538461538458,True,trailing_stop,0,0,0,0,0,25332.92,0,0,0,False,False,False,False,0.31566666666666665,0.3,0.2,0.2,0.3,0.9,0.5,0,0,sideways,0.18666666666666665,0.0,,,9204.394612549182,7,210,0.0,0.0,jupiter,True,10.0,11.653645833333321,False,,0,1.0,True,
4bc63c90-006a-4519-aa7c-0d0f472ad4b2,B2bhe8AyJpupGpk3jRLBjSxpr4PHMgV8o4mayhXM9eT1,B2bhe8Ay,completed,2025-11-29T07:09:44.476621,2025-11-29T07:10:52.545576,1.1344825833333334,0.2044,0.116,0.2044,0.2044,29.465362035225052,254.01174168297456,0.31731447693847403,-22.45463796477495,-43.24853228962818,False,stop_loss,0,0,0,0,0,17860.88,0,0,0,False,False,False,False,0.351,0.3,0.2,1.0,0.3,0.9,0.5,0,0,up,0.27999999999999997,15.125000000000002,,,9285.854940976507,9,211,0.0,0.0,jupiter,True,10.0,43.24853228962818,False,,0,1.0,True,
b413328c-70ce-4f90-9395-9c9d45184069,BLkq5Fqq1bcVfn2oRnE5NDA3brHUcLcW3pAx2SB2uyKZ,BLkq5Fqq,completed,2025-11-29T07:09:38.333346,2025-11-29T07:12:39.682782,3.0224906,0.0001502,0.0001559,0.0001559,0.0001502,56.89346648912561,364935.6413670661,0.6103486866714383,2.080133155792278,3.794940079893477,True,low_liquidity,0,0,0,0,0,1.56,0,0,0,False,False,False,False,0.3148333333333333,0.2,0.2,1.0,0.3,0.9,0.5,0,0,up,0.30333333333333334,17.375000000000004,,,9321.469470082171,9,212,0.0,0.0,jupiter,True,10.0,0.0,False,,0,1.0,True,
973e81f4-57d0-4e3f-89d8-ff86667d16c7,9eEZFa8TFPxFT5NSVi7ZxTkKyHKJbRAbnA4pC14ew3o,9eEZFa8T,completed,2025-11-29T07:03:19.572044,2025-11-29T07:14:45.818970,11.437448766666668,1.059e-05,1.191e-05,1.198e-05,1.059e-05,61.78054768649669,5187283.600881334,0.6586788365338253,6.847214353163357,12.464589235127471,True,low_liquidity,0,0,0,0,0,0.0,0,0,0,False,False,False,False,0.31333333333333335,0.3,0.2,0.2,0.3,0.9,0.5,0,0,sideways,0.23333333333333334,0.0,,,9379.464506800508,10,213,0.0,0.0,jupiter,True,10.0,0.5843071786310603,False,,0,1.0,True,
456d2857-294f-419a-9641-d88ef73659a1,FMmUQufEkgxVdVkZe1DmwsvQ2DpMijGPxJVStTtytia,FMmUQufE,completed,2025-11-29T07:13:35.089220,2025-11-29T07:19:01.567557,5.441305616666667,1.303e-05,1.295e-05,1.32e-05,1.303e-05,53.708211818879505,4147352.2640061392,0.5639113681581824,-0.33178818112049496,-0.6139677666922557,False,low_liquidity,0,0,0,0,0,24662.9,0,0,0,False,False,False,False,0.3245,0.3,0.2,0.4,0.3,0.9,0.5,0,0,sideways,0.21000000000000002,0.0,,,9524.229311832893,11,214,0.0,0.0,jupiter,True,10.0,1.8939393939394014,False,,0,1.0,True,
c15e9e50-5340-4c65-9881-513a129151e6,Hjtwuizb3CfPg3a4CU4CDaf4VQRMjMZBRQZk1bMWTR7d,Hjtwuizb,completed,2025-11-29T07:11:21.188741,2025-11-29T07:19:01.646917,7.674302933333333,0.0008567,0.0009475,0.001275,0.0008567,57.31967627718766,60495.70055639859,0.6020583663380019,5.4930096105209945,10.598809384848844,True,trailing_stop,0,0,0,0,0,52155.35,0,0,0,False,False,False,False,0.3521666666666667,0.3,0.2,1.0,0.3,0.9,0.5,0,0,sideways,0.25666666666666665,0.0,,,9520.617847374584,10,215,0.0,0.0,jupiter,True,10.0,25.68627450980393,False,,0,1.0,True,
468d351c-4f06-464c-b734-8b1686255cb4,AVotgmjUxsXsFc32XgFkMHkaBpXmN9dKJSBUb5biK63N,AVotgmjU,completed,2025-11-29T07:09:53.484883,2025-11-29T07:21:05.294735,11.196830866666666,1.054e-05,1.204e-05,1.21e-05,1.054e-05,62.75117014547755,5211891.208096142,0.6511456393846425,7.817836812144209,14.231499051233387,True,low_liquidity,0,0,0,0,0,0.0,0,0,0,False,False,False,False,0.31333333333333335,0.3,0.2,0.2,0.3,0.9,0.5,0,0,sideways,0.23333333333333334,0.0,,,9637.040678761176,11,216,0.0,0.0,jupiter,True,10.0,0.49586776859503656,False,,0,1.0,True,
74dbb2f5-8352-4104-94ac-1a8c506fac61,JCbvPhDCo22p5bEheRMSRuFGBJkKgfXwmwwtH8DX9vHA,JCbvPhDC,completed,2025-11-29T07:22:00.929224,2025-11-29T07:23:22.424098,1.3582478999999998,0.1238,0.1238,0.1238,0.1238,46.32,374.1518578352181,0.4774572130493442,0.0,0.0,False,low_liquidity,0,0,0,0,0,0.0,0,0,0,False,False,False,False,0.421,0.5,0.2,1.0,0.3,0.9,0.5,0,0,sideways,0.27999999999999997,0.0,,,9701.392864958756,11,217,0.0,0.0,jupiter,True,10.0,0.0,False,,0,1.0,True,
9533479f-fa97-48fa-acbb-a959545bc470,5CWfVVWfmsqKznJVW5CgmLdZCxfWU1wVYUga6s8xWs9S,5CWfVVWf,completed,2025-11-29T06:36:16.000597,2025-11-29T07:23:22.521081,47.10867473333334,3.291e-05,7.02e-05,9.844e-05,3.291e-05,100.83402005469463,1436382.052061177,1.0452501962120104,53.56268672136129,113.30902461257975,True,trailing_stop,0,0,0,0,0,105404.12,0,0,0,False,False,False,False,0.30483333333333335,0.2,0.2,0.8,0.3,0.9,0.5,0,0,up,0.30333333333333334,17.375000000000004,,,9646.878844904062,10,218,0.0,0.0,jupiter,True,10.0,28.687525396180412,False,100,1,1.0,True,
e66d6d3d-d554-48b4-85a9-32a18d9d3ed1,CLy6pqV6pUUTfc1gNRLyJdNS1Lf5T8ThoT1rnakYvmyk,CLy6pqV6,completed,2025-11-29T07:17:41.997870,2025-11-29T07:25:32.366475,7.83947675,0.0009993,0.0004058,0.001431,0.0009993,21.045993528803496,51862.970746189,0.21587207552038298,-30.780673137863175,-59.39157410187131,False,stop_loss,0,0,0,0,0,31092.2,0,0,0,False,False,False,False,0.3521666666666667,0.3,0.2,1.0,0.3,0.9,0.5,0,0,sideways,0.25666666666666665,0.0,,,9749.289470659813,11,219,0.0,0.0,jupiter,True,10.0,71.64220824598183,False,,0,1.0,True,
97fe8d3e-1fde-47be-bf2c-591fcf1a8ebe,9hTKwRE3GvfEfWcPE8YXW21YFy5umnEay9PkP474H6s7,9hTKwRE3,completed,2025-11-29T07:24:28.623341,2025-11-29T07:29:37.043607,5.140337766666667,0.001036,0.001101,0.001412,0.001036,58.054015444015455,52728.44272844274,0.589172036740325,3.4273487773487754,6.27413127413127,True,trailing_stop,0,0,0,0,0,56105.39,0,0,0,False,False,False,False,0.31716666666666665,0.2,0.2,1.0,0.3,0.9,0.5,0,0,sideways,0.25666666666666665,0.0,,,9853.491310485006,11,220,0.0,0.0,jupiter,True,10.0,22.02549575070822,False,,0,1.0,True,
a706be52-81ec-48a9-898c-35e7a118d33f,5dEjoHhusGfTMT7j7tRzQBYSY7Eau1dPZZ9sgywWmxyk,5dEjoHhu,completed,2025-11-29T07:19:45.188081,2025-11-29T07:30:12.034776,10.447444916666665,0.0009588,0.001666,0.004069,0.0009588,45.02671394799054,27026.839104436098,0.4592471073730803,19.113380614657206,73.75886524822694,True,trailing_stop,0,0,0,0,0,62508.31,0,0,0,False,False,False,False,0.3521666666666667,0.3,0.2,1.0,0.3,0.9,0.5,0,0,sideways,0.25666666666666665,0.0,,,9804.463267182218,10,221,0.0,0.0,jupiter,True,10.0,59.05627918407471,False,"200,100,300",3,1.0,True,
0c588fe6-7218-4a21-9d1d-bf0eb7f44071,CSfFP4XN3N3R4zWabgmpe8hyDKZXV9QHVoLm1AMcj5Zt,CSfFP4XN,completed,2025-11-29T07:15:35.807412,2025-11-29T07:33:44.451376,18.144066066666667,3.981e-05,1.749e-05,6.945e-05,3.981e-05,24.784456166792268,1417064.3891819478,0.25336960979088535,-31.628877166541074,-56.0663149962321,False,low_liquidity,0,0,0,0,0,0.0,0,0,0,False,False,False,False,0.29483333333333334,0.2,0.2,0.6,0.3,0.9,0.5,0,0,up,0.30333333333333334,17.375000000000004,,,9781.937220982316,11,222,0.0,0.0,jupiter,True,10.0,74.81641468682506,False,,0,1.0,True,
6c48a7e4-15a3-4408-86f0-246b37f70a35,EMQiP86TiZM7mCJ1xWwzjQ5qmD6hPQmMgrWeWpgmL6Ae,EMQiP86T,completed,2025-11-29T07:26:06.117010,2025-11-29T07:33:44.521211,7.640070016666667,4.622e-05,5.868e-05,5.868e-05,4.622e-05,73.35634790134142,1250108.178277802,0.753658631109973,15.576347901341412,26.958026828212894,True,low_liquidity,0,0,0,0,0,0.0,0,0,0,False,False,False,False,0.27775,0.2,0.2,0.2,0.3,0.9,0.5,0,0,sideways,0.245,0.0,,,9733.365329247765,10,223,0.0,0.0,jupiter,True,10.0,0.0,False,,0,1.0,True,
fced1e46-118c-43c1-9a6c-f3f575503660,5SzJUsPtHfGHCmTE8sUPg7EERZYRFWxzTAMu6FiEwg6,5SzJUsPt,completed,2025-11-29T07:31:02.038857,2025-11-29T07:36:35.102654,5.551063283333334,1.278e-05,1.817e-05,1.817e-05,1.278e-05,78.10161711006783,4298382.889932186,0.7984955768840671,23.168283776734487,42.17527386541472,True,low_liquidity,0,0,0,0,0,0.0,0,0,0,False,False,False,False,0.31333333333333335,0.3,0.2,0.2,0.3,0.9,0.5,0,0,sideways,0.23333333333333334,0.0,,,9781.095771981632,11,224,0.0,0.0,jupiter,True,10.0,0.0,False,,0,1.0,True,
1712f625-d016-432a-ad95-8e7c7933ce22,95ZhqKGfcuXqbisV5fDTdGJrXxXruYWPtqXzRQjQhFbz,95ZhqKGf,completed,2025-11-29T07:03:37.829514,2025-11-29T07:38:09.499711,34.52783661666667,0.5968,2.23,2.23,0.5968,126.10261394101875,56.54825737265415,1.297444477869573,92.35461394101875,273.65951742627345,True,low_liquidity,0,0,0,0,0,55994.48,0,0,0,False,False,False,False,0.351,0.3,0.2,1.0,0.3,0.9,0.5,0,0,up,0.27999999999999997,15.125000000000002,,,9719.307152787107,11,225,0.0,0.0,jupiter,True,10.0,0.0,False,"200,100",2,1.0,True,
4e5cb387-04e4-489a-83bd-899dc2642415,5S6kj6RarKW22K14nsTCX4LgboyMWUxw1tiCQtkbD2VY,5S6kj6Ra,completed,2025-11-29T07:34:58.627762,2025-11-29T07:38:09.568814,3.182350866666667,0.4061,0.3141,0.4991,0.4061,42.35954198473282,134.86005089058523,0.4321057325383808,-12.407124681933844,-22.654518591479935,False,stop_loss,0,0,0,0,0,46498.11,0,0,0,False,False,False,False,0.3154166666666667,0.2,0.2,1.0,0.3,0.9,0.5,0,0,up,0.2916666666666667,16.25,,,9803.050224743392,10,226,0.0,0.0,jupiter,True,10.0,37.066720096173114,False,,0,1.0,True,
c58af171-bf16-4cac-8a8b-662768aabcfe,2HAqnr8trGiA9g4uTUbF1Ca95XsEA3t7KSxhg2cceCkp,2HAqnr8t,completed,2025-11-29T07:01:07.869045,2025-11-29T07:40:54.903970,39.783915416666666,0.267,2.02,2.025,0.267,78.56059925093635,38.89138576779027,0.8041240720294248,68.17659925093635,656.5543071161048,True,low_liquidity,0,0,0,0,0,50623.99,0,0,0,False,False,False,False,0.351,0.3,0.2,1.0,0.3,0.9,0.5,0,0,up,0.27999999999999997,15.125000000000002,,,9769.711165674647,11,227,0.0,0.0,jupiter,True,10.0,0.24691358024690832,False,"400,100,500,200,600,300",6,1.0,True,
6086a53b-5584-4772-a756-8f5711d781b6,8CcLHvvjQa1mL2sDtD8ejJzpuvftsb1HMGkkGZU6jn7y,8CcLHvvj,completed,2025-11-29T07:37:18.470896,2025-11-29T07:40:54.977834,3.6084489666666664,0.5515,0.6935,0.9417,0.5515,65.28834088848595,94.14324569356302,0.6673663652344585,13.36834088848595,25.7479601087942,True,trailing_stop,0,0,0,0,0,43573.38,0,0,0,False,False,False,False,0.351,0.3,0.2,1.0,0.3,0.9,0.5,0,0,up,0.27999999999999997,15.125000000000002,,,9782.983424037098,10,228,0.0,0.0,jupiter,True,10.0,26.35658914728682,False,,0,1.0,True,
6dd18dce-5feb-4cd0-965c-c2b2606c7c3c,3YAvij7BtHdhaxJc2o3SSBV9j7nRfFEQ71dxj5U48TF3,3YAvij7B,completed,2025-11-29T07:38:53.105355,2025-11-29T07:40:55.023819,2.0319744,0.001004,0.0003683,0.001564,0.001004,18.994595617529882,51573.70517928287,0.19324509107180898,-32.78540438247012,-63.31673306772908,False,stop_loss,0,0,0,0,0,29364.43,0,0,0,False,False,False,False,0.35275,0.3,0.2,1.0,0.3,0.9,0.5,0,0,sideways,0.24499999999999997,0.0,,,9829.277169308056,9,229,0.0,0.0,jupiter,True,10.0,76.45140664961637,False,,0,1.0,True,
d42f0bf1-e9ec-4b32-97f2-d098ce2ffb8e,3YAvij7BtHdhaxJc2o3SSBV9j7nRfFEQ71dxj5U48TF3,3YAvij7B,completed,2025-11-29T07:41:49.916607,2025-11-29T07:42:25.317190,0.5900097166666666,7.519e-05,6.49e-05,7.519e-05,7.519e-05,40.44129981823824,623132.5087555969,0.41134426661595513,-6.412033515095091,-13.685330496076602,False,stop_loss,0,0,0,0,0,12364.81,0,0,0,False,False,False,False,0.41433333333333333,0.5,0.2,0.8,0.3,0.9,0.5,0,0,sideways,0.21333333333333332,0.0,,,9831.497142512892,9,230,0.0,0.0,jupiter,True,10.0,13.685330496076602,False,,0,1.0,True,
91ce0183-8b7a-47e9-a9b4-14463e2dc670,3vgpQ72dCRkdTNfjHk3BVjkxu6dZwaeo4v3bfsKQchVv,3vgpQ72d,completed,2025-11-29T07:13:47.241369,2025-11-29T07:44:52.406843,31.08609123333333,0.1858,1.57,1.57,0.1858,43.87212055974171,27.944025834230388,0.44381821224775914,38.6801205597417,744.9946178686761,True,low_liquidity,0,0,0,0,0,39626.74,0,0,0,False,False,False,False,0.351,0.3,0.2,1.0,0.3,0.9,0.5,0,0,up,0.27999999999999997,15.125000000000002,,,9885.155531934399,10,231,0.0,0.0,jupiter,True,10.0,0.0,False,"400,700,100,500,200,600,300",7,1.0,True,
0586237d-3b71-499f-ab83-1582c51df64f,J5WkrwDL4VLPDZ6SVMQ67MSjLa8aHhEsxbsQgAe5Sgc2,J5WkrwDL,completed,2025-11-29T07:45:27.813484,2025-11-29T07:46:23.668729,0.93092075,0.0007774,0.000673,0.0007774,0.0007774,44.98786553468828,66846.75413772404,0.4532881991054972,-6.9788011319783925,-13.429379984563935,False,stop_loss,0,0,0,0,0,19818.6,0,0,0,False,False,False,False,0.35041666666666665,0.3,0.2,1.0,0.3,0.9,0.5,0,0,up,0.2916666666666667,16.25,,,9924.781987147631,11,232,0.0,0.0,jupiter,True,10.0,13.429379984563935,False,,0,1.0,True,
85bdeef2-c2c5-4adb-97eb-581d8f289b7e,EJCWgHdaf7PuBEt3dQE92xH6z4Yscof8jc2sywNzUMKC,EJCWgHda,completed,2025-11-29T07:43:27.526184,2025-11-29T07:46:57.256570,3.4955064333333334,0.001054,0.001092,0.001389,0.001054,56.596129032258084,51827.95698924732,0.5711260281712669,1.9694623655914012,3.605313092979132,True,trailing_stop,0,0,0,0,0,56655.47,0,0,0,False,False,False,False,0.31716666666666665,0.2,0.2,1.0,0.3,0.9,0.5,0,0,sideways,0.25666666666666665,0.0,,,9909.569209002373,10,233,0.0,0.0,jupiter,True,10.0,21.382289416846646,False,,0,1.0,True,
e44e14c3-a425-4b4d-b1c5-8165ea61fabd,Esdaeo5oHGuivYW8D2ixZPEKtJSUubpEf74pMAF1tpuf,Esdaeo5o,completed,2025-11-29T07:47:56.557367,2025-11-29T07:48:37.849147,0.6881963333333334,0.00139,0.0008869,0.00139,0.00139,33.127948201438855,37352.517985611514,0.33390461438182445,-18.79205179856115,-36.194244604316545,False,stop_loss,0,0,0,0,0,26693.67,0,0,0,False,False,False,False,0.351,0.3,0.2,1.0,0.3,0.9,0.5,0,0,up,0.27999999999999997,15.125000000000002,,,9921.380770005351,11,234,0.0,0.0,jupiter,True,10.0,36.194244604316545,False,,0,1.0,True,
2afe9ae2-1dcf-48fe-abd3-270efcf21b0c,CEqjcGBNGhH1t575qVxvrqyvQAxc4u1Zo7xBbVmNsVY4,CEqjcGBN,completed,2025-11-29T07:40:05.655167,2025-11-29T07:49:11.951305,9.104935633333334,0.4727,0.8135,1.22,0.4727,75.94961286228052,93.36154008885129,0.7711268313997449,31.817612862280516,72.09646710387138,True,trailing_stop,0,0,0,0,0,47202.91,0,0,0,False,False,False,False,0.351,0.3,0.2,1.0,0.3,0.9,0.5,0,0,up,0.27999999999999997,15.125000000000002,,,9849.172635377921,10,235,0.0,0.0,jupiter,True,10.0,33.319672131147534,False,100,1,1.0,True,
3977c4c7-1100-456b-a772-49a1eccbc215,4M1FWm7iHkPwGebExXPmnJqJh4fJrtqH6hUFJz4WjEtu,4M1FWm7i,completed,2025-11-29T07:44:10.582332,2025-11-29T07:49:12.010594,5.023804366666667,1.351e-05,1.311e-05,1.457e-05,1.351e-05,52.58879348630644,4011349.6175672347,0.5326777946848436,-1.6045398470268921,-2.9607698001480354,False,trailing_stop,0,0,0,0,0,24809.69,0,0,0,False,False,False,False,0.32258333333333333,0.3,0.2,0.4,0.3,0.9,0.5,0,0,sideways,0.24833333333333335,0.0,,,9872.533454753895,9,236,0.0,0.0,jupiter,True,10.0,10.020590253946462,False,,0,1.0,True,
7aac9835-e97c-48ac-8d83-987d62546fa8,2mSPHpxk1CcusQT5AXDtPvqFyQsiaHshn9YwpHNNCt8u,2mSPHpxk,completed,2025-11-29T07:50:33.845404,2025-11-29T07:52:57.857185,2.4001963500000003,1.318e-05,1.519e-05,1.519e-05,1.318e-05,62.61937278705109,4122407.6884167935,0.6322704299946215,8.286039453717759,15.25037936267072,True,low_liquidity,0,0,0,0,0,0.0,0,0,0,False,False,False,False,0.3208333333333333,0.3,0.2,0.4,0.3,0.9,0.5,0,0,sideways,0.2833333333333333,0.0,,,9903.89077464587,11,237,0.0,0.0,jupiter,True,10.0,0.0,False,,0,1.0,True,
8455a342-48a6-438a-898f-9e0a2a2509af,8g2RsVkAAbeLFmguvoKKNFJrzuYUJmMV3FJvFBLy6u19,8g2RsVkA,completed,2025-11-29T05:33:06.208006,2025-11-29T07:52:57.919555,139.86185915,0.0001477,0.000305,0.000341,0.0001477,105.25631911532383,345102.6856240126,1.0673725770354838,54.28465244865718,106.49966147596477,True,trailing_stop,0,0,0,0,0,436243.03,0,0,0,False,False,False,False,0.2504166666666667,0.1,0.2,0.4,0.3,0.9,0.5,0,0,up,0.2916666666666667,18.5,,,9861.253828317596,10,238,0.0,0.0,jupiter,True,10.0,10.55718475073314,False,100,1,1.0,True,
905b2252-de49-4951-baae-62b8e8de9c97,EnmYqWQESgjAztWTDP4ktAaVsa4PEZYpsajAoXD1UuYw,EnmYqWQE,completed,2025-11-29T07:35:20.251228,2025-11-29T07:55:15.225711,19.916241383333332,4.874e-05,2.547e-05,6.618e-05,4.874e-05,29.061789084940504,1141020.38024894,0.2926059385104642,-26.551544248392833,-47.74312679524005,False,low_liquidity,0,0,0,0,0,0.0,0,0,0,False,False,False,False,0.30483333333333335,0.2,0.2,0.8,0.3,0.9,0.5,0,0,up,0.30333333333333334,17.375000000000004,,,9932.057166331639,11,239,0.0,0.0,jupiter,True,10.0,61.5140525838622,False,,0,1.0,True,
e7692fc6-b772-4623-95d1-74cc8a0063d8,ACTUE7YHvpoatfBcR6hkKddnebuftd3JP936dtkGCjGf,ACTUE7YH,completed,2025-11-29T07:48:11.734655,2025-11-29T07:59:08.432788,10.944968883333333,1.082e-05,1.207e-05,1.207e-05,1.082e-05,60.387184226740615,5003080.714725818,0.6015824022356043,6.253850893407272,11.552680221811459,True,low_liquidity,0,0,0,0,0,0.0,0,0,0,False,False,False,False,0.3233333333333333,0.3,0.2,0.4,0.3,0.9,0.5,0,0,sideways,0.23333333333333334,0.0,,,10038.056964819678,11,240,0.0,0.0,jupiter,True,10.0,0.0,False,,0,1.0,True,
80166dc5-b372-4f9d-a650-85e6d6e3e28b,6Q8tpS2jjS9QgNSB9a5X5cKMSCGVc9e4y1xtWiUwArGt,6Q8tpS2j,completed,2025-11-29T07:25:02.696011,2025-11-29T07:59:08.499090,34.096717983333335,0.0001378,0.0001414,0.0001854,0.0001378,61.629056603773584,435849.0566037736,0.6140300088837745,1.5690566037735878,2.612481857764881,True,trailing_stop,0,0,0,0,0,270039.43,0,0,0,False,False,False,False,0.24925,0.1,0.2,0.4,0.3,0.9,0.5,0,0,up,0.315,20.75,,,10036.815092442645,10,241,0.0,0.0,jupiter,True,10.0,23.73247033441209,False,,0,1.0,True,
88107432-fef3-4acc-8516-bb82d2def9cb,DDNK4njeMenRAeca9bE5ki2mnKmcVjN9CbVqNpRVWVvf,DDNK4nje,completed,2025-11-29T07:50:08.917612,2025-11-29T08:01:22.836921,11.231988483333334,9.275e-06,1.031e-05,1.057e-05,9.275e-06,53.94918238993711,5232704.402515723,0.5330479451724679,5.41584905660377,11.15902964959568,True,low_liquidity,0,0,0,0,0,0.0,0,0,0,False,False,False,False,0.3933333333333333,0.5,0.2,0.4,0.3,0.9,0.5,0,0,sideways,0.23333333333333334,0.0,,,10120.887413322986,11,242,0.0,0.0,jupiter,True,10.0,2.4597918637653824,False,,0,1.0,True,
b58f9300-701b-4291-8529-beb6e6453052,Byuba7BGGYY7KUUYBpvGkdNc7RTuY18vf1CKgCNXTAbe,Byuba7BG,completed,2025-11-29T07:54:12.168574,2025-11-29T08:03:41.343404,9.486247166666667,0.6184,0.6914,1.9,0.6184,37.731835705045285,54.573091849935324,0.370641571696718,3.983835705045282,11.804657179818898,True,trailing_stop,0,0,0,0,0,43540.52,0,0,0,False,False,False,False,0.351,0.3,0.2,1.0,0.3,0.9,0.5,0,0,up,0.27999999999999997,15.125000000000002,,,10180.141297242237,11,243,0.0,0.0,jupiter,True,10.0,63.61052631578947,False,"200,100",2,1.0,True,
b438caeb-7a67-4853-b446-935f8fdda671,2WnfywYhnZ2pNnZA93rBt2L48pW38zsZ64nar34XwpqG,2WnfywYh,completed,2025-11-29T07:56:13.486477,2025-11-29T08:05:43.965143,9.507977766666666,0.4446,0.6047,1.54,0.4446,45.90061988304093,75.90643274853801,0.45622019111049583,12.152619883040936,36.00989653621233,True,trailing_stop,0,0,0,0,0,40717.28,0,0,0,False,False,False,False,0.351,0.3,0.2,1.0,0.3,0.9,0.5,0,0,up,0.27999999999999997,15.125000000000002,,,10061.067172698606,11,244,0.0,0.0,jupiter,True,10.0,60.73376623376623,False,"200,100",2,1.0,True,
7f831971-35ee-4483-8048-418cf30bfaae,9qyRTzsAhetygKFtmGWHjEo86jmYHScQeYg1TdhAvx68,9qyRTzsA,completed,2025-11-29T08:01:05.057784,2025-11-29T08:05:44.047931,4.649835783333333,0.478,0.6123,0.8238,0.478,66.50756485355649,108.6192468619247,0.662395580930512,14.587564853556483,28.096234309623426,True,trailing_stop,0,0,0,0,0,40973.95,0,0,0,False,False,False,False,0.351,0.3,0.2,1.0,0.3,0.9,0.5,0,0,up,0.27999999999999997,15.125000000000002,,,10040.46022772809,10,245,0.0,0.0,jupiter,True,10.0,25.673707210487983,False,,0,1.0,True,
513b08f3-b4fb-4cda-98f3-5c19164dd55f,5SSRUaZJ5YbXruqADMRNDAdR2ZMGqkucUHrPDAPvmtB5,5SSRUaZJ,completed,2025-11-29T08:04:50.702210,2025-11-29T08:05:44.096253,0.8899007166666667,0.001022,0.0002726,0.001022,0.001022,14.570674494455321,53450.75016307895,0.14437278204543041,-40.05599217221136,-73.32681017612525,False,stop_loss,0,0,0,0,0,27949.44,0,0,0,False,False,False,False,0.31716666666666665,0.2,0.2,1.0,0.3,0.9,0.5,0,0,sideways,0.25666666666666665,0.0,,,10092.397118087192,9,246,0.0,0.0,jupiter,True,10.0,73.32681017612525,False,,0,1.0,True,
aacc7d57-330f-4bbd-837e-509b1473133e,bWXRzRmfZLpq8sZkGMBLeo7YUVU2kEJJjosszzrDH56,bWXRzRmf,completed,2025-11-29T07:30:52.835615,2025-11-29T08:07:50.746486,36.965181183333335,3.338e-05,6.744e-05,6.744e-05,3.338e-05,112.35959257040145,1666067.5054923107,1.1174927675641722,56.74625923706811,102.03714799281008,True,low_liquidity,0,0,0,0,0,0.0,0,0,0,False,False,False,False,0.30483333333333335,0.2,0.2,0.8,0.3,0.9,0.5,0,0,up,0.30333333333333334,17.375000000000004,,,10054.614743978571,11,247,0.0,0.0,jupiter,True,10.0,0.0,False,,0,1.0,True,
3aef3b1c-9d59-44b9-8443-44669d83c0fd,kB1epMGHd95kB2wYDJHG3NN9mB9HhPqa8tapznqaiMa,kB1epMGH,completed,2025-11-29T07:50:21.671596,2025-11-29T08:09:44.689266,19.383627833333332,1.347e-05,1.481e-05,1.784e-05,1.347e-05,59.518535016085146,4018807.225934176,0.5844904717006357,5.385201682751799,9.948032665181891,True,trailing_stop,0,0,0,0,0,26514.78,0,0,0,False,False,False,False,0.3233333333333333,0.3,0.2,0.4,0.3,0.9,0.5,0,0,sideways,0.23333333333333334,0.0,,,10182.977806791238,11,248,0.0,0.0,jupiter,True,10.0,16.984304932735416,False,,0,1.0,True,
048eadb0-5128-4f08-95a3-7f89f0bd5654,Efg8FDyNnYuv8W68R8isLYMnpCDrxEcedUVJ2QR2eK2R,Efg8FDyN,completed,2025-11-29T08:00:58.601517,2025-11-29T08:11:42.034725,10.7238868,1.227e-05,1.352e-05,1.388e-05,1.227e-05,59.648139092637884,4411844.607443631,0.5840826077145286,5.514805759304538,10.187449062754686,True,low_liquidity,0,0,0,0,0,0.0,0,0,0,False,False,False,False,0.3233333333333333,0.3,0.2,0.4,0.3,0.9,0.5,0,0,sideways,0.23333333333333334,0.0,,,10212.277904667728,11,249,0.0,0.0,jupiter,True,10.0,2.593659942363112,False,,0,1.0,True,
db9e3897-53a9-469e-9942-685fd3913ea7,552MLJnrooG86ZXQ4VNX7VQPCdVfWR4rV78RzBgZzu1P,552MLJnr,completed,2025-11-29T08:08:34.118304,2025-11-29T08:11:42.118287,3.1333330499999996,0.003675,0.00136,0.005554,0.003675,19.213931972789116,14127.891156462585,0.18740340861320776,-32.70606802721088,-62.99319727891156,False,stop_loss,0,0,0,0,0,17441.29,0,0,0,False,False,False,False,0.351,0.3,0.2,1.0,0.3,0.9,0.5,0,0,up,0.27999999999999997,15.125000000000002,,,10252.712111787578,10,250,0.0,0.0,jupiter,True,10.0,75.51314368023047,False,,0,1.0,True,
2e1174b5-7ed2-411d-bf31-a248e252854a,2xmMhSw5o2SLRJFHFjZnbZ7w3ZXbVZCuw283rHT3wSGx,2xmMhSw5,completed,2025-11-29T08:02:36.110652,2025-11-29T08:13:52.413773,11.271718683333335,1.059e-05,1.192e-05,1.194e-05,1.059e-05,61.8324205225055,5187283.600881334,0.6009632683954731,6.89908718917217,12.559017941454192,True,low_liquidity,0,0,0,0,0,0.0,0,0,0,False,False,False,False,0.31333333333333335,0.3,0.2,0.2,0.3,0.9,0.5,0,0,sideways,0.23333333333333334,0.0,,,10288.885157256522,11,251,0.0,0.0,jupiter,True,10.0,0.16750418760468852,False,,0,1.0,True,
68e9ce74-db97-4130-95e8-43922d5e7e2f,9bJ3ndg97E3o9fK33yi3QutUqWDWjSdN8BjmdrpRBeYX,9bJ3ndg9,completed,2025-11-29T08:06:20.388453,2025-11-29T08:16:04.001318,9.726881083333334,0.0009328,0.000608,0.003462,0.0009328,22.296375071469413,36671.66952544311,0.21589384971307332,-11.910958261863922,-34.81989708404802,False,stop_loss,0,0,0,0,0,37851.91,0,0,0,False,False,False,False,0.3421666666666667,0.3,0.2,0.8,0.3,0.9,0.5,0,0,sideways,0.25666666666666665,0.0,,,10327.471162843074,11,252,0.0,0.0,jupiter,True,10.0,82.43789716926632,False,"200,100",2,1.0,True,
22e84105-1523-4d13-ba3f-c35c718a2f15,3y1jxs7c3JbKnZQbTe3rVwqoHY7xgRA1kUrc1azCB3Hw,3y1jxs7c,completed,2025-11-29T07:45:48.906364,2025-11-29T08:20:05.793778,34.281456899999995,0.0001802,7.768e-05,0.0003575,0.0001802,23.62874435812061,304180.5401405846,0.22748480073612132,-31.184588975212726,-56.89234184239733,False,low_liquidity,0,0,0,0,0,25.98,0,0,0,False,False,False,False,0.3148333333333333,0.2,0.2,1.0,0.3,0.9,0.5,0,0,up,0.30333333333333334,17.375000000000004,,,10386.955208286452,11,253,0.0,0.0,jupiter,True,10.0,78.27132867132867,False,,0,1.0,True,
396f77fd-4a37-438d-9fd5-345ba9ed1cb7,9j1b7ssQqVMPWcQp7Z6qRdCeBGhWabFKTRQ4EdQB6Roz,9j1b7ssQ,completed,2025-11-29T08:17:30.366764,2025-11-29T08:20:05.853962,2.5914533,5.606e-05,6.243e-05,6.243e-05,5.606e-05,62.82348198358901,1006302.7708407659,0.6071215328351723,6.410148650255674,11.362825544059927,True,low_liquidity,0,0,0,0,0,0.0,0,0,0,False,False,False,False,0.29483333333333334,0.2,0.2,0.6,0.3,0.9,0.5,0,0,up,0.30333333333333334,17.375000000000004,,,10347.760470660984,10,254,0.0,0.0,jupiter,True,10.0,0.0,False,,0,1.0,True,
f9b2c704-48fa-4ce4-b1b0-104a847b81e0,4p197Eu44u2sX8ELJ2twp1j5hgFYg2ZdKuPp9xm26Epz,4p197Eu4,completed,2025-11-29T08:13:11.933239,2025-11-29T08:20:49.933770,7.633342183333334,0.3544,1.12,1.41,0.3544,106.65282167042892,95.22573363431152,1.0358934284951733,72.9048216704289,216.0270880361174,True,trailing_stop,0,0,0,0,0,55517.5,0,0,0,False,False,False,False,0.351,0.3,0.2,1.0,0.3,0.9,0.5,0,0,up,0.27999999999999997,15.125000000000002,,,10295.73301042771,9,255,0.0,0.0,jupiter,True,10.0,20.56737588652481,False,"200,100",2,1.0,True,
ad79ad57-fc80-487d-a55b-b003f4294899,Gn1iYeVf3dJ65wedQzYsDAhHoztz9o3TCzVSSftMi3k8,Gn1iYeVf,completed,2025-11-29T08:15:15.908659,2025-11-29T08:26:35.714453,11.330096566666667,7.646e-06,8.604e-06,8.711e-06,7.646e-06,54.61428197750458,6347545.557590026,0.5202260401085085,6.0809486441712455,12.529427151451742,True,low_liquidity,0,0,0,0,0,0.0,0,0,0,False,False,False,False,0.3933333333333333,0.5,0.2,0.4,0.3,0.9,0.5,0,0,sideways,0.23333333333333334,0.0,,,10498.18305252716,11,256,0.0,0.0,jupiter,True,10.0,1.2283319940305457,False,,0,1.0,True,
10bed156-c127-419b-af16-cbb025eca69c,CAjHdX7eMCNCZX2hFavvtRzsYLwi2qrY8tSgJP6WysrH,CAjHdX7e,completed,2025-11-29T08:27:47.360629,2025-11-29T08:32:43.655297,4.938244466666666,0.1524,0.1103,0.2645,0.1524,37.57727034120735,340.68241469816275,0.35150059919424004,-14.342729658792656,-27.624671916010506,False,stop_loss,0,0,0,0,0,17412.62,0,0,0,False,False,False,False,0.351,0.3,0.2,1.0,0.3,0.9,0.5,0,0,up,0.27999999999999997,15.125000000000002,,,10690.528103607034,11,257,0.0,0.0,jupiter,True,10.0,58.29867674858223,False,,0,1.0,True,
3bd9cd0c-c5cb-4d72-9ab7-8cd7be5895b0,2pTLf7bfzaLu727tXemmtWJ2ziZExgEYJ64snGVNadAt,2pTLf7bf,completed,2025-11-29T08:23:07.935342,2025-11-29T08:34:40.892579,11.549287283333333,0.2829,0.9334,1.43,0.2829,68.52192011311419,73.41109932838461,0.6426417617409867,47.75392011311419,229.93990809473317,True,trailing_stop,0,0,0,0,0,50634.94,0,0,0,False,False,False,False,0.351,0.3,0.2,1.0,0.3,0.9,0.5,0,0,up,0.27999999999999997,15.125000000000002,,,10662.53769868314,11,258,0.0,0.0,jupiter,True,10.0,34.72727272727273,False,"200,100,400,300",4,1.0,True,
da94d3f5-fdc3-4bd3-a18e-310d510cf95d,3b9frzURfJHeNESYceCKadzsnqiopr3Lyt34fGGnJeyc,3b9frzUR,completed,2025-11-29T08:33:17.698058,2025-11-29T08:36:24.610653,3.1152099166666667,0.0008568,0.0003903,0.001046,0.0008568,23.60871615312792,60488.63990040461,0.22069428670391833,-28.217950513538753,-54.44677871148459,False,stop_loss,0,0,0,0,0,33465.72,0,0,0,False,False,False,False,0.3521666666666667,0.3,0.2,1.0,0.3,0.9,0.5,0,0,sideways,0.25666666666666665,0.0,,,10697.475002966969,10,259,0.0,0.0,jupiter,True,10.0,62.68642447418738,False,,0,1.0,True,
8ffc5393-6f0d-4c88-a060-8a947c115d60,DpVAq6Nnq64ovzbpojDVnya6oBiQqV86CMmysaRxfnPK,DpVAq6Nn,completed,2025-11-29T08:37:47.728798,2025-11-29T08:39:28.677629,1.6824805166666665,1.204e-05,1.293e-05,1.293e-05,1.204e-05,58.79355481727574,4547065.337763011,0.5486482966567717,4.04688815060908,7.392026578073089,True,low_liquidity,0,0,0,0,0,0.0,0,0,0,False,False,False,False,0.31566666666666665,0.3,0.2,0.2,0.3,0.9,0.5,0,0,sideways,0.18666666666666665,0.0,,,10716.073516593151,10,260,0.0,0.0,jupiter,True,10.0,0.0,False,,0,1.0,True,
2a1b2e35-d818-459a-b0c8-ff348ac4b6a1,G2E8oVnme7yC3hxVGv8T7PAwGqiswFE9phroirfUFWE6,G2E8oVnm,completed,2025-11-29T08:06:23.587739,2025-11-29T08:41:14.183604,34.84326441666666,4.06e-05,8.18e-05,8.328e-05,4.06e-05,96.61130706075537,1181067.323481117,0.9033869976250978,48.65997372742201,101.47783251231527,True,low_liquidity,0,0,0,0,0,0.0,0,0,0,False,False,False,False,0.29483333333333334,0.2,0.2,0.6,0.3,0.9,0.5,0,0,up,0.30333333333333334,17.375000000000004,,,10694.343322931983,11,261,0.0,0.0,jupiter,True,10.0,1.7771373679154732,False,100,1,1.0,True,
306aaac0-675c-4425-b560-002e10d23c77,FwMFgn2aNL7qW1WuzJyyAhJE1YGgSNhUzKdvFfpdigaY,FwMFgn2a,completed,2025-11-29T08:23:44.228839,2025-11-29T08:46:46.633917,23.040084633333333,5.888e-05,8.783e-05,0.0001093,5.888e-05,84.15052762681161,958106.8840579712,0.7807047998928774,27.73719429347827,49.167798913043484,True,trailing_stop,0,0,0,0,0,133680.91,0,0,0,False,False,False,False,0.29483333333333334,0.2,0.2,0.6,0.3,0.9,0.5,0,0,up,0.30333333333333334,17.375000000000004,,,10778.789580691464,11,262,0.0,0.0,jupiter,True,10.0,19.64318389752973,False,,0,1.0,True,
06fb8674-55f3-4c09-9c0a-527634c96172,3cArH9jibcjH4Umabh19iqAeVAxfMJTXdnyuTV6Lqud7,3cArH9ji,completed,2025-11-29T08:42:02.550466,2025-11-29T08:46:46.686596,4.735602166666666,0.0008749,0.00112,0.001463,0.0008749,69.98986550843907,62490.9513468206,0.6484776074555302,15.316532175105724,28.01463024345639,True,trailing_stop,0,0,0,0,0,56624.9,0,0,0,False,False,False,False,0.3165833333333333,0.2,0.2,1.0,0.3,0.9,0.5,0,0,sideways,0.2683333333333333,0.0,,,10792.950242809837,10,263,0.0,0.0,jupiter,True,10.0,23.444976076555037,False,,0,1.0,True,
74488668-a6d2-4f16-b3f7-5cecf0d46c02,7gZFpKKNF62JXbzh5nEdWCdCqYNvhDP8i8M2yQGzdcQL,7gZFpKKN,completed,2025-11-29T08:23:47.330639,2025-11-29T08:49:23.823560,25.608215350000002,4.82e-05,6.618e-05,8.439e-05,4.82e-05,78.42741908713694,1185062.2406639005,0.7245066105917557,21.30741908713694,37.30290456431537,True,trailing_stop,0,0,0,0,0,112296.57,0,0,0,False,False,False,False,0.286,0.2,0.2,0.4,0.3,0.9,0.5,0,0,up,0.27999999999999997,15.125000000000002,,,10824.941821176722,11,264,0.0,0.0,jupiter,True,10.0,21.578386064699597,False,,0,1.0,True,
b4446568-659e-4200-86da-02f3c89b1d89,H26JmwrabhRVWBD9S8znyt8sLeQnXD6v4obp6ccui47X,H26Jmwra,completed,2025-11-29T08:48:29.284771,2025-11-29T08:49:58.130140,1.4807561500000002,0.3944,0.6449,0.6449,0.3944,84.8965720081136,131.64300202839758,0.7844874092192006,32.9765720081136,63.514198782961486,True,low_liquidity,0,0,0,0,0,194.7,0,0,0,False,False,False,False,0.351,0.3,0.2,1.0,0.3,0.9,0.5,0,0,up,0.27999999999999997,15.125000000000002,,,10821.916452758758,10,265,0.0,0.0,jupiter,True,10.0,0.0,False,,0,1.0,True,
dd33ec11-f752-48c8-867d-c467d298f6d4,HSmgrzJ2hpNqU6AMKcygrprTJQWGsrjPKRqqH75kPn2a,HSmgrzJ2,completed,2025-11-29T08:40:13.468611,2025-11-29T08:51:32.099117,11.310508433333332,1.014e-05,1.202e-05,1.202e-05,1.014e-05,58.36930966469428,4856015.779092702,0.5375223276016852,9.129309664694283,18.540433925049314,True,low_liquidity,0,0,0,0,0,0.0,0,0,0,False,False,False,False,0.3845,0.5,0.2,0.2,0.3,0.9,0.5,0,0,sideways,0.21000000000000002,0.0,,,10858.955371235686,11,266,0.0,0.0,jupiter,True,10.0,0.0,False,,0,1.0,True,
5fed7e91-7e91-472a-8dc4-9e705bf8a03a,BD3oVhhgnDWfxXD9Nx5PogX7k5qXRhYBFmuc4jihPkS2,BD3oVhhg,completed,2025-11-29T08:50:53.228767,2025-11-29T08:51:32.183785,0.6492503000000001,0.3953,0.3953,0.3953,0.3953,51.92,131.34328358208955,0.4778469051527086,0.0,0.0,False,low_liquidity,0,0,0,0,0,76.13,0,0,0,False,False,False,False,0.351,0.3,0.2,1.0,0.3,0.9,0.5,0,0,up,0.27999999999999997,15.125000000000002,,,10865.404680900381,10,267,0.0,0.0,jupiter,True,10.0,0.0,False,,0,1.0,True,
1a3e22c1-29de-4c60-a3c9-905dfb2fbe92,55UBGmf2TkBAht1Yf6dX4ZUkygNunCbx9TgWrxcTYDSh,55UBGmf2,completed,2025-11-29T08:51:11.266345,2025-11-29T08:53:27.874568,2.276803716666667,0.001231,0.001036,0.001332,0.001231,45.973376658543195,44375.846195505015,0.42413574170192386,-8.65329000812348,-15.840779853777423,False,stop_loss,0,0,0,0,0,54497.35,0,0,0,False,False,False,False,0.31716666666666665,0.2,0.2,1.0,0.3,0.9,0.5,0,0,sideways,0.25666666666666665,0.0,,,10839.307358079852,10,268,0.0,0.0,jupiter,True,10.0,22.222222222222225,False,,0,1.0,True,
eaf3a1d9-7517-43ca-b265-849c62b0fda7,9iG5MxVoWXViz7rgsopMBUtBHJBmbpmN1FFbJAvkhugE,9iG5MxVo,completed,2025-11-29T08:52:55.115849,2025-11-29T08:53:27.939730,0.5470646833333334,0.1164,0.048,0.1164,0.1164,19.10103092783505,397.9381443298969,0.17578423556842784,-27.21896907216495,-58.76288659793815,False,stop_loss,0,0,0,0,0,9113.12,0,0,0,False,False,False,False,0.421,0.5,0.2,1.0,0.3,0.9,0.5,0,0,sideways,0.27999999999999997,0.0,,,10866.179703810561,9,269,0.0,0.0,jupiter,True,10.0,58.76288659793815,False,,0,1.0,True,
1f924a2f-f373-49f4-8d17-3e1fbb5f01d9,GNi7Es4yTPZV7eQU3HqQyLBhfHPrnHtTu4EuEMkJCtB5,GNi7Es4y,completed,2025-11-29T08:48:17.271881,2025-11-29T08:55:32.479435,7.253459233333333,1.211e-05,1.286e-05,1.361e-05,1.211e-05,58.13725295898706,4520781.723093862,0.5366685017552706,3.390586292320402,6.193228736581348,True,low_liquidity,0,0,0,0,0,0.0,0,0,0,False,False,False,False,0.31566666666666665,0.3,0.2,0.2,0.3,0.9,0.5,0,0,sideways,0.18666666666666665,0.0,,,10832.991459129566,9,270,0.0,0.0,jupiter,True,10.0,5.510653930933134,False,,0,1.0,True,
097f20b5-02e3-4c3e-85db-ab0ee0304a1e,H9WwRJCb8BdRnJ39Nvo87LCE4ufjv733zRSGYg2JGu9G,H9WwRJCb,completed,2025-11-29T08:10:44.175977,2025-11-29T09:04:34.333946,53.83596615,0.0002003,0.001718,0.001718,0.0002003,51.073975703112,29728.740222998837,0.45632304953805497,45.11930903644533,757.7134298552171,True,low_liquidity,0,0,0,0,0,1700557.23,0,0,0,False,False,False,False,0.25566666666666665,0.1,0.2,0.4,0.3,0.9,0.5,0,0,sideways,0.18666666666666665,0.0,,,11192.504028629544,11,271,0.0,0.0,jupiter,True,10.0,0.0,False,"400,700,100,500,200,600,300",7,1.0,True,
846c7c82-521b-4282-9788-3baa6a46297c,EiaKTUwQsvexpnhJmDHfTUvP9koCrPuTB47aRYAPgjQd,EiaKTUwQ,completed,2025-11-29T07:05:11.779864,2025-11-29T09:08:03.396121,122.86027095,0.0001763,0.001214,0.001214,0.0001763,119.16893930799773,98162.22348269995,1.060417117743153,101.86293930799772,588.5989790130459,True,low_liquidity,0,0,0,0,0,25.52,0,0,0,False,False,False,False,0.27891666666666665,0.2,0.2,0.2,0.3,0.9,0.5,0,0,sideways,0.22166666666666668,0.0,,,11237.930557139687,11,272,0.0,0.0,jupiter,True,10.0,0.0,False,"400,100,500,200,300",5,1.0,True,
290da0ef-17ee-4c93-9ea8-c6277b127b40,13ttZ4muvvvCfNFvWdUQ56pAgALKcJuivGbgTX3YSvY1,13ttZ4mu,completed,2025-11-29T08:57:27.350470,2025-11-29T09:08:03.466758,10.601938133333334,7.561e-06,8.601e-06,8.819e-06,7.561e-06,56.11903187409073,6524710.13534365,0.4965855135314421,6.785698540757392,13.754794339373092,True,low_liquidity,0,0,0,0,0,0.0,0,0,0,False,False,False,False,0.3833333333333333,0.5,0.2,0.2,0.3,0.9,0.5,0,0,sideways,0.23333333333333334,0.0,,,11300.980464573593,10,273,0.0,0.0,jupiter,True,10.0,2.4719355936047203,False,,0,1.0,True,
70f74df2-5924-4c90-ac1b-e9932b903a0e,ATZvyTeuU6e4sBjuhmRSF5Cbgyy2PLjEj2pRk2Mne49H,ATZvyTeu,completed,2025-11-29T09:05:46.041131,2025-11-29T09:08:03.532615,2.2915247333333335,0.1296,0.04384,0.2104,0.1296,15.668740740740741,357.40740740740745,0.1381548860831013,-30.651259259259263,-66.17283950617285,False,stop_loss,0,0,0,0,0,10974.91,0,0,0,False,False,False,False,0.421,0.5,0.2,1.0,0.3,0.9,0.5,0,0,sideways,0.27999999999999997,0.0,,,11341.430755706942,9,274,0.0,0.0,jupiter,True,10.0,79.16349809885932,False,,0,1.0,True,
b668aa43-d108-4929-a9f6-aa5d07a7903b,GwguDU9vvaZ8j5BcmXpDV84kzkgNXMHTP35cQkSCqEhY,GwguDU9v,completed,2025-11-29T08:58:51.304052,2025-11-29T09:08:47.349333,9.934088016666667,0.001194,0.0009136,0.004174,0.001194,27.168760245672818,29738.135120044677,0.24161535207629245,-8.338573087660526,-23.484087102177554,False,stop_loss,0,0,0,0,0,46381.29,0,0,0,False,False,False,False,0.31716666666666665,0.2,0.2,1.0,0.3,0.9,0.5,0,0,sideways,0.25666666666666665,0.0,,,11244.633262001502,8,275,0.0,0.0,jupiter,True,10.0,78.11212266411115,False,"200,100",2,1.0,True,
72922e7a-acfa-4897-8907-8d48bf257789,2PPgmchaiqo3VbaAv8j6uXyKFVoMee1Q6A3NChq6Ngac,2PPgmcha,completed,2025-11-29T08:06:51.206706,2025-11-29T09:10:19.727728,63.47535036666667,0.0001302,0.000195,0.0002023,0.0001302,88.75345622119816,455145.9293394778,0.7918095225058409,29.493456221198162,49.76958525345623,True,low_liquidity,0,0,0,0,0,0.0,0,0,0,False,False,False,False,0.25925,0.1,0.2,0.6,0.3,0.9,0.5,0,0,up,0.315,20.75,,,11208.94024364849,8,276,0.0,0.0,jupiter,True,10.0,3.6085022244191864,False,,0,1.0,True,
653acd66-a042-43a4-945a-583c3316dc41,DQpbKc1qUCa2Wrh6UUT83dAVY3qr68nTGMjcWfAoDa7P,DQpbKc1q,completed,2025-11-29T09:11:49.559938,2025-11-29T09:12:19.415087,0.4975858166666667,0.0001821,0.0001821,0.0001821,0.0001821,54.81333333333333,301006.7728354384,0.4896229857102292,0.0,0.0,False,low_liquidity,0,0,0,0,0,0.94,0,0,0,False,False,False,False,0.3148333333333333,0.2,0.2,1.0,0.3,0.9,0.5,0,0,up,0.30333333333333334,17.375000000000004,,,11195.00818651786,9,277,0.0,0.0,jupiter,True,10.0,0.0,False,,0,1.0,True,
e037cad7-6595-481d-b3a4-eb3b1fda515f,BEEndyFFrgnwx1hzyKyMoos77z8tC6hD1DrW7ueEzbMU,BEEndyFF,completed,2025-11-29T09:00:38.711807,2025-11-29T09:12:19.508880,11.679951216666666,0.2566,0.7405,1.72,0.2566,44.94944660950895,60.701480904130925,0.40115983757505425,29.373446609508957,188.5814497272019,True,trailing_stop,0,0,0,0,0,45117.03,0,0,0,False,False,False,False,0.351,0.3,0.2,1.0,0.3,0.9,0.5,0,0,up,0.27999999999999997,15.125000000000002,,,11204.872073241684,8,278,0.0,0.0,jupiter,True,10.0,56.94767441860464,False,"400,100,500,200,300",5,1.0,True,
def522ed-5cd2-4dba-82e4-638c1e3f3052,S8W9ZMvpxxSEfkwEtw39NNoEdUj8APftkH81kfSGXMv,S8W9ZMvp,completed,2025-11-29T09:12:05.633508,2025-11-29T09:14:27.548819,2.3652551833333333,1.311e-05,1.301e-05,1.454e-05,1.311e-05,53.72041698449023,4129163.488431224,0.47899098769957615,-0.41291634884311845,-0.762776506483593,False,trailing_stop,0,0,0,0,0,24707.49,0,0,0,False,False,False,False,0.3233333333333333,0.3,0.2,0.4,0.3,0.9,0.5,0,0,sideways,0.23333333333333334,0.0,,,11215.329382811635,10,279,0.0,0.0,jupiter,True,10.0,10.52269601100412,False,,0,1.0,True,
3554b119-12f8-489f-bfd7-af201a874572,Dthd6LaYb8jHTaYto7yLQnbfnrX2hmcXcfafqRZFWE9q,Dthd6LaY,completed,2025-11-29T07:53:47.310480,2025-11-29T09:16:31.764514,82.74090056666667,0.0001144,0.0001373,0.0001769,0.0001144,69.99419580419581,509790.20979020983,0.6268980831499071,11.674195804195806,20.017482517482517,True,trailing_stop,0,0,0,0,0,150763.94,0,0,0,False,False,False,False,0.271,0.1,0.2,0.8,0.3,0.9,0.5,0,0,up,0.27999999999999997,17.375,,,11165.163474819308,11,280,0.0,0.0,jupiter,True,10.0,22.3855285472018,False,,0,1.0,True,
6d85bf55-55ec-4d2b-b0e0-3c2df86a9252,54H6AuEGS2CNss1e68n82EEZUhTT1zTBR92B6wAN1t24,54H6AuEG,completed,2025-11-29T09:13:36.876724,2025-11-29T09:16:31.822165,2.91575735,0.3638,0.0738,0.4414,0.3638,10.532424409015945,142.71577789994504,0.09383319423129971,-41.38757559098406,-79.71412864211106,False,stop_loss,0,0,0,0,0,14237.93,0,0,0,False,False,False,False,0.351,0.3,0.2,1.0,0.3,0.9,0.5,0,0,up,0.27999999999999997,15.125000000000002,,,11224.62524621449,10,281,0.0,0.0,jupiter,True,10.0,83.2804712279112,False,,0,1.0,True,
f4a34877-12d5-4da1-98d0-cc04086e5738,2UwVsKLTRRNr9MpFU13hhkAYASHQK7qBgr1zEt3etaEy,2UwVsKLT,completed,2025-11-29T09:13:08.848812,2025-11-29T09:18:45.619862,5.612850833333334,0.0002476,0.0002476,0.0002476,0.0002476,49.38000000000001,199434.57189014542,0.44115126818015693,0.0,0.0,False,low_liquidity,0,0,0,0,0,40111.99,0,0,0,False,False,False,False,0.38275,0.5,0.2,0.2,0.3,0.9,0.5,0,0,sideways,0.245,0.0,,,11193.439430357537,10,282,0.0,0.0,jupiter,True,10.0,0.0,False,,0,1.0,True,
85a4b613-5f17-4f10-b215-8d8cf7364d5d,F43FqhrmLXjnQAF1MP4doNQBbEM5vCSBwLGTXSHX62Z2,F43Fqhrm,completed,2025-11-29T09:15:28.229665,2025-11-29T09:18:45.701747,3.291201366666667,0.0001149,0.0001242,0.0001255,0.0001149,64.82036553524804,521903.10414853494,0.5798923864579746,4.85369886858138,8.093994778067893,True,low_liquidity,0,0,0,0,0,0.0,0,0,0,False,False,False,False,0.2504166666666667,0.1,0.2,0.4,0.3,0.9,0.5,0,0,up,0.2916666666666667,18.5,,,11177.999064822288,9,283,0.0,0.0,jupiter,True,10.0,1.0358565737051615,False,,0,1.0,True,
937cc0c3-9c1a-4134-ba77-6a7ccd41683d,HEgTTromJdLYHGq279jg6N3ZL94PFMU316bN54q8nhqA,HEgTTrom,completed,2025-11-29T09:18:01.057897,2025-11-29T09:18:45.752636,0.7449123166666667,0.4667,0.1197,0.4667,0.4667,13.316528819370046,111.24919648596529,0.11858520306848142,-38.60347118062995,-74.35183201199914,False,stop_loss,0,0,0,0,0,18143.98,0,0,0,False,False,False,False,0.351,0.3,0.2,1.0,0.3,0.9,0.5,0,0,up,0.27999999999999997,15.125000000000002,,,11229.502901538166,8,284,0.0,0.0,jupiter,True,10.0,74.35183201199914,False,,0,1.0,True,
f3f38c9f-fa02-4460-86ac-819074843d0e,7EHYn6vCh2oPctoShLJyHhGqMbzCJeBjNjC4wHuLzZWf,7EHYn6vC,completed,2025-11-29T09:09:50.156953,2025-11-29T09:20:42.968789,10.880197266666666,9.113e-06,1.02e-05,1.049e-05,9.113e-06,55.217820695709435,5413511.832912689,0.49610249778198484,5.884487362376093,11.92801492373532,True,low_liquidity,0,0,0,0,0,0.0,0,0,0,False,False,False,False,0.3833333333333333,0.5,0.2,0.2,0.3,0.9,0.5,0,0,sideways,0.23333333333333334,0.0,,,11130.325072456142,10,285,0.0,0.0,jupiter,True,10.0,2.7645376549094274,False,,0,1.0,True,
8161543b-9752-4537-96c2-ae61b4890fb9,39X5aqoCXKMjBz7XAnahsbSByz4eGySL9i5tAbxYSne4,39X5aqoC,completed,2025-11-29T09:15:56.103547,2025-11-29T09:20:43.041473,4.782298766666667,0.2083,0.07473,0.377,0.2083,18.626891982717236,249.25588094095053,0.16680426342212185,-33.29310801728277,-64.12385981757082,False,stop_loss,0,0,0,0,0,14320.86,0,0,0,False,False,False,False,0.351,0.3,0.2,1.0,0.3,0.9,0.5,0,0,up,0.27999999999999997,15.125000000000002,,,11166.916001169133,9,286,0.0,0.0,jupiter,True,10.0,80.17771883289124,False,,0,1.0,True,
0a7e3370-0368-4040-a235-5e9e54d5026a,FUjpVwURfsX4GGoubncQfLtY5LkX6cBon4MGcB4NuRpV,FUjpVwUR,completed,2025-11-29T08:40:31.435378,2025-11-29T09:22:34.499459,42.05106801666667,0.003072,0.003198,0.003623,0.003072,59.83063802083334,18708.767361111113,0.5364316922964758,2.3573046874999966,4.101562499999994,True,trailing_stop,0,0,0,0,0,200829.35,0,0,0,False,False,False,False,0.28158333333333335,0.1,0.2,1.0,0.3,0.9,0.5,0,0,up,0.2683333333333333,16.25,,,11153.449522099836,11,287,0.0,0.0,jupiter,True,10.0,11.73060999171957,False,,0,1.0,True,
cfc308fa-3e8f-4485-8393-0bd929b538d6,8CpwarC3bRf35N2UX4jqE64ZwHUH4bDBSLsa7Gakf94B,8CpwarC3,completed,2025-11-29T09:21:31.740249,2025-11-29T09:22:34.552904,1.0468775833333333,0.107,0.03072,0.107,0.107,13.29860186915888,432.89719626168227,0.1187377122006172,-33.02139813084112,-71.28971962616822,False,stop_loss,0,0,0,0,0,9182.12,0,0,0,False,False,False,False,0.421,0.5,0.2,1.0,0.3,0.9,0.5,0,0,sideways,0.27999999999999997,0.0,,,11199.981558251511,10,288,0.0,0.0,jupiter,True,10.0,71.28971962616822,False,,0,1.0,True,
d13c62a6-08f6-4b0b-a24b-b9af19b2f790,FjKp8a6LUR7YMJVJXvyzykV5yvvCU4KADb9XMe79hEwg,FjKp8a6L,completed,2025-11-29T08:55:21.322174,2025-11-29T09:24:54.437916,29.551929033333334,0.4595,2.093,2.093,0.4595,118.24652883569098,56.49619151251361,1.0536640766333123,92.28652883569099,355.49510337323176,True,low_liquidity,0,0,0,0,0,52413.06,0,0,0,False,False,False,False,0.351,0.3,0.2,1.0,0.3,0.9,0.5,0,0,up,0.27999999999999997,15.125000000000002,,,11222.412480219935,11,289,0.0,0.0,jupiter,True,10.0,0.0,False,"200,100,300",3,1.0,True,
31a4a3e1-fba0-4191-959d-7527214af11c,8bmzQ1jU7NzEfJjP4vURaoPmTwYJWCkQgB5ZQkBSSFrW,8bmzQ1jU,completed,2025-11-29T09:24:01.372996,2025-11-29T09:27:09.739610,3.1394435666666665,0.1559,0.05881,0.2428,0.1559,19.585729313662604,333.0339961513791,0.171683489414533,-32.3342706863374,-62.2771007055805,False,stop_loss,0,0,0,0,0,12705.97,0,0,0,False,False,False,False,0.351,0.3,0.2,1.0,0.3,0.9,0.5,0,0,up,0.27999999999999997,15.125000000000002,,,11408.04475750868,11,290,0.0,0.0,jupiter,True,10.0,75.77841845140033,False,,0,1.0,True,
c7fa030b-092a-4f3a-af33-baeb7de15bd1,GUwWBZ1n4mHXC8Bo1yK9gQK8XNMjDgx1qu9UEGu1q7u6,GUwWBZ1n,completed,2025-11-29T09:14:06.712389,2025-11-29T09:28:59.916238,14.886730816666667,7.034e-05,9.481e-05,0.0001342,7.034e-05,78.7971651976116,831106.0562979813,0.6930064645514598,20.337165197611604,34.788171737276095,True,trailing_stop,0,0,0,0,0,134196.89,0,0,0,False,False,False,False,0.26925,0.1,0.2,0.8,0.3,0.9,0.5,0,0,up,0.315,20.75,,,11370.336241901025,11,291,0.0,0.0,jupiter,True,10.0,29.35171385991059,False,,0,1.0,True,
7f20366a-de03-41ce-87e1-ec15ccec9e4b,G9oJ5KSbDWSV1RF92FfduatjQJ72noYc9LGGXQvTftCX,G9oJ5KSb,completed,2025-11-29T09:19:52.969760,2025-11-29T09:31:00.971551,11.133363183333334,1.199e-05,1.373e-05,1.39e-05,1.199e-05,62.90530998053935,4581595.774256325,0.5491577773321619,7.971976647206008,14.512093411175982,True,low_liquidity,0,0,0,0,0,0.0,0,0,0,False,False,False,False,0.31333333333333335,0.3,0.2,0.2,0.3,0.9,0.5,0,0,sideways,0.23333333333333334,0.0,,,11454.870089637398,11,292,0.0,0.0,jupiter,True,10.0,1.2230215827338133,False,,0,1.0,True,
0b637959-8e97-411d-ac02-b7a79a55c717,J9M32VqKVmXoxMaGvsSkRJAZta3UjdYrf8o2toc8qD8A,J9M32VqK,completed,2025-11-29T09:25:50.250179,2025-11-29T09:31:01.044018,5.179897316666667,0.07343,0.09739,0.09739,0.07343,23.990023232192435,246.3294304568481,0.20872169130181,5.902053153746082,32.62971537518727,True,low_liquidity,0,0,0,0,0,1823.86,0,0,0,False,False,False,False,0.491,0.7,0.2,1.0,0.3,0.9,0.5,0,0,sideways,0.27999999999999997,0.0,,,11493.785376385744,10,293,0.0,0.0,jupiter,True,10.0,0.0,False,,0,1.0,True,
9c94e672-0916-4b0a-90c4-e2b742670467,5UR2x5DXsS5eEG12BFtMh9xpUvaUd9XL6TjrZKLtJVyU,5UR2x5DX,completed,2025-11-29T09:21:49.987337,2025-11-29T09:31:35.130428,9.75238485,0.3233,0.4659,1.41,0.3233,37.41034333436438,80.29693782864216,0.32739162292675456,11.450343334364373,44.10763996288278,True,trailing_stop,0,0,0,0,0,35742.68,0,0,0,False,False,False,False,0.351,0.3,0.2,1.0,0.3,0.9,0.5,0,0,up,0.27999999999999997,15.125000000000002,,,11426.7869776051,9,294,0.0,0.0,jupiter,True,10.0,66.95744680851064,False,"200,100,300",3,1.0,True,
645ff702-d5e9-48dc-8243-f43ea080ce53,5VZoEedBvRh3xp2rkGqfujiuTFPR6BmpJxteYAw4gd1W,5VZoEedB,completed,2025-11-29T09:19:40.787625,2025-11-29T09:33:11.816218,13.517143216666666,0.239,0.1647,1.21,0.239,14.311671966527195,86.89539748953973,0.12673676379976193,-6.4563280334728,-31.087866108786606,False,stop_loss,0,0,0,0,0,37148.71,0,0,0,False,False,False,False,0.351,0.3,0.2,1.0,0.3,0.9,0.5,0,0,up,0.27999999999999997,15.125000000000002,,,11292.439176637772,11,295,0.0,0.0,jupiter,True,10.0,86.38842975206612,False,"200,100,400,300",4,1.0,True,
6778c3a1-69e1-4134-b370-69293bc8bf56,9PGozM3kWVJiuMvWiosiVb6j5h1cZfa3Xm4pMqM5XD3N,9PGozM3k,completed,2025-11-29T09:28:10.073476,2025-11-29T09:33:11.886217,5.03021235,0.1626,0.03757,0.3578,0.1626,10.197043296432962,271.4145141451414,0.09026685015780406,-33.93495670356703,-76.89421894218943,False,stop_loss,0,0,0,0,0,10145.94,0,0,0,False,False,False,False,0.351,0.3,0.2,1.0,0.3,0.9,0.5,0,0,up,0.27999999999999997,15.125000000000002,,,11296.553805307865,10,296,0.0,0.0,jupiter,True,10.0,89.49972051425378,False,100,1,1.0,True,
a6fdc8c0-beb5-47be-9fe6-9980237e930c,AQMVkQZ3oQTxizsRSR3xRYYdfY3JS9dVGfmnY5Wm2NL8,AQMVkQZ3,completed,2025-11-29T09:32:33.221850,2025-11-29T09:35:13.230104,2.666804233333333,0.0001786,0.0001795,0.0001795,0.0001786,58.1180664427025,323777.52892870473,0.5146412298383468,0.29139977603583256,0.503919372900333,True,low_liquidity,0,0,0,0,0,0.98,0,0,0,False,False,False,False,0.2771666666666667,0.2,0.2,0.2,0.3,0.9,0.5,0,0,sideways,0.25666666666666665,0.0,,,11292.928563255196,11,297,0.0,0.0,jupiter,True,10.0,0.0,False,,0,1.0,True,
e588f20b-1eef-4c96-96af-dfb28ff085f0,EmmRU9wcZsCKEB7KfWcEozwWxvGskRL1vBav23Z9U9Xy,EmmRU9wc,completed,2025-11-29T09:32:29.997480,2025-11-29T09:37:34.752688,5.079253466666667,0.0002983,0.0002656,0.0003544,0.0002983,41.99620069281485,158118.2255000559,0.3714544507674174,-5.170465973851825,-10.962118672477366,False,stop_loss,0,0,0,0,0,17275.45,0,0,0,False,False,False,False,0.41041666666666665,0.5,0.2,0.8,0.3,0.9,0.5,0,0,sideways,0.2916666666666667,0.0,,,11305.881678373094,11,298,0.0,0.0,jupiter,True,10.0,25.056433408577877,False,,0,1.0,True,
23475773-50e4-4b4d-8475-eb649963188c,9f5PYRdsvH2VMJUf3y2rLtm7RGgY1h3wio6c1LomKVFX,9f5PYRds,completed,2025-11-29T09:29:56.184935,2025-11-29T09:39:38.470052,9.70475195,1.355e-05,1.725e-05,2.042e-05,1.355e-05,68.91512915129152,3995079.950799509,0.607786478175071,14.781795817958177,27.30627306273061,True,trailing_stop,0,0,0,0,0,28472.32,0,0,0,False,False,False,False,0.3233333333333333,0.3,0.2,0.4,0.3,0.9,0.5,0,0,sideways,0.23333333333333334,0.0,,,11338.70719832644,11,299,0.0,0.0,jupiter,True,10.0,15.52399608227229,False,,0,1.0,True,
be83a03b-fb39-404c-af9e-5ab17f31de67,2feBgMpbYoyXX7bVLKheEovCBrRkjfNBNRHAJBo8Qd2x,2feBgMpb,completed,2025-11-29T09:19:43.969429,2025-11-29T09:41:39.651524,21.928034916666665,0.001556,0.001569,0.001709,0.001556,58.09467866323907,37026.56383890317,0.511469704324283,0.4813453299057408,0.835475578406169,True,low_liquidity,0,0,0,0,0,128697.86,0,0,0,False,False,False,False,0.2798333333333333,0.1,0.2,1.0,0.3,0.9,0.5,0,0,up,0.30333333333333334,19.625,,,11358.381185057597,11,300,0.0,0.0,jupiter,True,10.0,8.19192510239906,False,,0,1.0,True,
12758f98-23df-4a61-89be-bbc285cc79d3,B4M7sXmcPMxoWuTbXwuszAyYdeqcoL3du3BekujUGSuh,B4M7sXmc,completed,2025-11-29T09:23:30.906152,2025-11-29T09:41:39.723633,18.146958016666666,0.0001725,0.0002963,0.0002963,0.0001725,93.91135458937198,316946.8599033817,0.8294177040336932,39.23802125603865,71.76811594202898,True,low_liquidity,0,0,0,0,0,4.98,0,0,0,False,False,False,False,0.3165833333333333,0.2,0.2,1.0,0.3,0.9,0.5,0,0,sideways,0.2683333333333333,0.0,,,11322.564509131464,10,301,0.0,0.0,jupiter,True,10.0,0.0,False,,0,1.0,True,
0fdf65e4-8661-4b5b-96eb-3b11955d095f,2L5Wb9CPXZJnhT9WZ4ZADuS5hRjJv4TS983Q2MfYftgF,2L5Wb9CP,completed,2025-11-29T09:32:17.609481,2025-11-29T09:43:11.384900,10.896256983333334,1.353e-05,1.525e-05,1.567e-05,1.353e-05,61.916728258191675,4060113.3284060117,0.5445065850882342,6.9833949248583425,12.712490761271253,True,low_liquidity,0,0,0,0,0,0.0,0,0,0,False,False,False,False,0.31333333333333335,0.3,0.2,0.2,0.3,0.9,0.5,0,0,sideways,0.23333333333333334,0.0,,,11371.162434731328,9,302,0.0,0.0,jupiter,True,10.0,2.6802807913210023,False,,0,1.0,True,
d7a0c9c9-7f7d-4b0c-bb81-df8ea0388384,APU4MLbVXrfwir9nrYvUqwEegR3UYfqspPdRSTR9ujjn,APU4MLbV,completed,2025-11-29T09:21:56.388194,2025-11-29T09:45:30.441120,23.56754876666667,0.0001484,0.0001953,0.0001953,0.0001484,72.13641509433963,369362.08445642405,0.6324417229542934,17.32308176100629,31.60377358490566,True,low_liquidity,0,0,0,0,0,6.85,0,0,0,False,False,False,False,0.3148333333333333,0.2,0.2,1.0,0.3,0.9,0.5,0,0,up,0.30333333333333334,17.375000000000004,,,11406.017736681319,11,303,0.0,0.0,jupiter,True,10.0,0.0,False,,0,1.0,True,
b8227bfd-1c77-4c1b-8de3-32530536a493,CxvyeqcXMjMAVcz4UH4qBkcton3cGB6RXSvhwNhJsN6g,CxvyeqcX,completed,2025-11-29T09:34:14.201386,2025-11-29T09:45:30.509724,11.271805633333335,7.427e-06,8.471e-06,8.739e-06,7.427e-06,56.268031057852,6642430.770611733,0.49263344480198556,6.934697724518653,14.056819711862131,True,low_liquidity,0,0,0,0,0,0.0,0,0,0,False,False,False,False,0.3833333333333333,0.5,0.2,0.2,0.3,0.9,0.5,0,0,sideways,0.23333333333333334,0.0,,,11421.886120717805,10,304,0.0,0.0,jupiter,True,10.0,3.0667124384941045,False,,0,1.0,True,
b448add9-71b3-4f01-b797-6ae49d9db04b,CArXQjcduV2HhHTCQGrGLkzQMtJhyDTSQ3bQvNf3qPYE,CArXQjcd,completed,2025-11-29T09:40:22.249859,2025-11-29T09:47:51.134955,7.481418266666666,5.099e-05,3.053e-05,7.208e-05,5.099e-05,34.256188795188606,1122050.0751781396,0.3007335671993697,-22.957144538144732,-40.12551480682486,False,low_liquidity,0,0,0,0,0,0.0,0,0,0,False,False,False,False,0.2848333333333333,0.2,0.2,0.4,0.3,0.9,0.5,0,0,up,0.30333333333333334,17.375000000000004,,,11390.876354177866,11,305,0.0,0.0,jupiter,True,10.0,57.64428412874584,False,,0,1.0,True,
12812fe0-cf5d-40aa-b827-f73f76e5532b,5SJmDjL251d8que4cXjq6A4or4B7wvuua4ouv4VQDTbC,5SJmDjL2,completed,2025-11-29T09:46:26.964336,2025-11-29T09:47:51.222884,1.4043091333333335,4.027e-05,2.293e-05,4.027e-05,4.027e-05,32.12211902988164,1400877.4108103637,0.2819458407794911,-24.291214303451707,-43.05934939160665,False,low_liquidity,0,0,0,0,0,0.0,0,0,0,False,False,False,False,0.29483333333333334,0.2,0.2,0.6,0.3,0.9,0.5,0,0,up,0.30333333333333334,17.375000000000004,,,11393.010423943173,10,306,0.0,0.0,jupiter,True,10.0,43.05934939160665,False,,0,1.0,True,
91fe08a1-82f1-44ff-8a97-d5968f9ec3a8,544a6LVrQx6NghRAAoFKt52nFbYN8o1LBd4x6dWCW7Nc,544a6LVr,completed,2025-11-29T09:46:33.664627,2025-11-29T09:47:51.289975,1.2937558,0.001152,0.0004866,0.001152,0.001152,23.074076388888894,47418.98148148149,0.20236763788320966,-31.552590277777785,-57.76041666666667,False,stop_loss,0,0,0,0,0,33738.81,0,0,0,False,False,False,False,0.31716666666666665,0.2,0.2,1.0,0.3,0.9,0.5,0,0,sideways,0.25666666666666665,0.0,,,11402.058466584167,9,307,0.0,0.0,jupiter,True,10.0,57.76041666666667,False,,0,1.0,True,
770916b2-39f1-4544-abc7-951c9294b75b,9Gv3EmeF9FasgfRLgtJ7gJ7tJn3BoAgqNiMKvEZgHpz1,9Gv3EmeF,completed,2025-11-29T09:48:53.237017,2025-11-29T09:50:02.663289,1.1571045333333332,0.000853,0.000853,0.000853,0.000853,51.82666666666667,60758.10863618601,0.4528562332894564,0.0,0.0,False,low_liquidity,0,0,0,0,0,0.0,0,0,0,False,False,False,False,0.3521666666666667,0.3,0.2,1.0,0.3,0.9,0.5,0,0,sideways,0.25666666666666665,0.0,,,11444.397328973084,11,308,0.0,0.0,jupiter,True,10.0,0.0,False,,0,1.0,True,
4f916a1c-1fc4-49ab-9fef-1b985ec19d0f,PP8Lx3AiW6F7esU1YSvfKEi3yqAZgzXfxhc8uPMpgCG,PP8Lx3Ai,completed,2025-11-29T09:48:37.757981,2025-11-29T09:54:17.076145,5.655302733333333,0.0004664,0.0004664,0.0004664,0.0004664,54.84,117581.47512864495,0.4762618011771258,0.0,0.0,False,low_liquidity,0,0,0,0,0,74363.45,0,0,0,False,False,False,False,0.3145,0.3,0.2,0.2,0.3,0.9,0.5,0,0,sideways,0.21000000000000002,0.0,,,11514.675303469181,11,309,0.0,0.0,jupiter,True,10.0,0.0,False,,0,1.0,True,
8d8054c8-e12e-4df2-85f1-589139369d7c,3MMiMepN8tMRJGUqDjBJKPnrEtLAfAvXgQEt6QXKZtRv,3MMiMepN,completed,2025-11-29T09:44:27.132541,2025-11-29T09:54:17.154624,9.833701383333333,0.2106,0.5862,1.18,0.2106,57.807225071225055,98.6134852801519,0.502160276107956,37.03922507122506,178.34757834757835,True,trailing_stop,0,0,0,0,0,40070.21,0,0,0,False,False,False,False,0.351,0.3,0.2,1.0,0.3,0.9,0.5,0,0,up,0.27999999999999997,15.125000000000002,,,11511.708078397956,10,310,0.0,0.0,jupiter,True,10.0,50.32203389830507,False,"200,100,400,300",4,1.0,True,
8c77c4f2-86a9-463d-a85c-079ce7d420e3,Fz4QVWQpUYEKeDaZ2oAJUiGvF52yDAhaaJksRCV9fPAk,Fz4QVWQp,completed,2025-11-29T09:34:08.094808,2025-11-29T09:54:51.629578,20.7255795,0.3232,0.5648,0.5648,0.3232,90.73148514851485,160.64356435643566,0.7896946276812515,38.811485148514855,74.75247524752476,True,low_liquidity,0,0,0,0,0,14224.89,0,0,0,False,False,False,False,0.351,0.3,0.2,1.0,0.3,0.9,0.5,0,0,up,0.27999999999999997,15.125000000000002,,,11489.439331115376,9,311,0.0,0.0,jupiter,True,10.0,0.0,False,,0,1.0,True,
11a19690-c7e0-4199-b450-20f201506a98,AgTHSjWr4JbreaeG4VCHUufbGukrtbxKk6N3ghep61Fy,AgTHSjWr,completed,2025-11-29T09:44:55.188471,2025-11-29T09:56:19.872154,11.411394716666667,1.038e-05,1.191e-05,1.219e-05,1.038e-05,56.60500963391138,4752729.608220939,0.4901733867646276,7.271676300578031,14.739884393063573,True,low_liquidity,0,0,0,0,0,0.0,0,0,0,False,False,False,False,0.3833333333333333,0.5,0.2,0.2,0.3,0.9,0.5,0,0,sideways,0.23333333333333334,0.0,,,11547.956531775577,11,312,0.0,0.0,jupiter,True,10.0,2.296964725184583,False,,0,1.0,True,
e5b9263c-20e4-4c2e-a026-5cb719d401d0,E8esXQUF8ysdDeLqcR8959CxtjLq6eUxXSdUr1LEA6ta,E8esXQUF,completed,2025-11-29T09:55:11.145848,2025-11-29T09:58:26.126809,3.2496826833333334,4.43e-05,5.007e-05,5.044e-05,4.43e-05,63.76107449209934,1273438.6756960123,0.5483660929829655,7.347741158765992,13.024830699774267,True,low_liquidity,0,0,0,0,0,0.0,0,0,0,False,False,False,False,0.29483333333333334,0.2,0.2,0.6,0.3,0.9,0.5,0,0,up,0.30333333333333334,17.375000000000004,,,11627.464810097224,11,313,0.0,0.0,jupiter,True,10.0,0.7335448057097506,False,,0,1.0,True,
8d3d93b5-cdc2-4dc7-9661-817a15ed06b9,HU6FUgFskLg7ndrDjpnSGWf8vfFW3j98nHMMhP1Pz2vB,HU6FUgFs,completed,2025-11-29T09:55:20.741943,2025-11-29T09:59:10.274018,3.8255345833333334,0.0009287,0.0008443,0.001472,0.0009287,49.7046358709307,58870.82301424932,0.42724552844806907,-4.968697462402642,-9.08797243458598,False,stop_loss,0,0,0,0,0,49132.51,0,0,0,False,False,False,False,0.3165833333333333,0.2,0.2,1.0,0.3,0.9,0.5,0,0,sideways,0.2683333333333333,0.0,,,11633.740451650441,10,314,0.0,0.0,jupiter,True,10.0,42.642663043478265,False,,0,1.0,True,
ff5648fe-da42-4f4a-8a13-df3c94edc261,J54iFEHWkDVw7yTfSgcXYV31aH7xQihn1ydjmgSeCvDX,J54iFEHW,completed,2025-11-29T09:57:20.730372,2025-11-29T10:00:56.513003,3.5963771833333333,0.0009311,0.0005025,0.001472,0.0009311,27.970035441950383,55661.7620735331,0.2405112509658947,-23.85663122471629,-46.03157555579423,False,low_liquidity,0,0,0,0,0,0.0,0,0,0,False,False,False,False,0.3521666666666667,0.3,0.2,1.0,0.3,0.9,0.5,0,0,sideways,0.25666666666666665,0.0,,,11629.408324817465,10,315,0.0,0.0,jupiter,True,10.0,65.86277173913044,False,,0,1.0,True,
edcfdb97-2f0e-451d-bc43-4c13e424462e,J5Npa8f3b7oCitpbXvuPythevxEeyNAPGcngYWvAjyQu,J5Npa8f3,completed,2025-11-29T08:12:38.908121,2025-11-29T10:02:58.692244,110.32973538333334,4.459e-05,0.0001215,0.0001215,4.459e-05,133.8243888764297,1101435.2993944832,1.1642792496789938,84.7113888764297,172.48261942139493,True,low_liquidity,0,0,0,0,0,0.0,0,0,0,False,False,False,False,0.27775,0.2,0.2,0.2,0.3,0.9,0.5,0,0,sideways,0.245,0.0,,,11494.183110566193,11,316,0.0,0.0,jupiter,True,10.0,0.0,False,100,1,1.0,True,
1157d5bb-b440-4bbb-ace8-71b9b638ebaf,8D3LLVVSgojcRp64rztXKy1YjXWR2yyKDpXT17MZFBDR,8D3LLVVS,completed,2025-11-29T09:51:17.925742,2025-11-29T10:02:58.785216,11.680991233333334,5.045e-05,3.283e-05,8.377e-05,5.045e-05,37.231193921374306,1134060.1255368353,0.32121398032364135,-19.982139411959036,-34.92566897918731,False,low_liquidity,0,0,0,0,0,0.0,0,0,0,False,False,False,False,0.2848333333333333,0.2,0.2,0.4,0.3,0.9,0.5,0,0,up,0.30333333333333334,17.375000000000004,,,11590.776305521249,10,317,0.0,0.0,jupiter,True,10.0,60.80935895905455,False,,0,1.0,True,
5ec06b9c-9d9a-4b88-b008-b0d026cf109d,757tNhRKE1Kqk9HoLggLXUb77hfUsTim3W3u32KHRV2b,757tNhRK,completed,2025-11-29T09:36:40.874614,2025-11-29T10:05:02.533349,28.360978916666667,5.077e-06,6.245e-06,6.265e-06,5.077e-06,69.21941435230781,11083973.475149369,0.5988073369696238,12.946081018974468,23.00571203466615,True,low_liquidity,0,0,0,0,0,10.03,0,0,0,False,False,False,False,0.2965833333333333,0.2,0.2,0.6,0.3,0.9,0.5,0,0,sideways,0.2683333333333333,0.0,,,11559.54679890957,11,318,0.0,0.0,jupiter,True,10.0,0.31923383878690836,False,,0,1.0,True,
4027d49a-cd75-4596-87e9-1e5a026ffd91,517EXdcFBGXjKRnfLiL8E41BtovbSaDZMsGg5CWU65gK,517EXdcF,completed,2025-11-29T10:03:45.553398,2025-11-29T10:05:02.594754,1.2840226,3.682e-05,2.191e-05,3.682e-05,3.682e-05,33.9896577946768,1551330.7984790874,0.29314629421340516,-23.1303422053232,-40.49429657794678,False,low_liquidity,0,0,0,0,0,0.0,0,0,0,False,False,False,False,0.286,0.2,0.2,0.4,0.3,0.9,0.5,0,0,up,0.27999999999999997,15.125000000000002,,,11594.7765554672,10,319,0.0,0.0,jupiter,True,10.0,40.49429657794678,False,,0,1.0,True,
0a4ec9f5-be43-4804-88ce-bc599adc14d5,2NwVK9iXmRj5U9Kwh3BM2HrismACiLMSpAcSJUQeNXE2,2NwVK9iX,completed,2025-11-29T10:02:04.791211,2025-11-29T10:05:02.663835,2.9645437333333335,1.429e-05,4.43e-06,1.449e-05,1.429e-05,14.330590156286448,3234896.1978073246,0.12338602254402596,-31.896076510380222,-68.99930020993702,False,stop_loss,0,0,0,0,0,8538.8,0,0,0,False,False,False,False,0.4221666666666667,0.5,0.2,1.0,0.3,0.9,0.5,0,0,sideways,0.25666666666666665,0.0,,,11614.435623105592,9,320,0.0,0.0,jupiter,True,10.0,69.4271911663216,False,,0,1.0,True,
443d320b-3e7a-417e-b5c6-8a703879df59,CKikSh5otaLdSgq4udPpoFnGAoLYS1dR4dPMD6Ca6muY,CKikSh5o,completed,2025-11-29T10:03:38.863181,2025-11-29T10:06:53.869437,3.250104266666667,0.001022,0.0005202,0.001409,0.001022,26.356121330724072,50665.36203522506,0.22718253486314713,-25.423878669275933,-49.099804305283755,False,stop_loss,0,0,0,0,0,34517.57,0,0,0,False,False,False,False,0.35275,0.3,0.2,1.0,0.3,0.9,0.5,0,0,sideways,0.24499999999999997,0.0,,,11601.29732094097,10,321,0.0,0.0,jupiter,True,10.0,63.080198722498224,False,,0,1.0,True,
49254e43-9686-4cb5-a951-94bcc88a2641,ri9WdxYy6nh1dk8iQg5qBBXEBcAqwHVsmiSuWcwHqwF,ri9WdxYy,completed,2025-11-29T10:02:37.685744,2025-11-29T10:08:57.844647,6.335981716666667,0.3114,0.3856,0.3856,0.3114,64.29143224149004,166.73089274245345,0.5558618941956336,12.371432241490044,23.827874116891454,True,low_liquidity,0,0,0,0,0,5353.99,0,0,0,False,False,False,False,0.351,0.3,0.2,1.0,0.3,0.9,0.5,0,0,up,0.27999999999999997,15.125000000000002,,,11566.080156389151,11,322,0.0,0.0,jupiter,True,10.0,0.0,False,,0,1.0,True,
a39c835f-db4a-4f5d-a86d-a0cca2a2c678,B4jgQWqABuwPs9suZCMXjidd1ZiNL8V8nKeP4Y8HtU5R,B4jgQWqA,completed,2025-11-29T10:05:40.074310,2025-11-29T10:08:57.930207,3.2975982833333335,4.355e-05,2.616e-05,5.25e-05,4.355e-05,33.88686107921929,1295369.3073096059,0.29221666630327586,-22.526472254114047,-39.931113662456944,False,low_liquidity,0,0,0,0,0,0.0,0,0,0,False,False,False,False,0.29483333333333334,0.2,0.2,0.6,0.3,0.9,0.5,0,0,up,0.30333333333333334,17.375000000000004,,,11596.484727551422,10,323,0.0,0.0,jupiter,True,10.0,50.17142857142858,False,,0,1.0,True,
85727217-b6f2-422d-854e-3d35f79b8ceb,Gz7RUNgfwJsipNffLpDVSEXx9CAeLJafaqvrfU5qDWm1,Gz7RUNgf,completed,2025-11-29T09:59:57.830295,2025-11-29T10:11:04.795475,11.116086333333334,1.037e-05,1.209e-05,1.209e-05,1.037e-05,57.515911282545815,4757312.761170043,0.49469517089022075,8.182577949212467,16.586306653809054,True,low_liquidity,0,0,0,0,0,0.0,0,0,0,False,False,False,False,0.3833333333333333,0.5,0.2,0.2,0.3,0.9,0.5,0,0,sideways,0.23333333333333334,0.0,,,11626.535827920856,11,324,0.0,0.0,jupiter,True,10.0,0.0,False,,0,1.0,True,
b3fad7e9-4bbb-40f3-8d78-89a0fc7990e6,6WEbgVcerai2nop7nVxmP9ujBQyMqycgsSBrWTS8Qgjq,6WEbgVce,completed,2025-11-29T09:44:23.942612,2025-11-29T10:15:01.122043,30.619657183333334,0.0001725,0.0004508,0.0004508,0.0001725,121.44769777777779,269404.8309178744,1.03801097357697,74.97536444444445,161.33333333333331,True,low_liquidity,0,0,0,0,0,8.36,0,0,0,False,False,False,False,0.3165833333333333,0.2,0.2,1.0,0.3,0.9,0.5,0,0,sideways,0.2683333333333333,0.0,,,11700.039871377357,11,325,0.0,0.0,jupiter,True,10.0,0.0,False,100,1,1.0,True,
2fa06f34-613c-4477-9667-4fdd4de7b740,xeaVAp2n1hJUL9UDwgPhNupjo2fzz7z4GQywc7P4USG,xeaVAp2n,completed,2025-11-29T10:10:29.721584,2025-11-29T10:15:36.145153,5.107059483333333,0.4475,0.4914,1.15,0.4475,48.46137385474861,98.61899441340783,0.4135571332038153,4.329373854748603,9.810055865921786,True,trailing_stop,0,0,0,0,0,36699.23,0,0,0,False,False,False,False,0.351,0.3,0.2,1.0,0.3,0.9,0.5,0,0,up,0.27999999999999997,15.125000000000002,,,11718.181108211029,10,326,0.0,0.0,jupiter,True,10.0,57.269565217391296,False,100,1,1.0,True,
e0d429a6-4db2-4e22-a45c-5a8f696905cb,E2MCzVZkkDN3ymVCGACqE2cQymgksZyfzcqBPyCpGZej,E2MCzVZk,completed,2025-11-29T10:07:45.370536,2025-11-29T10:17:14.101492,9.478849266666666,1.243e-05,1.504e-05,1.716e-05,1.243e-05,66.35507642799679,4411906.677393404,0.5667252820761212,11.515076427996785,20.99758648431215,True,trailing_stop,0,0,0,0,0,26576.52,0,0,0,False,False,False,False,0.3145,0.3,0.2,0.2,0.3,0.9,0.5,0,0,sideways,0.21000000000000002,0.0,,,11708.508253754619,9,327,0.0,0.0,jupiter,True,10.0,12.354312354312345,False,,0,1.0,True,
93b64dd4-3f30-496b-bfd0-d23ed3009d9f,4tgUiiQcojv7jNJvHFfUQMHAP3ePKSjm6vmNU3bMX4RG,4tgUiiQc,completed,2025-11-29T10:10:26.467823,2025-11-29T10:21:25.898774,10.990515850000001,1.315e-05,1.517e-05,1.574e-05,1.315e-05,63.3717617237009,4177439.797211661,0.5335514455470142,8.438428390367559,15.36121673003803,True,low_liquidity,0,0,0,0,0,0.0,0,0,0,False,False,False,False,0.31333333333333335,0.3,0.2,0.2,0.3,0.9,0.5,0,0,sideways,0.23333333333333334,0.0,,,11877.34795821425,11,328,0.0,0.0,jupiter,True,10.0,3.6213468869123124,False,,0,1.0,True,
c60f3705-ff42-4fd3-aa16-b431404c0204,3mivddJ4i2FFGaYS7L7obt2FdaBq5xrWdKpEWijTeuJU,3mivddJ4,completed,2025-11-29T09:49:25.658951,2025-11-29T10:27:51.332354,38.427890049999995,0.005243,0.03061,0.03061,0.005243,121.24899485027652,3961.0909784474525,1.0077669518291583,100.48099485027652,483.8260537860003,True,low_liquidity,0,0,0,0,0,0.0,0,0,0,False,False,False,False,0.351,0.3,0.2,1.0,0.3,0.9,0.5,0,0,up,0.27999999999999997,15.125000000000002,,,12031.451778628203,11,329,0.0,0.0,jupiter,True,10.0,0.0,False,"200,100,400,300",4,1.0,True,
26d2367c-806c-41f1-b165-4b73a12444ef,2tdAzoaZJeWdGt5a7vzo9wPFvqPAc9Hrf5Qszf1CcbDj,2tdAzoaZ,completed,2025-11-29T10:18:15.582391,2025-11-29T10:31:59.567869,13.7330913,1.336e-05,1.376e-05,1.668e-05,1.336e-05,55.75409181636728,4051896.207584831,0.4567074905808787,1.6207584830339306,2.9940119760479007,True,trailing_stop,0,0,0,0,0,25546.0,0,0,0,False,False,False,False,0.3233333333333333,0.3,0.2,0.4,0.3,0.9,0.5,0,0,sideways,0.23333333333333334,0.0,,,12207.833890671373,11,330,0.0,0.0,jupiter,True,10.0,17.505995203836928,False,,0,1.0,True,
f3814f8d-9a80-4c10-ab0b-57cc2bbd8ecb,DhHc9i97p9Yj6qUXHx9KAqfZLY1U78RW3U1PxVaeeEUT,DhHc9i97,completed,2025-11-29T10:32:56.648919,2025-11-29T10:34:20.482306,1.3972231166666667,0.0001748,0.0001748,0.0001748,0.0001748,54.81333333333333,313577.4218154081,0.4459021514532316,0.0,0.0,False,low_liquidity,0,0,0,0,0,1.18,0,0,0,False,False,False,False,0.3148333333333333,0.2,0.2,1.0,0.3,0.9,0.5,0,0,up,0.30333333333333334,17.375000000000004,,,12292.681960536005,11,331,0.0,0.0,jupiter,True,10.0,0.0,False,,0,1.0,True,
26cfcd36-d6bc-435c-b31e-821c5714d65e,4didnxGv9AG4MxBCyQXbbPM5XfTMXfdtLruT8i95fKtP,4didnxGv,completed,2025-11-29T10:18:03.238313,2025-11-29T10:36:30.972541,18.462237133333335,0.2461,0.3893,0.3908,0.2461,82.13106867127183,210.97114993904916,0.6665195380871206,30.211068671271832,58.18772856562371,True,low_liquidity,0,0,0,0,0,9731.82,0,0,0,False,False,False,False,0.351,0.3,0.2,1.0,0.3,0.9,0.5,0,0,up,0.27999999999999997,15.125000000000002,,,12322.379762037299,11,332,0.0,0.0,jupiter,True,10.0,0.38382804503582435,False,,0,1.0,True,
d8d5ae81-c4ea-4e38-bc14-2393cfa926f7,8v8bRn8sgb63M8QkqFimDqzj7WCivDaswA7nyeFbQjHi,8v8bRn8s,completed,2025-11-29T10:35:27.352248,2025-11-29T10:40:34.594248,5.1207,2.21e-05,2.21e-05,2.21e-05,2.21e-05,57.54666666666667,2603921.568627451,0.4667856385292015,0.0,0.0,False,low_liquidity,0,0,0,0,0,88406.3,0,0,0,False,False,False,False,0.2806666666666667,0.2,0.2,0.2,0.3,0.9,0.5,0,0,sideways,0.18666666666666665,0.0,,,12328.285601928737,11,333,0.0,0.0,jupiter,True,10.0,0.0,False,,0,1.0,True,
9294a1e8-a2ac-4a66-bffc-291495c679ea,HAmMkddLDc4h6KFmqfXrDB1jp5Q2odME94qapFUwqXqj,HAmMkddL,completed,2025-11-29T10:28:47.490877,2025-11-29T10:40:34.672540,11.78636105,0.2801,0.4318,1.48,0.2801,32.015788646911815,74.144948232774,0.25915706857776877,11.247788646911816,54.15922884684041,True,trailing_stop,0,0,0,0,0,34380.42,0,0,0,False,False,False,False,0.351,0.3,0.2,1.0,0.3,0.9,0.5,0,0,up,0.27999999999999997,15.125000000000002,,,12353.816479948493,10,334,0.0,0.0,jupiter,True,10.0,70.82432432432432,False,"200,100,400,300",4,1.0,True,
6c876c2e-152e-4cd8-a629-ed5746c12d91,3BNL6ooVBWBtNhe1LY1yz88QDBXhL4izFW1xcxLjy24b,3BNL6ooV,completed,2025-11-29T07:19:55.711476,2025-11-29T10:43:09.394341,203.22804775,2.999e-06,3.033e-05,3.048e-05,2.999e-06,58.246275425141704,1920417.917083472,0.4703338531062365,52.48694209180837,911.3371123707904,True,low_liquidity,0,0,0,0,0,101.63,0,0,0,False,False,False,False,0.28008333333333335,0.2,0.2,0.2,0.3,0.9,0.5,0,0,sideways,0.1983333333333333,0.0,,,12384.02786456142,11,335,0.0,0.0,jupiter,True,10.0,0.49212598425196935,False,"400,700,100,500,200,600,300",7,1.0,True,
ca8aa912-7130-4b6f-8e06-f8b917133411,6DDtWrqogwWNV1qZyhseeF4gNvLwEKpdRPqkV1VADfFN,6DDtWrqo,completed,2025-11-29T10:37:16.933266,2025-11-29T10:43:09.449626,5.875272666666667,0.000112,0.0001205,0.0001205,0.000112,59.683363095238114,495297.61904761917,0.48199414945231484,4.210029761904765,7.589285714285718,True,low_liquidity,0,0,0,0,0,1.4,0,0,0,False,False,False,False,0.3065833333333333,0.2,0.2,0.8,0.3,0.9,0.5,0,0,sideways,0.2683333333333333,0.0,,,12382.590776891322,10,336,0.0,0.0,jupiter,True,10.0,0.0,False,,0,1.0,True,
79bb555a-41b9-4f07-b10a-c3e5871ac583,HXzx3KAVWdXBqcou6eHvLcHtYnRB2ZmRsaQEWU3n4fz1,HXzx3KAV,completed,2025-11-29T10:08:02.204760,2025-11-29T10:46:46.932922,38.74546936666666,4.598e-05,7.46e-05,0.0001085,4.598e-05,78.77292735972162,1055937.3640713354,0.6317897912780394,30.22092735972162,62.24445411048283,True,trailing_stop,0,0,0,0,0,118894.51,0,0,0,False,False,False,False,0.286,0.2,0.2,0.4,0.3,0.9,0.5,0,0,up,0.27999999999999997,15.125000000000002,,,12468.217822952298,11,337,0.0,0.0,jupiter,True,10.0,31.244239631336406,False,100,1,1.0,True,
4d9f1ddf-5880-4c94-accc-278518c6cbdf,ETiNHSk89W9g5tUzzeNcRaZUwQCBfrLXWu23w2UiJccP,ETiNHSk8,completed,2025-11-29T10:41:40.089661,2025-11-29T10:52:51.620626,11.19218275,1.179e-05,1.377e-05,1.377e-05,1.179e-05,64.1587786259542,4659315.804353972,0.5033597670416642,9.225445292620863,16.79389312977099,True,low_liquidity,0,0,0,0,0,0.0,0,0,0,False,False,False,False,0.31333333333333335,0.3,0.2,0.2,0.3,0.9,0.5,0,0,sideways,0.23333333333333334,0.0,,,12746.107819269479,11,338,0.0,0.0,jupiter,True,10.0,0.0,False,,0,1.0,True,
cb8ea44f-1f77-4025-b878-8c20a8ea3164,F96fWRtWgFxk2tgPw5Km5N6Rnm1kbvvdZGWZanXVVN9w,F96fWRtW,completed,2025-11-29T10:47:35.120186,2025-11-29T10:53:26.628704,5.858475299999999,0.0001733,0.0002084,0.0002084,0.0001733,65.74681284862474,315483.74687439896,0.5145100533930939,11.0734795152914,20.2538949798038,True,low_liquidity,0,0,0,0,0,2.13,0,0,0,False,False,False,False,0.3165833333333333,0.2,0.2,1.0,0.3,0.9,0.5,0,0,sideways,0.2683333333333333,0.0,,,12778.528313496943,10,339,0.0,0.0,jupiter,True,10.0,0.0,False,,0,1.0,True,
44975703-4fd5-42d8-adb2-04642e6b51c8,AdpUwrztG5qMkLbBGWgrpLnvZbHfqD46xQjk59xEiwQF,AdpUwrzt,completed,2025-11-29T06:58:49.200270,2025-11-29T10:55:08.883916,236.32806076666665,0.0001964,0.001835,0.001835,0.0001964,51.21306856754919,27909.0291921249,0.40012358324981734,45.73173523421586,834.3177189409369,True,low_liquidity,0,0,0,0,0,90.42,0,0,0,False,False,False,False,0.3148333333333333,0.2,0.2,1.0,0.3,0.9,0.5,0,0,up,0.30333333333333334,17.375000000000004,,,12799.312690243076,11,340,0.0,0.0,jupiter,True,10.0,0.0,False,"400,700,100,500,200,600,300",7,1.0,True,
4861f5ef-3e2e-4651-8863-584e7b81fb3f,4jgzkP85pFrZxX7tx2bjKoAF4DuL3JZbNaRxaKHSpw6g,4jgzkP85,completed,2025-11-29T10:18:18.733237,2025-11-29T10:55:08.950925,36.83696146666667,0.1626,1.56,1.58,0.1626,49.81254612546122,31.931119311193086,0.38913883389011733,44.62054612546122,859.409594095941,True,low_liquidity,0,0,0,0,0,39178.16,0,0,0,False,False,False,False,0.351,0.3,0.2,1.0,0.3,0.9,0.5,0,0,up,0.27999999999999997,15.125000000000002,,,12800.713212685163,10,341,0.0,0.0,jupiter,True,10.0,1.2658227848101276,False,"400,700,100,500,200,600,300",7,1.0,True,
16b3983d-bb8f-47e7-9feb-aced0abe9f68,Ge6it3ZkUNGnPxVszd8MnzYR2bq3jqWGzM2bnKS81WjL,Ge6it3Zk,completed,2025-11-29T10:43:55.588453,2025-11-29T10:55:09.005953,11.223625,7.638e-06,8.587e-06,8.587e-06,7.638e-06,54.56346338483023,6354193.942567863,0.4264115673764933,6.0301300514968945,12.424718512699643,True,low_liquidity,0,0,0,0,0,0.0,0,0,0,False,False,False,False,0.3933333333333333,0.5,0.2,0.4,0.3,0.9,0.5,0,0,sideways,0.23333333333333334,0.0,,,12795.962295425794,9,342,0.0,0.0,jupiter,True,10.0,0.0,False,,0,1.0,True,
0c4c0a83-9928-4c13-b6b4-7d086d263623,EnhmYq7zchfET3NVM9MHNLYtEayGJTUnaxRZNmWPbNqs,EnhmYq7z,completed,2025-11-29T10:53:55.597521,2025-11-29T10:55:09.109837,1.2252052666666666,0.1815,0.04871,0.1815,0.1815,13.934012121212122,286.06060606060606,0.10854915694273551,-37.985987878787874,-73.1625344352617,False,stop_loss,0,0,0,0,0,23209.44,0,0,0,False,False,False,False,0.351,0.3,0.2,1.0,0.3,0.9,0.5,0,0,up,0.27999999999999997,15.125000000000002,,,12836.59174668941,8,343,0.0,0.0,jupiter,True,10.0,73.1625344352617,False,,0,1.0,True,
16d0a917-d7cf-49dc-b715-529f7db976b8,3x74UiHRjwHUqsshoxR717ZBStmUmbUNMqCgBqd4cDF3,3x74UiHR,completed,2025-11-29T10:56:16.407575,2025-11-29T10:59:04.258276,2.797511683333333,0.3981,0.5363,0.5363,0.3981,69.94397387591057,130.41949258980156,0.5402082981457439,18.023973875910574,34.71489575483547,True,low_liquidity,0,0,0,0,0,988.74,0,0,0,False,False,False,False,0.351,0.3,0.2,1.0,0.3,0.9,0.5,0,0,up,0.27999999999999997,15.125000000000002,,,12947.593384994661,11,344,0.0,0.0,jupiter,True,10.0,0.0,False,,0,1.0,True,
b06b58cb-78e0-4986-ad94-d5fc124d9104,3LCYivt7qcentpEF2QNjzH151tfZW8urBgQnjMVPMj4w,3LCYivt7,completed,2025-11-29T10:56:35.319935,2025-11-29T10:59:04.339209,2.4836545666666665,8.991e-06,8.784e-06,9.338e-06,8.991e-06,48.19753086419753,5486968.449931414,0.37162670963496824,-1.1358024691358113,-2.3023023023023192,False,low_liquidity,0,0,0,0,0,0.0,0,0,0,False,False,False,False,0.3833333333333333,0.5,0.2,0.2,0.3,0.9,0.5,0,0,sideways,0.23333333333333334,0.0,,,12969.339828006374,10,345,0.0,0.0,jupiter,True,10.0,5.932747911758408,False,,0,1.0,True,
61862ec0-07b5-4c31-9cdc-7a2f06f4c0e6,4W2KFJzxWrx1zUcqHXUSCg234VdcUfLwV5U21dLdmCb6,4W2KFJzx,completed,2025-11-29T10:22:15.640444,2025-11-29T11:01:29.340891,39.22834078333334,2.732e-05,6.381e-05,6.381e-05,2.732e-05,106.3461072474378,1666605.6612981947,0.8163038907957465,60.81444058077112,133.56515373352855,True,low_liquidity,0,0,0,0,0,0.0,0,0,0,False,False,False,False,0.33041666666666664,0.3,0.2,0.6,0.3,0.9,0.5,0,0,up,0.2916666666666667,16.25,,,13027.759446763122,11,346,0.0,0.0,jupiter,True,10.0,0.0,False,100,1,1.0,True,
01f93453-bcca-4873-8967-10c8d5d10d36,2EA7oh8h13vBfdChL115ZyiKNSRRVfu6UpiB7HzjWKz1,2EA7oh8h,completed,2025-11-29T10:05:46.597989,2025-11-29T11:02:04.117711,56.29199536666667,4.243e-06,8.94e-06,8.94e-06,4.243e-06,101.88116427056329,11396103.385969047,0.7790147823496392,53.52749760389662,110.69997643177001,True,low_liquidity,0,0,0,0,0,13.17,0,0,0,False,False,False,False,0.28891666666666665,0.2,0.2,0.4,0.3,0.9,0.5,0,0,sideways,0.22166666666666668,0.0,,,13078.206804147236,10,347,0.0,0.0,jupiter,True,10.0,0.0,False,100,1,1.0,True,
381371d1-a587-4037-bf6f-61386313f774,GXRAfonbb22KJtkq1vzTENCwKtRLtVgdKk1MszJ2f9CX,GXRAfonb,completed,2025-11-29T11:02:35.084505,2025-11-29T11:03:43.825347,1.1456807,0.0001766,0.0001766,0.0001766,0.0001766,54.81333333333333,310381.2759531899,0.4180163285561425,0.0,0.0,False,low_liquidity,0,0,0,0,0,0.81,0,0,0,False,False,False,False,0.3148333333333333,0.2,0.2,1.0,0.3,0.9,0.5,0,0,up,0.30333333333333334,17.375000000000004,,,13112.725410192084,11,348,0.0,0.0,jupiter,True,10.0,0.0,False,,0,1.0,True,
882fd201-ae92-493b-bb1d-f095ca5da679,DthWE7WSnNwzSubFUU4zQzNyvFnuWGsJejaL6H1fmFwW,DthWE7WS,completed,2025-11-29T10:56:22.664660,2025-11-29T11:03:43.924729,7.354334483333333,0.001255,0.002189,0.003523,0.001255,80.98893014608234,36998.14077025233,0.6188715230601226,34.55626347941567,74.4223107569721,True,trailing_stop,0,0,0,0,0,71555.78,0,0,0,False,False,False,False,0.31716666666666665,0.2,0.2,1.0,0.3,0.9,0.5,0,0,sideways,0.25666666666666665,0.0,,,13086.549813379337,10,349,0.0,0.0,jupiter,True,10.0,37.8654555776327,False,100,1,1.0,True,
ac80b506-8b92-43be-b7e8-27707a68b246,6v5pZ6jzRsBbZWxFg6M79aAaraY7qDTRMsHRKvJzgbEN,6v5pZ6jz,completed,2025-11-29T10:54:10.940801,2025-11-29T11:05:46.779727,11.597315433333334,1.317e-05,1.548e-05,1.565e-05,1.317e-05,64.56856492027336,4171095.925082258,0.498428544333437,9.635231586940023,17.53986332574033,True,low_liquidity,0,0,0,0,0,0.0,0,0,0,False,False,False,False,0.31333333333333335,0.3,0.2,0.2,0.3,0.9,0.5,0,0,sideways,0.23333333333333334,0.0,,,12954.427601377201,9,350,0.0,0.0,jupiter,True,10.0,1.0862619808306713,False,,0,1.0,True,
bf427a1a-23fe-4033-a033-9dfe0ab27279,2woKM9sGETqHu4WJx99i1XXDHbxLmYYNLWwyKeb5WQ5y,2woKM9sG,completed,2025-11-29T10:43:45.959116,2025-11-29T11:05:46.857606,22.014974833333333,0.3317,0.3918,1.24,0.3317,39.86272656014471,101.7425384383479,0.30712933760353917,6.114726560144708,18.118782031956584,True,trailing_stop,0,0,0,0,0,32720.87,0,0,0,False,False,False,False,0.351,0.3,0.2,1.0,0.3,0.9,0.5,0,0,up,0.27999999999999997,15.125000000000002,,,12979.133439737328,8,351,0.0,0.0,jupiter,True,10.0,68.40322580645162,False,"200,100",2,1.0,True,
1c25bb0e-5216-4130-bf8f-bf24cef6f633,2kD4VXK31Eun5Swg7Y5LjsZ5pCrDBgfY6joQYtrxSCEu,2kD4VXK3,completed,2025-11-29T10:56:28.913912,2025-11-29T11:05:46.913464,9.299992533333333,0.3233,0.5212,1.38,0.3233,41.85076399628829,80.29693782864216,0.3224959164660902,15.890763996288285,61.21249613362203,True,trailing_stop,0,0,0,0,0,37736.58,0,0,0,False,False,False,False,0.351,0.3,0.2,1.0,0.3,0.9,0.5,0,0,up,0.27999999999999997,15.125000000000002,,,12977.145402301185,7,352,0.0,0.0,jupiter,True,10.0,62.23188405797101,False,"200,100,300",3,1.0,True,
1b1a3886-d2d1-4527-b66c-d106fb1211ab,6tTfoyeffTL2sNvcA9V85FT2boGu62jHTyt9x2eFzyGe,6tTfoyef,completed,2025-11-29T11:07:07.348475,2025-11-29T11:09:55.574876,2.80377335,1.037e-05,1.095e-05,1.095e-05,1.037e-05,52.09257473481197,4757312.761170043,0.40103612063883104,2.7592414014786226,5.593056894889098,True,low_liquidity,0,0,0,0,0,0.0,0,0,0,False,False,False,False,0.3833333333333333,0.5,0.2,0.2,0.3,0.9,0.5,0,0,sideways,0.23333333333333334,0.0,,,12989.496968959062,11,353,0.0,0.0,jupiter,True,10.0,0.0,False,,0,1.0,True,
e328e326-0e34-4bae-8348-a94e631dc4e6,5hi5XFf1LZGDxhxbVfa4cDRaq3NipxVHLNnF2J4rSzqe,5hi5XFf1,completed,2025-11-29T11:00:18.519900,2025-11-29T11:09:55.683912,9.6194002,1.223e-05,1.442e-05,1.609e-05,1.223e-05,64.66008176614882,4484055.6009811945,0.4982695017018575,9.820081766148814,17.90678659035159,True,trailing_stop,0,0,0,0,0,26035.6,0,0,0,False,False,False,False,0.3145,0.3,0.2,0.2,0.3,0.9,0.5,0,0,sideways,0.21000000000000002,0.0,,,12976.929461927726,10,354,0.0,0.0,jupiter,True,10.0,10.379117464263524,False,,0,1.0,True,
999ce9cb-66a7-46dd-a9c5-ecf1ceb5e65b,33U6XrdNH1XXjPkBeSy8hfuXjP4Ao7WiPrk4vwRo1UVk,33U6XrdN,completed,2025-11-29T10:41:24.941185,2025-11-29T11:10:19.542229,28.9100174,0.1508,1.26,1.26,0.1508,43.38143236074266,34.429708222811634,0.33374932905496724,38.189432360742664,735.5437665782493,True,low_liquidity,0,0,0,0,0,31758.44,0,0,0,False,False,False,False,0.351,0.3,0.2,1.0,0.3,0.9,0.5,0,0,up,0.27999999999999997,15.125000000000002,,,12998.208111333131,9,355,0.0,0.0,jupiter,True,10.0,0.0,False,"400,700,100,500,200,600,300",7,1.0,True,
65320351-ad7a-4300-a729-2d591c71a274,HJGVzSdfd3qDmGGB7TgYT3mAer8gP4pjvvCBdjFp9jrS,HJGVzSdf,completed,2025-11-29T11:06:26.695804,2025-11-29T11:11:59.910420,5.553576933333333,0.0002461,0.0002461,0.0002461,0.0002461,49.38000000000001,200650.14221861036,0.3794285988855413,0.0,0.0,False,low_liquidity,0,0,0,0,0,49794.77,0,0,0,False,False,False,False,0.38275,0.5,0.2,0.2,0.3,0.9,0.5,0,0,sideways,0.245,0.0,,,13014.30628714838,10,356,0.0,0.0,jupiter,True,10.0,0.0,False,,0,1.0,True,
66bcbf29-0f82-4abf-9119-08982f819874,ENC8J3pBM6cua9zZ8hwtKquckaeY9YrfEjnT2tdw5gMk,ENC8J3pB,completed,2025-11-29T11:07:00.794149,2025-11-29T11:14:01.425812,7.010527716666667,1.355e-05,1.368e-05,1.388e-05,1.355e-05,54.65269372693728,3995079.950799509,0.42015597163657115,0.5193603936039312,0.9594095940959317,True,low_liquidity,0,0,0,0,0,25308.07,0,0,0,False,False,False,False,0.3233333333333333,0.3,0.2,0.4,0.3,0.9,0.5,0,0,sideways,0.23333333333333334,0.0,,,13007.715566687475,11,357,0.0,0.0,jupiter,True,10.0,1.4409221902017277,False,,0,1.0,True,
696e9fcf-670b-4188-b8d3-214f77572c6f,Er8tF1Gzg1fsUjwSWtm3upUuK7NwRyfNVhPHg6473mNV,Er8tF1Gz,completed,2025-11-29T11:10:58.123834,2025-11-29T11:14:01.498270,3.0562406,0.001032,0.0007736,0.001331,0.001032,40.94882687338503,52932.81653746772,0.3144728351803768,-13.677839793281652,-25.03875968992247,False,stop_loss,0,0,0,0,0,47016.32,0,0,0,False,False,False,False,0.31716666666666665,0.2,0.2,1.0,0.3,0.9,0.5,0,0,sideways,0.25666666666666665,0.0,,,13021.419433541028,10,358,0.0,0.0,jupiter,True,10.0,41.87828700225394,False,,0,1.0,True,
c24413ca-eb6e-4516-a7b8-81d607428c3d,8vcKhxBKw2FSnCqXF3QUwuHCxR57qbmyBbiGfWkBa7Wi,8vcKhxBK,completed,2025-11-29T11:00:14.888515,2025-11-29T11:18:00.182195,17.754894666666665,0.1774,0.2393,0.2393,0.1774,70.03639233370913,292.6719278466742,0.5370147954203096,18.116392333709136,34.89289740698986,True,low_liquidity,0,0,0,0,0,5980.56,0,0,0,False,False,False,False,0.351,0.3,0.2,1.0,0.3,0.9,0.5,0,0,up,0.27999999999999997,15.125000000000002,,,13041.799393793832,11,359,0.0,0.0,jupiter,True,10.0,0.0,False,,0,1.0,True,
5b58ddb1-18fa-4aca-bc3c-63695fc110ab,E2RVEgtZtzDjE1kLN1QpsBXuM5nHjqtFuCVwS8YsBYsq,E2RVEgtZ,completed,2025-11-29T11:11:35.928161,2025-11-29T11:18:00.263733,6.405592866666667,0.1271,0.1271,0.1271,0.1271,46.379999999999995,364.90952006294253,0.35498187555955535,0.0,0.0,False,low_liquidity,0,0,0,0,0,25815.73,0,0,0,False,False,False,False,0.42025,0.5,0.2,1.0,0.3,0.9,0.5,0,0,sideways,0.295,0.0,,,13065.455786127543,10,360,0.0,0.0,jupiter,True,10.0,0.0,False,,0,1.0,True,
221fadd7-2788-44dc-803b-8d93dca6ed0d,4zs1CBqCivBkVqsH4yGmAUQips4D2PayjT7KbtcqL8xW,4zs1CBqC,completed,2025-11-29T11:02:31.944794,2025-11-29T11:22:15.564316,19.72699203333333,3.762e-06,4.478e-06,4.509e-06,3.762e-06,66.87241892610314,14933545.986177566,0.5058576122814394,10.692418926103137,19.03242955874535,True,low_liquidity,0,0,0,0,0,3.72,0,0,0,False,False,False,False,0.29774999999999996,0.2,0.2,0.6,0.3,0.9,0.5,0,0,sideways,0.24500000000000005,0.0,,,13219.613049708923,11,361,0.0,0.0,jupiter,True,10.0,0.6875138611665604,False,,0,1.0,True,
0a4fced4-c202-4bee-88f4-e9bac2e29b51,CkVC9b8EN56rSjic9iASV8HGkkFQkt4JcpwkMhG6aVEH,CkVC9b8E,completed,2025-11-29T11:12:43.769660,2025-11-29T11:24:24.476877,11.678453616666667,7.218e-06,8.467e-06,8.667e-06,7.218e-06,57.6509873464487,6808903.666759029,0.43655431710123677,8.50432067978203,17.30396231643115,True,low_liquidity,0,0,0,0,0,0.0,0,0,0,False,False,False,False,0.38566666666666666,0.5,0.2,0.2,0.3,0.9,0.5,0,0,sideways,0.18666666666666665,0.0,,,13205.913923668622,11,362,0.0,0.0,jupiter,True,10.0,2.30760355370947,False,,0,1.0,True,
6119e709-8d42-4569-8b89-72e0d8b94c63,6umGwsvtb2Tkde9yibGFCtgSLBSQX6DUFt22a5JpVWds,6umGwsvt,completed,2025-11-29T11:13:37.867065,2025-11-29T11:24:24.567319,10.778337566666666,1.209e-05,1.356e-05,1.377e-05,1.209e-05,60.7153019023987,4477529.638819963,0.459865132906556,6.58196856906535,12.158808933002492,True,low_liquidity,0,0,0,0,0,0.0,0,0,0,False,False,False,False,0.3233333333333333,0.3,0.2,0.4,0.3,0.9,0.5,0,0,sideways,0.23333333333333334,0.0,,,13202.849609112673,10,363,0.0,0.0,jupiter,True,10.0,1.5250544662309344,False,,0,1.0,True,
36fec52b-5b98-434b-bac9-759a01d219f8,E6TsHeQCV9L7qztEyY6m1PGbT1eCpScZ7y7ssAas4pvW,E6TsHeQC,completed,2025-11-29T11:18:56.526419,2025-11-29T11:24:24.656128,5.468828483333334,0.1596,0.2528,0.3987,0.1596,69.90331829573937,276.5162907268171,0.5298250057763657,25.771318295739363,58.395989974937365,True,trailing_stop,0,0,0,0,0,26293.14,0,0,0,False,False,False,False,0.351,0.3,0.2,1.0,0.3,0.9,0.5,0,0,up,0.27999999999999997,15.125000000000002,,,13193.661592719334,9,364,0.0,0.0,jupiter,True,10.0,36.59393027338851,False,100,1,1.0,True,
97cf8b3d-6121-4a2f-b6d7-575b82bf98ac,EFJQLkeuLodWt2HAPGrrH7K1BWdSXjnoXDADNi6uYshy,EFJQLkeu,completed,2025-11-29T11:23:18.138895,2025-11-29T11:24:24.713806,1.10958185,0.1638,0.03307,0.1638,0.1638,10.482261294261296,316.971916971917,0.07909300478468015,-41.43773870573871,-79.81074481074482,False,stop_loss,0,0,0,0,0,21191.1,0,0,0,False,False,False,False,0.351,0.3,0.2,1.0,0.3,0.9,0.5,0,0,up,0.27999999999999997,15.125000000000002,,,13253.08264972081,8,365,0.0,0.0,jupiter,True,10.0,79.81074481074482,False,,0,1.0,True,
2b677e3a-e6b8-4e77-9f6b-600346cd005d,4mpmNNyMRNWoro8XdVxTPeg2WQkEJVqcndPgVNiyuzUU,4mpmNNyM,completed,2025-11-29T11:14:51.454319,2025-11-29T11:28:31.124739,13.661173666666667,0.0001932,0.0002159,0.0002159,0.0001932,61.097167011732225,282988.26777087647,0.4581538142007655,6.423833678398891,11.749482401656305,True,low_liquidity,0,0,0,0,0,33.08,0,0,0,False,False,False,False,0.3165833333333333,0.2,0.2,1.0,0.3,0.9,0.5,0,0,sideways,0.2683333333333333,0.0,,,13335.514213346505,11,366,0.0,0.0,jupiter,True,10.0,0.0,False,,0,1.0,True,
2b067864-0f75-4023-883e-2bf3fd20ee7d,5FnCxjkAShRDz3yCtmS8VjgherDcRFMeThu4iZnnprz1,5FnCxjkA,completed,2025-11-29T11:26:21.877730,2025-11-29T11:28:31.249821,2.156201516666667,2.209e-05,1.784e-05,2.352e-05,2.209e-05,18.461785202072083,1034853.4306094218,0.13799954224429176,-4.3981270800900445,-19.239474875509288,False,stop_loss,0,0,0,0,0,6490.25,0,0,0,False,False,False,False,0.4850833333333333,0.7,0.2,0.8,0.3,0.9,0.5,0,0,sideways,0.1983333333333333,0.0,,,13378.149595156166,10,367,0.0,0.0,jupiter,True,10.0,24.14965986394558,False,,0,1.0,True,
4d7aec84-a885-432a-a381-0a700ecb48a1,5Nqu452YQywZLD8hfUj9T5rR13uHdBiRpH4swtSVKZMN,5Nqu452Y,completed,2025-11-29T11:18:59.606294,2025-11-29T11:29:15.159904,10.259226833333335,0.1844,0.1765,1.027,0.1844,19.87826464208243,112.6247288503254,0.14954231329648365,-0.8897353579175726,-4.284164859002179,False,trailing_stop,0,0,0,0,0,21990.01,0,0,0,False,False,False,False,0.351,0.3,0.2,1.0,0.3,0.9,0.5,0,0,up,0.27999999999999997,15.125000000000002,,,13292.735817635537,9,368,0.0,0.0,jupiter,True,10.0,82.81402142161636,False,"200,100,400,300",4,1.0,True,
22c19207-5d3d-4e9f-b229-de7e8fcb4b42,7pS22xzF43d6iKM8Jbqy7Ru9nuxR9S387ZMfCFTYUzCG,7pS22xzF,completed,2025-11-29T11:29:55.111790,2025-11-29T11:30:40.334261,0.75370785,0.2332,0.08446,0.2332,0.2332,18.80430188679245,222.64150943396228,0.1416077221487395,-33.11569811320754,-63.78216123499142,False,stop_loss,0,0,0,0,0,15208.2,0,0,0,False,False,False,False,0.351,0.3,0.2,1.0,0.3,0.9,0.5,0,0,up,0.27999999999999997,15.125000000000002,,,13279.150036070145,11,369,0.0,0.0,jupiter,True,10.0,63.78216123499142,False,,0,1.0,True,
ad7253a7-7d55-4af3-81e0-336325748998,BaJMJE3egv1cGaF8BKMnNT35SBxmGjfkGgsvLFGLahcc,BaJMJE3e,completed,2025-11-29T11:30:19.327948,2025-11-29T11:31:03.145164,0.7302869333333334,0.001292,0.001136,0.001292,0.001292,48.03087719298247,42280.70175438598,0.3626798217573886,-6.595789473684207,-12.074303405572747,False,stop_loss,0,0,0,0,0,57364.28,0,0,0,False,False,False,False,0.31716666666666665,0.2,0.2,1.0,0.3,0.9,0.5,0,0,sideways,0.25666666666666665,0.0,,,13243.32767129027,10,370,0.0,0.0,jupiter,True,10.0,12.074303405572747,False,,0,1.0,True,
011e8018-3366-4e8e-bae1-fde790142294,84GkDRMAExMQdyzQCNCmjzWWCbLNej8YE59A9FzpWu32,84GkDRMA,completed,2025-11-29T11:25:17.163388,2025-11-29T11:37:05.718731,11.809255716666666,8.848e-06,1.006e-05,1.006e-05,8.848e-06,55.984900542495474,5565099.45750452,0.41462601786868947,6.744900542495476,13.698010849909577,True,low_liquidity,0,0,0,0,0,0.0,0,0,0,False,False,False,False,0.3845,0.5,0.2,0.2,0.3,0.9,0.5,0,0,sideways,0.21000000000000002,0.0,,,13502.505421699245,11,371,0.0,0.0,jupiter,True,10.0,0.0,False,,0,1.0,True,
c36599f6-c8c4-4055-adf9-b98ebd4aaaa7,HWvnZsPKUmNNPgMakVxQfNCHC2uKvNqGdFmK4wLkaA7H,HWvnZsPK,completed,2025-11-29T11:26:28.405948,2025-11-29T11:37:05.803555,10.62329345,1.36e-05,1.548e-05,1.57e-05,1.36e-05,62.527058823529416,4039215.68627451,0.46330193409027387,7.593725490196081,13.82352941176471,True,low_liquidity,0,0,0,0,0,0.0,0,0,0,False,False,False,False,0.31333333333333335,0.3,0.2,0.2,0.3,0.9,0.5,0,0,sideways,0.23333333333333334,0.0,,,13495.96326341821,10,372,0.0,0.0,jupiter,True,10.0,1.401273885350305,False,,0,1.0,True,
4d3b5aef-5fb6-4668-b129-63708e93d4aa,2VqUrZnqABg8cjHWzzZbSS4oNXNWGvq88quXWoYjRFwS,2VqUrZnq,completed,2025-11-29T11:30:10.024794,2025-11-29T11:43:29.452702,13.323798466666666,1.35e-05,1.582e-05,1.992e-05,1.35e-05,63.600306172839524,4020246.9135802477,0.4641772457305118,9.326972839506182,17.185185185185198,True,trailing_stop,0,0,0,0,0,27408.08,0,0,0,False,False,False,False,0.32158333333333333,0.3,0.2,0.4,0.3,0.9,0.5,0,0,sideways,0.2683333333333333,0.0,,,13701.728543963152,11,373,0.0,0.0,jupiter,True,10.0,20.582329317269068,False,,0,1.0,True,
0cc79b58-229c-4fe3-be2b-a58f9475d07d,C2tmVabmhMFHL5U9ZQTgnAFabCxU3Dbf4HWr8znnW3yc,C2tmVabm,completed,2025-11-29T11:32:15.044734,2025-11-29T11:43:29.518740,11.241233433333333,0.3384,0.6737,1.51,0.3384,51.68218676122932,76.71394799054374,0.3768668395056269,25.722186761229317,99.0839243498818,True,trailing_stop,0,0,0,0,0,42943.46,0,0,0,False,False,False,False,0.351,0.3,0.2,1.0,0.3,0.9,0.5,0,0,up,0.27999999999999997,15.125000000000002,,,13713.646663374762,10,374,0.0,0.0,jupiter,True,10.0,55.384105960264904,False,"200,100,300",3,1.0,True,
8a498005-0468-4a18-bb92-d61bc4b9a5ab,79D5J2bXkjJTEGx6KbvucMS54oX83GysMW2KrNross4y,79D5J2bX,completed,2025-11-29T11:31:54.059127,2025-11-29T11:47:32.712299,15.644219533333334,0.1421,0.4691,1.44,0.1421,15.291141449683336,32.59676284306829,0.11097156620768073,10.659141449683332,230.11963406052075,True,trailing_stop,0,0,0,0,0,35844.8,0,0,0,False,False,False,False,0.421,0.5,0.2,1.0,0.3,0.9,0.5,0,0,sideways,0.27999999999999997,0.0,,,13779.332825731519,10,375,0.0,0.0,jupiter,True,10.0,67.4236111111111,False,"400,700,100,500,200,600,300",7,1.0,True,
70ae72cc-5dce-453c-9b6d-d150fa8ae4aa,2iFA1gg9a23i27p9oYCHu6kKbvYmeiu9aLTaoUzUxoN1,2iFA1gg9,completed,2025-11-29T11:46:30.748815,2025-11-29T11:49:37.717598,3.116146383333333,0.0009266,0.001082,0.001244,0.0009266,63.84259299230161,59004.24490970574,0.4638081472502885,9.169259658968278,16.770990718756757,True,trailing_stop,0,0,0,0,0,55594.15,0,0,0,False,False,False,False,0.3165833333333333,0.2,0.2,1.0,0.3,0.9,0.5,0,0,sideways,0.2683333333333333,0.0,,,13764.870964599446,11,376,0.0,0.0,jupiter,True,10.0,13.022508038585212,False,,0,1.0,True,
7ae82f78-ea4e-434e-8591-1f44c00beca0,EVTqgGLsBBVbfgpbyCpsSEf7ngWh7wb1gFiPKzXitHzF,EVTqgGLs,completed,2025-11-29T11:48:26.051812,2025-11-29T11:51:52.889431,3.4472936499999998,0.2543,0.07821,0.4769,0.2543,15.968003145890679,204.16830515139597,0.11590137383475517,-35.95199685410932,-69.24498623672828,False,stop_loss,0,0,0,0,0,14628.82,0,0,0,False,False,False,False,0.351,0.3,0.2,1.0,0.3,0.9,0.5,0,0,up,0.27999999999999997,15.125000000000002,,,13777.233709633887,11,377,0.0,0.0,jupiter,True,10.0,83.60033550010483,False,,0,1.0,True,
84f102fa-7c75-44ed-b967-f9dc3f02d48f,HduYRX1uxnJpLeTWRdRnmApkGAhEkrZUZaiwmnfefB3m,HduYRX1u,completed,2025-11-29T11:48:19.674031,2025-11-29T12:00:26.715202,12.11735285,7.433e-06,8.501e-06,8.584e-06,7.433e-06,56.31497914704695,6624512.309969056,0.40345252365756484,7.074979147046957,14.368357325440611,True,low_liquidity,0,0,0,0,0,0.0,0,0,0,False,False,False,False,0.3845,0.5,0.2,0.2,0.3,0.9,0.5,0,0,sideways,0.21000000000000002,0.0,,,13958.266672002517,11,378,0.0,0.0,jupiter,True,10.0,0.966915191053111,False,,0,1.0,True,
68c3cc6f-acf4-4eef-bef4-943425137393,2ZEtbbKehD88R7u1jUshPxmdyBPujZqvF64Uz9fcGoPf,2ZEtbbKe,completed,2025-11-29T11:55:16.980669,2025-11-29T12:02:03.470154,6.77482475,0.1528,0.06559,0.5442,0.1528,14.486461518324607,220.86387434554973,0.10413032397602875,-19.26153848167539,-57.074607329842934,False,stop_loss,0,0,0,0,0,13398.27,0,0,0,False,False,False,False,0.351,0.3,0.2,1.0,0.3,0.9,0.5,0,0,up,0.27999999999999997,15.125000000000002,,,13911.85676293435,11,379,0.0,0.0,jupiter,True,10.0,87.94744579198824,False,"200,100",2,1.0,True,
a416bdd0-7467-4e92-9da5-5341d597f192,4SbpRCrrX4oGXnERnvKN4MYrFRzP1VxfnEeyZHnLLdXo,4SbpRCrr,completed,2025-11-29T12:03:33.199591,2025-11-29T12:04:12.566053,0.6561077,9.382e-06,8.456e-06,9.382e-06,9.382e-06,43.74311092162297,5173026.362538194,0.3148493162238803,-4.7902224117103644,-9.869963760392233,False,stop_loss,0,0,0,0,0,16677.84,0,0,0,False,False,False,False,0.3933333333333333,0.5,0.2,0.4,0.3,0.9,0.5,0,0,sideways,0.23333333333333334,0.0,,,13893.347918379632,11,380,0.0,0.0,jupiter,True,10.0,9.869963760392233,False,,0,1.0,True,
72a16186-c01f-47bc-a3e4-30a6ccf9280a,BjPaEPsfNXJqTpCYxEBvsz8tXMZKeU17MA3X7Gn1qRF6,BjPaEPsf,completed,2025-11-29T12:05:14.635541,2025-11-29T12:12:25.889652,7.187568516666667,1.195e-05,1.377e-05,1.705e-05,1.195e-05,63.08465271966527,4581311.0181311015,0.45088613498814156,8.337986052998602,15.230125523012546,True,trailing_stop,0,0,0,0,0,25406.27,0,0,0,False,False,False,False,0.31566666666666665,0.3,0.2,0.2,0.3,0.9,0.5,0,0,sideways,0.18666666666666665,0.0,,,13991.260281561867,11,381,0.0,0.0,jupiter,True,10.0,19.2375366568915,False,,0,1.0,True,
c969f4a5-f39c-4d26-93be-be639c2028aa,FwMCSzjaWeQwLtr35aD3xMPceezhbGi8FqsjnbNsji99,FwMCSzja,completed,2025-11-29T10:12:16.592643,2025-11-29T12:16:42.751322,124.43597798333333,3.882e-05,4.709e-05,0.000118,3.882e-05,45.55793740340031,967465.224111283,0.32580295185717617,8.000937403400311,21.303451828954152,True,trailing_stop,0,0,0,0,0,81947.01,0,0,0,False,False,False,False,0.27775,0.2,0.2,0.2,0.3,0.9,0.5,0,0,sideways,0.245,0.0,,,13983.27950796829,11,382,0.0,0.0,jupiter,True,10.0,60.09322033898306,False,"200,100",2,1.0,True,
562227d5-11c4-4592-ad9f-0e5109838325,2ev4vfyzPnEpF4Hi5mUAQG6kxug9pFUwZWJqdrgdi9N4,2ev4vfyz,completed,2025-11-29T12:17:39.572830,2025-11-29T12:24:59.848814,7.3379330666666664,0.001345,0.002503,0.00292,0.001345,86.409639157373,34522.42874845106,0.6137155453275789,39.97697249070632,86.09665427509293,True,trailing_stop,0,0,0,0,0,76142.37,0,0,0,False,False,False,False,0.31716666666666665,0.2,0.2,1.0,0.3,0.9,0.5,0,0,sideways,0.25666666666666665,0.0,,,14079.754018818392,11,383,0.0,0.0,jupiter,True,10.0,14.280821917808215,False,100,1,1.0,True,
aab44a27-cb92-4647-98c1-b0cdfb4f9047,2rdmokf7dwaPbNEbuvUCBapRtnXc5gQqgsy1VYmwY9zm,2rdmokf7,completed,2025-11-29T12:26:41.150201,2025-11-29T12:31:54.836353,5.228102533333333,1.726e-05,1.555e-05,1.838e-05,1.726e-05,48.13352645809192,3095403.6307454617,0.33944800799461045,-5.293140208574746,-9.907300115874868,False,stop_loss,0,0,0,0,0,26995.78,0,0,0,False,False,False,False,0.33216666666666667,0.3,0.2,0.6,0.3,0.9,0.5,0,0,sideways,0.25666666666666665,0.0,,,14179.94076396411,11,384,0.0,0.0,jupiter,True,10.0,15.397170837867256,False,,0,1.0,True,
1eed0c10-15d3-4840-86b0-aaf4ce2326f3,BbUQea3ktEPZzSVpTGGdZdRkNKhctCjLoPZx5k6rbtgC,BbUQea3k,completed,2025-11-29T11:07:04.089892,2025-11-29T12:33:32.881492,86.47985999999999,4.262e-06,1.15e-05,1.15e-05,4.262e-06,130.68500703894887,11363913.655560771,0.9260856948523346,82.25200703894886,169.8263725950258,True,low_liquidity,0,0,0,0,0,22.05,0,0,0,False,False,False,False,0.28775,0.2,0.2,0.4,0.3,0.9,0.5,0,0,sideways,0.245,0.0,,,14111.545806761083,11,385,0.0,0.0,jupiter,True,10.0,0.0,False,100,1,1.0,True,
40ec7bb3-5f0e-49e1-9809-3ad55a3b7265,ESLhvr8zVcD7zX7E7ZArMqthhxwGE26opWCkX4AckGAs,ESLhvr8z,completed,2025-11-29T11:06:20.419751,2025-11-29T12:35:31.710480,89.18817881666668,0.000175,0.001145,0.001145,0.000175,107.31594285714283,93725.71428571426,0.758211816440207,90.91394285714283,554.2857142857142,True,low_liquidity,0,0,0,0,0,23.84,0,0,0,False,False,False,False,0.3165833333333333,0.2,0.2,1.0,0.3,0.9,0.5,0,0,sideways,0.2683333333333333,0.0,,,14153.82094161887,11,386,0.0,0.0,jupiter,True,10.0,0.0,False,"400,100,500,200,300",5,1.0,True,
cf3f97e8-02be-4c22-ad6d-0b59ec0f1d8c,4aRyUsLBb8A5WBYEFsCgvpeNPKx9sF3pNsoEdVULLv63,4aRyUsLB,completed,2025-11-29T09:38:14.845002,2025-11-29T12:39:47.208258,181.5393876,0.0001728,0.000331,0.001398,0.0001728,11.049934413580264,33383.487654321034,0.0775465276543005,5.2812677469135885,91.55092592592594,True,trailing_stop,0,0,0,0,0,95634.46,0,0,0,False,False,False,False,0.27891666666666665,0.2,0.2,0.2,0.3,0.9,0.5,0,0,sideways,0.22166666666666668,0.0,,,14249.42514878352,11,387,0.0,0.0,jupiter,True,10.0,76.32331902718168,False,"400,700,100,500,200,600,300",7,1.0,True,
5f000185-a26b-4536-9cd3-cbc0275c1473,3QL3FacynNWdjukemmC8bHYPx7ik71ZoMsRBKUWJndAV,3QL3Facy,completed,2025-11-29T11:38:11.726248,2025-11-29T12:41:50.952247,63.653766649999994,4.516e-05,2.626e-05,0.000105,4.516e-05,27.88312695600827,1061809.8612341306,0.19671328888834017,-20.06820637732507,-41.85119574844996,False,low_liquidity,0,0,0,0,0,0.0,0,0,0,False,False,False,False,0.29483333333333334,0.2,0.2,0.6,0.3,0.9,0.5,0,0,up,0.30333333333333334,17.375000000000004,,,14174.500926490784,11,388,0.0,0.0,jupiter,True,10.0,74.9904761904762,False,100,1,1.0,True,
a498f7e6-dc85-41aa-a74b-a39a570ab6f7,EbPFmqrnvfUtHQhmp6N46RYmwuKmm3E1JLXrQFTKSphA,EbPFmqrn,completed,2025-11-29T12:40:28.094651,2025-11-29T12:45:46.166144,5.3011915499999995,3.996e-06,4.505e-06,4.505e-06,3.996e-06,64.9294210877544,14412746.079412743,0.4575612737767393,7.336087754421082,12.737737737737728,True,low_liquidity,0,0,0,0,0,0.9,0,0,0,False,False,False,False,0.28008333333333335,0.2,0.2,0.2,0.3,0.9,0.5,0,0,sideways,0.1983333333333333,0.0,,,14190.322653799549,11,389,0.0,0.0,jupiter,True,10.0,0.0,False,,0,1.0,True,
6462f845-60d6-45f5-87d9-586aed2fa249,5VY6xdopkzJmX46ScSxzpDpqU8zz5SHg6Lm9fCyKERDt,5VY6xdop,completed,2025-11-29T11:50:57.658330,2025-11-29T12:46:21.013199,55.38924781666666,0.0001154,0.0001518,0.0001771,0.0001154,76.89972270363951,506585.7885615251,0.5424745355629207,18.439722703639514,31.542461005199314,True,trailing_stop,0,0,0,0,0,158398.37,0,0,0,False,False,False,False,0.26925,0.1,0.2,0.8,0.3,0.9,0.5,0,0,up,0.315,20.75,,,14175.729488176139,10,390,0.0,0.0,jupiter,True,10.0,14.285714285714283,False,,0,1.0,True,
890b6e58-7154-4ecf-ab03-60927150ced8,eshDUBHGMpSjNVQiDTwmi2Hu7PJsPTgFs4TjVGPgtDb,eshDUBHG,completed,2025-11-29T12:42:25.968780,2025-11-29T12:54:10.050315,11.73469225,8.679e-06,1.024e-05,1.048e-05,8.679e-06,57.98615815954221,5662710.757767794,0.4047267185790163,8.839491492875531,17.985943081000126,True,low_liquidity,0,0,0,0,0,0.0,0,0,0,False,False,False,False,0.38566666666666666,0.5,0.2,0.2,0.3,0.9,0.5,0,0,sideways,0.18666666666666665,0.0,,,14327.237490801179,11,391,0.0,0.0,jupiter,True,10.0,2.290076335877857,False,,0,1.0,True,
0f516edf-39b6-4f14-b847-def92354151e,AzHyxCXprBYubWc6JVagrJBaQifYBDTkta8s8EXkFSHH,AzHyxCXp,completed,2025-11-29T12:46:36.817351,2025-11-29T13:10:58.052313,24.353916033333334,4.309e-05,2.64e-05,7.283e-05,4.309e-05,34.56282200046415,1309197.8030478845,0.23735719592970764,-21.850511332869193,-38.73288466001392,False,low_liquidity,0,0,0,0,0,0.0,0,0,0,False,False,False,False,0.29483333333333334,0.2,0.2,0.6,0.3,0.9,0.5,0,0,up,0.30333333333333334,17.375000000000004,,,14561.522714777853,11,392,0.0,0.0,jupiter,True,10.0,63.75120142798297,False,,0,1.0,True,
79ea02c3-9d89-4459-aa0a-d3ee16aeb9cb,EkVePfDcDGeGgusM9HgDouhYtCojPkH1CUm6KTJA5aRC,EkVePfDc,completed,2025-11-29T12:55:01.493656,2025-11-29T13:10:58.118945,15.943754816666665,1.209e-05,1.452e-05,1.452e-05,1.209e-05,65.75033912324236,4528260.270195754,0.4525039390271825,11.003672456575686,20.099255583126556,True,low_liquidity,0,0,0,0,0,0.0,0,0,0,False,False,False,False,0.31566666666666665,0.3,0.2,0.2,0.3,0.9,0.5,0,0,sideways,0.18666666666666665,0.0,,,14530.335197655073,10,393,0.0,0.0,jupiter,True,10.0,0.0,False,,0,1.0,True,
792f789a-15e8-44fc-92fb-ced7ca248728,DHPc71vqCyp15wRGtnNMnkkec28jr76fppm7DAN6yw8Z,DHPc71vq,completed,2025-11-29T09:55:35.565083,2025-11-29T13:15:28.555123,199.88316733333335,0.0001762,0.002609,0.002609,0.0001762,81.16230798335228,31108.588724933794,0.5548679913517349,75.68097465001894,1380.7037457434735,True,low_liquidity,0,0,0,0,0,59.85,0,0,0,False,False,False,False,0.3148333333333333,0.2,0.2,1.0,0.3,0.9,0.5,0,0,up,0.30333333333333334,17.375000000000004,,,14627.318433998997,11,394,0.0,0.0,jupiter,True,10.0,0.0,False,"400,700,100,500,200,600,300",7,1.0,True,
ceac263f-4b3a-4eea-abf8-d2be6c7a0727,BqyNKWtkgXPRy15mLRVdjgTL3btALwStwhKf5HktbdLV,BqyNKWtk,completed,2025-11-29T13:12:33.819934,2025-11-29T13:17:25.028548,4.8534769,0.246,0.205,0.3201,0.246,43.266666666666666,211.0569105691057,0.29459782891900055,-8.653333333333336,-16.66666666666667,False,stop_loss,0,0,0,0,0,23711.4,0,0,0,False,False,False,False,0.351,0.3,0.2,1.0,0.3,0.9,0.5,0,0,up,0.27999999999999997,15.125000000000002,,,14686.688909225737,11,395,0.0,0.0,jupiter,True,10.0,35.95751327710091,False,,0,1.0,True,
3a3f1f86-9316-417c-8678-2be9467ff42a,4wrs39Xxv65Ti6PCEfXxNN5r8ijaGSDwvHAaWXqKbKgj,4wrs39Xx,completed,2025-11-29T11:37:53.430421,2025-11-29T13:19:25.612620,101.53636998333333,3.57e-06,1.627e-05,1.627e-05,3.57e-06,131.23859010270775,8066293.183940243,0.8997261805892748,102.44192343604108,355.74229691876747,True,low_liquidity,0,0,0,0,0,66.18,0,0,0,False,False,False,False,0.28008333333333335,0.2,0.2,0.2,0.3,0.9,0.5,0,0,sideways,0.1983333333333333,0.0,,,14586.503420046436,11,396,0.0,0.0,jupiter,True,10.0,0.0,False,"200,100,300",3,1.0,True,
d0d08090-021e-4012-8536-684d6415564c,9un94ujQiiUWr3GpiR2UDUT5dTPwFbCxPfk3BLZ21nwK,9un94ujQ,completed,2025-11-29T12:47:02.111804,2025-11-29T13:19:25.685930,32.3929021,4.694e-05,9.835e-05,9.835e-05,4.694e-05,101.72750745632725,1034341.7128248829,0.6960003182644984,53.17550745632724,109.52279505752026,True,low_liquidity,0,0,0,0,0,0.0,0,0,0,False,False,False,False,0.286,0.2,0.2,0.4,0.3,0.9,0.5,0,0,up,0.27999999999999997,15.125000000000002,,,14616.014502692817,10,397,0.0,0.0,jupiter,True,10.0,0.0,False,100,1,1.0,True,
9246ed2d-cbbd-4ac5-af38-3a5d73ddd41c,6o1y7tdzxKZXaTdJabwBJ1Mdnhh7Xmkf4XitxbnT9tpZ,6o1y7tdz,completed,2025-11-29T13:13:13.024573,2025-11-29T13:19:25.745348,6.212012916666667,1.05,0.8424,1.71,1.05,43.938514285714284,52.15873015873016,0.2994350735179235,-10.828152380952382,-19.77142857142857,False,stop_loss,0,0,0,0,0,48049.13,0,0,0,False,False,False,False,0.3154166666666667,0.2,0.2,1.0,0.3,0.9,0.5,0,0,up,0.2916666666666667,16.25,,,14673.80349586343,9,398,0.0,0.0,jupiter,True,10.0,50.73684210526316,False,,0,1.0,True,
92cab282-b6f7-494c-9ccc-b0a5d466499b,3tRVKdqYvZkEn7za7pdTaSCpqoACGiF1b5ko2ZxFh82i,3tRVKdqY,completed,2025-11-29T11:26:06.193636,2025-11-29T13:23:30.371263,117.40296045,4.609e-06,2.126e-05,2.128e-05,4.609e-06,131.6314891154987,6191509.365733711,0.8991699695101888,103.09482244883202,361.27142547190283,True,low_liquidity,0,0,0,0,0,48.38,0,0,0,False,False,False,False,0.2865833333333333,0.2,0.2,0.4,0.3,0.9,0.5,0,0,sideways,0.2683333333333333,0.0,,,14639.22212473391,11,399,0.0,0.0,jupiter,True,10.0,0.09398496240601414,False,"200,100,300",3,1.0,True,
481b09c1-e8b6-484e-bae1-02c457e38bb0,CMnbLHcU5nFHzUhtzLMtcDHCYv7U9dEddAmUZbKLHVye,CMnbLHcU,completed,2025-11-29T12:01:12.358965,2025-11-29T13:23:30.452273,82.30155513333334,4.804e-06,1.555e-05,1.555e-05,4.804e-06,118.39773452678324,7614002.220371913,0.808040205013446,81.82006786011657,223.68859283930055,True,low_liquidity,0,0,0,0,0,31.53,0,0,0,False,False,False,False,0.2965833333333333,0.2,0.2,0.6,0.3,0.9,0.5,0,0,sideways,0.2683333333333333,0.0,,,14652.455879322624,10,400,0.0,0.0,jupiter,True,10.0,0.0,False,"200,100",2,1.0,True,
c0e85e9a-71f7-45ca-9b56-aae4dc3906c7,FkXmVrTQdGqXxprEcR8jenHPSr2242KQXKiGG9ZnGosQ,FkXmVrTQ,completed,2025-11-29T12:34:43.848266,2025-11-29T13:23:30.527763,48.77799161666667,4.426e-05,5.396e-05,0.000107,4.426e-05,56.802267208917,1052673.5954209971,0.3860409745130194,10.21093387558367,21.915951197469496,True,trailing_stop,0,0,0,0,0,91653.6,0,0,0,False,False,False,False,0.3148333333333333,0.2,0.2,1.0,0.3,0.9,0.5,0,0,up,0.30333333333333334,17.375000000000004,,,14714.05134664049,9,401,0.0,0.0,jupiter,True,10.0,49.570093457943926,False,100,1,1.0,True,
9a2a0075-6d4c-47de-93da-6b1f1f76f48d,EhpXW5dkt5afMLaXtKs5x8D5FxqSue1snUz5ub4YMEjC,EhpXW5dk,completed,2025-11-29T13:18:22.564785,2025-11-29T13:27:54.031608,9.52444705,0.6281,0.6208,1.93,0.6281,33.35576882661997,53.73029772329248,0.22647388110699482,-0.39223117338003366,-1.1622353128482683,False,trailing_stop,0,0,0,0,0,41239.01,0,0,0,False,False,False,False,0.351,0.3,0.2,1.0,0.3,0.9,0.5,0,0,up,0.27999999999999997,15.125000000000002,,,14728.307151172743,11,402,0.0,0.0,jupiter,True,10.0,67.83419689119171,False,"200,100",2,1.0,True,
8961f5e2-6259-4e31-a819-11024de19276,23wB7J4JxVCGGsw6ifKSSjiadRApWcvAP1xG3SPSVk8H,23wB7J4J,completed,2025-11-29T13:20:30.850018,2025-11-29T13:27:54.105589,7.38759285,0.001159,0.001118,0.002768,0.001159,44.7900960598217,40062.69772792638,0.3043452002042367,-1.6425706068449824,-3.5375323554788625,False,trailing_stop,0,0,0,0,0,51250.06,0,0,0,False,False,False,False,0.31716666666666665,0.2,0.2,1.0,0.3,0.9,0.5,0,0,sideways,0.25666666666666665,0.0,,,14716.87282393954,10,403,0.0,0.0,jupiter,True,10.0,59.60982658959537,False,100,1,1.0,True,
9cdf92ef-12ad-414f-878b-7c3faa6f011a,DgJ5BZLeCrQ9HUsXgyKq2FYGGKj5YQpSJ3M6rt6X9MhG,DgJ5BZLe,completed,2025-11-29T13:23:07.071408,2025-11-29T13:27:54.162518,4.784851833333334,0.6878,0.2336,1.25,0.6878,18.600600949888534,79.62586023068722,0.12616511106959608,-36.166065716778135,-66.03663855772027,False,stop_loss,0,0,0,0,0,40694.69,0,0,0,False,False,False,False,0.3154166666666667,0.2,0.2,1.0,0.3,0.9,0.5,0,0,up,0.2916666666666667,16.25,,,14743.062319049473,9,404,0.0,0.0,jupiter,True,10.0,81.312,False,,0,1.0,True,
1c392ceb-6e12-4391-9c23-c05628344516,9G9WCQXvwFoGubs8UgCd6e3smtpXhjJCEQZkeXJigKVm,9G9WCQXv,completed,2025-11-29T13:26:26.881290,2025-11-29T13:27:54.219243,1.45563255,0.6888,0.1429,0.6888,0.6888,10.77144018583043,75.37746806039489,0.0730222997069096,-41.148559814169566,-79.25377468060394,False,stop_loss,0,0,0,0,0,19789.98,0,0,0,False,False,False,False,0.351,0.3,0.2,1.0,0.3,0.9,0.5,0,0,up,0.27999999999999997,15.125000000000002,,,14750.891479813532,8,405,0.0,0.0,jupiter,True,10.0,79.25377468060394,False,,0,1.0,True,
58c4b9ec-5a71-433d-9ed3-0eb3ad54cac1,95uagK2HpDSp1bys4vyZPij1Yni3qufET4pkfGkFXBx8,95uagK2H,completed,2025-11-29T13:29:02.350017,2025-11-29T13:30:03.843168,1.02488585,5.963e-06,5.951e-06,5.963e-06,5.963e-06,59.79941640114037,10048633.238302868,0.4077885458686177,-0.12058359885963496,-0.2012409860808327,False,low_liquidity,0,0,0,0,0,0.87,0,0,0,False,False,False,False,0.251,0.1,0.2,0.4,0.3,0.9,0.5,0,0,up,0.27999999999999997,17.375,,,14664.319782146773,11,406,0.0,0.0,jupiter,True,10.0,0.2012409860808327,False,,0,1.0,True,
f85ee524-e295-4a61-8402-9c9efc599072,GvJ1Ex9K8xMnHUdANcXbnxSuS1oC67T7Kta74ebnUmog,GvJ1Ex9K,completed,2025-11-29T13:21:12.935133,2025-11-29T13:30:03.926450,8.849855283333333,0.2097,0.09185,0.4838,0.2097,19.330110634239393,210.4530281354316,0.13145452490799353,-24.801889365760612,-56.1993323795899,False,stop_loss,0,0,0,0,0,29075.92,0,0,0,False,False,False,False,0.351,0.3,0.2,1.0,0.3,0.9,0.5,0,0,up,0.27999999999999997,15.125000000000002,,,14704.789087913672,10,407,0.0,0.0,jupiter,True,10.0,81.01488218272014,False,100,1,1.0,True,
304ef5f9-c482-4409-9a3e-8fee0033ae41,9jQJ7z7Aq3gj3CGWFbzYJ8wKsfJ3REXZG13Zcn1d6QCn,9jQJ7z7A,completed,2025-11-29T12:32:14.684319,2025-11-29T13:32:14.420242,59.99559871666667,0.0001731,5.045e-05,0.0003775,0.0001731,13.544362892355096,268471.018678991,0.09220080978264768,-32.92797044097825,-70.85499711149625,False,low_liquidity,0,0,0,0,0,29.43,0,0,0,False,False,False,False,0.3165833333333333,0.2,0.2,1.0,0.3,0.9,0.5,0,0,sideways,0.2683333333333333,0.0,,,14690.069343516941,11,408,0.0,0.0,jupiter,True,10.0,86.63576158940397,False,100,1,1.0,True,
6bba4e7f-9733-4aed-a222-e4bed2cce26e,9G9WCQXvwFoGubs8UgCd6e3smtpXhjJCEQZkeXJigKVm,9G9WCQXv,completed,2025-11-29T13:29:27.078025,2025-11-29T13:32:14.497929,2.7903317333333333,0.02182,0.05706,0.05706,0.02182,55.16316054883958,966.7571074104377,0.3765801739654183,34.06852046514383,161.50320806599453,True,low_liquidity,0,0,0,0,0,1474.62,0,0,0,False,False,False,False,0.49024999999999996,0.7,0.2,1.0,0.3,0.9,0.5,0,0,sideways,0.295,0.0,,,14648.450545860456,10,409,0.0,0.0,jupiter,True,10.0,0.0,False,,0,1.0,True,
1fc61509-dcce-42e6-abd9-2fd88f124cdf,4v7mNUKzQiHpSDkYGGZnh8xnB8n48hGovurzQ8qbYkqu,4v7mNUKz,completed,2025-11-29T13:32:49.130807,2025-11-29T13:40:25.914194,7.61305645,7.209e-06,7.735e-06,7.735e-06,7.209e-06,52.732621260461464,6817404.170712536,0.35150680020671293,3.585954593794792,7.2964350117908126,True,low_liquidity,0,0,0,0,0,0.0,0,0,0,False,False,False,False,0.38566666666666666,0.5,0.2,0.2,0.3,0.9,0.5,0,0,sideways,0.18666666666666665,0.0,,,15001.877980582636,11,410,0.0,0.0,jupiter,True,10.0,0.0,False,,0,1.0,True,
2eedfb14-bf77-4699-9e10-c21397b7856e,63t5scCQXeHjxdtLU9UbkyxxUfP2uHsG4YDhzuKrAWT6,63t5scCQ,completed,2025-11-29T13:16:29.081967,2025-11-29T13:41:00.464805,24.523047299999998,4.231e-06,6.075e-06,6.075e-06,4.231e-06,82.9623020562515,13656346.017489959,0.5533037238673261,25.18230205625149,43.58307728669347,True,low_liquidity,0,0,0,0,0,5.44,0,0,0,False,False,False,False,0.27775,0.2,0.2,0.2,0.3,0.9,0.5,0,0,sideways,0.245,0.0,,,14993.989463216521,10,411,0.0,0.0,jupiter,True,10.0,0.0,False,,0,1.0,True,
a0509802-78bb-49f1-b7f9-0933b6a0df4c,AE8dCqoQBXAxEjx7b4qWtTbA2Nw7mprNnPYG4YU2yYMv,AE8dCqoQ,completed,2025-11-29T13:24:50.956911,2025-11-29T13:42:49.131394,17.969574716666667,0.369,0.5392,0.5392,0.369,75.8679241192412,140.70460704607046,0.5058642664136657,23.947924119241197,46.12466124661247,True,low_liquidity,0,0,0,0,0,13477.49,0,0,0,False,False,False,False,0.351,0.3,0.2,1.0,0.3,0.9,0.5,0,0,up,0.27999999999999997,15.125000000000002,,,14997.683994781502,11,412,0.0,0.0,jupiter,True,10.0,0.0,False,,0,1.0,True,
71d34868-8c50-45ea-befb-8e32a26d4004,A59csimeG9ZmSXf9F9SZTsWncc2HcxM9mAvVu5q8ZGoA,A59csime,completed,2025-11-29T13:31:07.430866,2025-11-29T13:42:49.231867,11.69668335,0.1698,0.5951,1.25,0.1698,36.39292343934038,61.154299175500554,0.24201994173450375,26.008923439340382,250.47114252061243,True,trailing_stop,0,0,0,0,0,40389.98,0,0,0,False,False,False,False,0.351,0.3,0.2,1.0,0.3,0.9,0.5,0,0,up,0.27999999999999997,15.125000000000002,,,15037.158995461403,10,413,0.0,0.0,jupiter,True,10.0,52.392,False,"400,100,500,200,600,300",6,1.0,True,
a9104ab5-456a-4811-9da8-2e9569dee108,8SpYzB7uYR4oirxniadT5n48a8huXaj1KQY1s2LsmaXH,8SpYzB7u,completed,2025-11-29T13:26:30.161286,2025-11-29T13:53:05.161245,26.58333265,1.254e-05,1.396e-05,1.686e-05,1.254e-05,61.04995215311005,4373205.741626794,0.3984867478194123,6.209952153110048,11.323763955342903,True,trailing_stop,0,0,0,0,0,25786.24,0,0,0,False,False,False,False,0.3145,0.3,0.2,0.2,0.3,0.9,0.5,0,0,sideways,0.21000000000000002,0.0,,,15320.447288946456,11,414,0.0,0.0,jupiter,True,10.0,17.200474495848166,False,,0,1.0,True,
6d6a3ea6-3d12-4120-b1ee-4d7c5e8244a6,7ZLECrJbCuvhVXoJBGBnzCBeDrZ7PiQGguGxEwdJhZTb,7ZLECrJb,completed,2025-11-29T13:42:04.612290,2025-11-29T13:53:05.238514,11.010437066666666,0.5838,0.7077,1.44,0.5838,53.498143884892094,75.59438163754712,0.34902235801027354,9.366143884892088,21.223021582733814,True,trailing_stop,0,0,0,0,0,44029.09,0,0,0,False,False,False,False,0.351,0.3,0.2,1.0,0.3,0.9,0.5,0,0,up,0.27999999999999997,15.125000000000002,,,15327.999097214673,10,415,0.0,0.0,jupiter,True,10.0,50.854166666666664,False,100,1,1.0,True,
3562ced5-f92b-4a25-869d-f0b41c3311bf,DCedvoj6Qhh5eAvuyB93pz3tyqSChU3hcEhDK9dGUPrs,DCedvoj6,completed,2025-11-29T13:41:42.809500,2025-11-29T13:53:49.941930,12.118873833333334,0.601,0.8429,2.44,0.601,36.40879201331116,43.1946755407654,0.2381762125786202,10.44879201331115,40.2495840266223,True,trailing_stop,0,0,0,0,0,48063.81,0,0,0,False,False,False,False,0.351,0.3,0.2,1.0,0.3,0.9,0.5,0,0,up,0.27999999999999997,15.125000000000002,,,15286.493818643994,9,416,0.0,0.0,jupiter,True,10.0,65.45491803278689,False,"200,100,300",3,1.0,True,
fa9112f2-04db-4445-994b-7bb41d5af552,HnAqHL1PR41WgaHviYiFmDno3PJSNbwrJ7GkRLgu67xV,HnAqHL1P,completed,2025-11-29T13:32:55.423297,2025-11-29T13:57:14.350645,24.3154558,4.318e-05,6.462e-05,7.71e-05,4.318e-05,86.18993052339044,1333796.5107302761,0.5630703292258379,28.596597190057118,49.652616952292725,True,trailing_stop,0,0,0,0,0,108643.54,0,0,0,False,False,False,False,0.28008333333333335,0.2,0.2,0.2,0.3,0.9,0.5,0,0,sideways,0.1983333333333333,0.0,,,15307.13412690249,11,417,0.0,0.0,jupiter,True,10.0,16.186770428015567,False,,0,1.0,True,
58d2302e-9f19-4b77-a121-cab496de22a1,9mJGVTB99Qof5UyRAxw8DNqJSqaQEdnHXnXzy8qMFmHH,9mJGVTB9,completed,2025-11-29T13:54:19.735206,2025-11-29T13:59:36.725400,5.2831699,0.146,0.2597,0.2597,0.146,92.35358904109589,355.6164383561644,0.6016494918561813,40.43358904109589,77.87671232876713,True,low_liquidity,0,0,0,0,0,0.0,0,0,0,False,False,False,False,0.351,0.3,0.2,1.0,0.3,0.9,0.5,0,0,up,0.27999999999999997,15.125000000000002,,,15350.065161057619,11,418,0.0,0.0,jupiter,True,10.0,0.0,False,,0,1.0,True,
ae7eb83e-f4ce-45ee-8d9b-c4c3d1ba3452,HMk6giTMX9Vimqmm4iKennkAEKfXKhXDbrFnYLiRHuBJ,HMk6giTM,completed,2025-11-29T13:56:29.804125,2025-11-29T14:01:21.267314,4.857719816666667,0.6309,0.2579,0.8721,0.6309,21.223915042003487,82.29513393564748,0.1376985254819667,-30.69608495799651,-59.12188936440006,False,stop_loss,0,0,0,0,0,26582.1,0,0,0,False,False,False,False,0.351,0.3,0.2,1.0,0.3,0.9,0.5,0,0,up,0.27999999999999997,15.125000000000002,,,15413.320489610485,11,419,0.0,0.0,jupiter,True,10.0,70.4277032450407,False,,0,1.0,True,
f2e2fb49-aeae-4d3c-a8a0-0fee49375930,HCeSctXpR2rdXk9uooHrxUp6yahVfCUy9sx18VbBdokA,HCeSctXp,completed,2025-11-29T13:59:18.532008,2025-11-29T14:03:51.257175,4.54541945,0.001049,0.001611,0.001611,0.001049,84.00543374642517,52144.89990467112,0.54329113288732,29.30543374642517,53.574833174451854,True,low_liquidity,0,0,0,0,0,7.89,0,0,0,False,False,False,False,0.31625,0.3,0.2,0.2,0.3,0.9,0.5,0,0,sideways,0.175,0.0,,,15462.323726871522,11,420,0.0,0.0,jupiter,True,10.0,0.0,False,,0,1.0,True,
d95149fd-208e-46e0-86de-c695085eeb1d,7pwrjqnp6sBhjz2Mz26gJjAb5avXm8vctdejoXcMdBD1,7pwrjqnp,completed,2025-11-29T14:04:55.245473,2025-11-29T14:05:34.707412,0.6576989833333333,0.1085,0.05588,0.1085,0.1085,23.855867281105994,426.9124423963134,0.15321045470135036,-22.46413271889401,-48.49769585253456,False,stop_loss,0,0,0,0,0,8461.28,0,0,0,False,False,False,False,0.421,0.5,0.2,1.0,0.3,0.9,0.5,0,0,sideways,0.27999999999999997,0.0,,,15570.652360250278,11,421,0.0,0.0,jupiter,True,10.0,48.49769585253456,False,,0,1.0,True,
14944e7e-5e02-4be7-b038-3e45e9a53bb5,4a7VhUF8XQSvAkGepeUwrKrfyHASdQyawtQrRhcAbwn4,4a7VhUF8,completed,2025-11-29T12:36:53.317804,2025-11-29T14:06:09.470622,89.26921363333332,0.0001774,0.0006156,0.0006156,0.0001774,123.63589177001127,200838.0308154829,0.7973172372657277,88.00722510334461,247.01240135287486,True,low_liquidity,0,0,0,0,0,53.3,0,0,0,False,False,False,False,0.3148333333333333,0.2,0.2,1.0,0.3,0.9,0.5,0,0,up,0.30333333333333334,17.375000000000004,,,15506.486752249437,10,422,0.0,0.0,jupiter,True,10.0,0.0,False,"200,100",2,1.0,True,
87ac04f7-8603-4955-9691-cf93aaa3694c,5UXXZpFU61gRYiGmZxdYmyeEos6AeDKd6vURgoFHJtU3,5UXXZpFU,completed,2025-11-29T13:31:13.965818,2025-11-29T14:08:04.112592,36.835779566666666,4.73e-05,2.638e-05,8.622e-05,4.73e-05,30.570311486962655,1158844.2565186752,0.19712847387091476,-24.24302184637068,-44.22832980972515,False,low_liquidity,0,0,0,0,0,13.8,0,0,0,False,False,False,False,0.3148333333333333,0.2,0.2,1.0,0.3,0.9,0.5,0,0,up,0.30333333333333334,17.375000000000004,,,15507.811168355594,11,423,0.0,0.0,jupiter,True,10.0,69.40385061470657,False,,0,1.0,True,
b7d46761-2eba-411e-aad1-09c1cdb50af5,o8sGyrTz8H5h2PBKkfvt1yDFV92g1HScYZzJGBCCoSB,o8sGyrTz,completed,2025-11-29T14:00:25.186183,2025-11-29T14:08:04.219573,7.6505564999999995,0.3596,0.3008,1.14,0.3596,29.77747126436782,98.99425287356323,0.19200613574179318,-5.820862068965514,-16.35150166852057,False,stop_loss,0,0,0,0,0,46255.47,0,0,0,False,False,False,False,0.3154166666666667,0.2,0.2,1.0,0.3,0.9,0.5,0,0,up,0.2916666666666667,16.25,,,15508.60400857819,10,424,0.0,0.0,jupiter,True,10.0,73.6140350877193,False,"200,100",2,1.0,True,
43247465-1b32-4357-a36b-0db8458a9a27,2DM5Ltx7R7KH31jE58hqPJjWwN53s5Z2t8owWWE1CUx2,2DM5Ltx7,completed,2025-11-29T14:08:49.159094,2025-11-29T14:09:51.766691,1.04345995,0.0002627,7.007e-05,0.0002627,0.0002627,14.664821469356681,209288.16140083747,0.09453166393926765,-40.31517853064332,-73.32698896079178,False,stop_loss,0,0,0,0,0,13211.49,0,0,0,False,False,False,False,0.31275,0.3,0.2,0.2,0.3,0.9,0.5,0,0,sideways,0.245,0.0,,,15513.131641032121,11,425,0.0,0.0,jupiter,True,10.0,73.32698896079178,False,,0,1.0,True,
7beb4f19-b9d3-47ca-a8f6-f4cab39ee2a4,7qkxnuGMptN2SUcTpXVVnS2HwStDtAz7FaruFjx1J7Be,7qkxnuGM,completed,2025-11-29T13:29:08.747301,2025-11-29T14:14:17.659673,45.14853953333333,4.237e-06,5.205e-06,5.205e-06,4.237e-06,69.1297380221855,13281409.80253324,0.4429824894405359,12.856404688852173,22.846353552041535,True,low_liquidity,0,0,0,0,0,9.01,0,0,0,False,False,False,False,0.2965833333333333,0.2,0.2,0.6,0.3,0.9,0.5,0,0,sideways,0.2683333333333333,0.0,,,15605.523845760315,11,426,0.0,0.0,jupiter,True,10.0,0.0,False,,0,1.0,True,
c5b7ae2b-fa15-4b65-bc52-c0e67bc9094e,CUEdwwswTUPn8xCY1tBdnKhcj8PBJ8cWT2xCy9iUXAm2,CUEdwwsw,completed,2025-11-29T14:11:02.998426,2025-11-29T14:14:17.756961,3.2459755833333332,0.3232,0.5146,0.5146,0.3232,82.66717821782179,160.64356435643566,0.5301901635080852,30.74717821782178,59.22029702970296,True,low_liquidity,0,0,0,0,0,2665.53,0,0,0,False,False,False,False,0.351,0.3,0.2,1.0,0.3,0.9,0.5,0,0,up,0.27999999999999997,15.125000000000002,,,15591.98640556468,10,427,0.0,0.0,jupiter,True,10.0,0.0,False,,0,1.0,True,
43733e3c-c935-40d2-975a-04ebdcba2cb1,3JKGVvbX9tNvH6ZqZzAPMRzCv5ffgj4UFfeNWM1ZN2wr,3JKGVvbX,completed,2025-11-29T14:07:15.214059,2025-11-29T14:16:58.485697,9.721193966666668,1.251e-05,1.44e-05,1.665e-05,1.251e-05,63.2326139088729,4391153.743671729,0.40400475134020514,8.299280575539564,15.107913669064738,True,trailing_stop,0,0,0,0,0,26063.81,0,0,0,False,False,False,False,0.31333333333333335,0.3,0.2,0.2,0.3,0.9,0.5,0,0,sideways,0.23333333333333334,0.0,,,15651.45303343867,10,428,0.0,0.0,jupiter,True,10.0,13.513513513513525,False,,0,1.0,True,
930167f8-76a8-4b0a-b5b5-4b4a931dab06,AezwRLu2iUo9rp6HKMgDvdFMHht5Q43zbkeqXskKS3LW,AezwRLu2,completed,2025-11-29T14:08:52.630648,2025-11-29T14:22:18.735736,13.4350848,7.16e-06,8.505e-06,8.684e-06,7.16e-06,58.378826815642476,6864059.590316575,0.37008158353513143,9.232160148975797,18.784916201117326,True,low_liquidity,0,0,0,0,0,0.0,0,0,0,False,False,False,False,0.38566666666666666,0.5,0.2,0.2,0.3,0.9,0.5,0,0,sideways,0.18666666666666665,0.0,,,15774.583068411628,11,429,0.0,0.0,jupiter,True,10.0,2.061262091202205,False,,0,1.0,True,
9299bba4-b219-45d9-b7da-6259686ec051,7AKvxwUTywuwDUZrSF1rcCS1Y3BnhRmQSYYzbRJoeWxB,7AKvxwUT,completed,2025-11-29T13:28:37.497854,2025-11-29T14:24:26.758602,55.821012466666666,0.0002002,0.001715,0.001715,0.0002002,51.010256410256325,29743.589743589695,0.322506601550405,45.05558974358967,756.6433566433567,True,low_liquidity,0,0,0,0,0,1697641.39,0,0,0,False,False,False,False,0.25566666666666665,0.1,0.2,0.4,0.3,0.9,0.5,0,0,sideways,0.18666666666666665,0.0,,,15816.810001727627,11,430,0.0,0.0,jupiter,True,10.0,0.0,False,"400,700,100,500,200,600,300",7,1.0,True,
fea3f7af-55e9-4aa7-b86a-6343521d29f2,72qVg7iK5bwjxPD9tAMXVEDHPUTpAoLsgA3QSqUXJKLn,72qVg7iK,completed,2025-11-29T14:17:27.655985,2025-11-29T14:24:26.861492,6.98675845,0.1547,0.2136,0.2872,0.1547,71.6878603749192,335.617323852618,0.4538317264615456,19.767860374919202,38.07369101486749,True,trailing_stop,0,0,0,0,0,54106.47,0,0,0,False,False,False,False,0.351,0.3,0.2,1.0,0.3,0.9,0.5,0,0,up,0.27999999999999997,15.125000000000002,,,15796.132397762964,10,431,0.0,0.0,jupiter,True,10.0,25.626740947075206,False,,0,1.0,True,
fb1f91af-1b0e-4fdc-a33a-2dcc0908e563,C4M7AEF1tvzqrqWi74tH5pC8sctguRo55K21y6j2pGH2,C4M7AEF1,completed,2025-11-29T14:06:59.749146,2025-11-29T14:27:22.337894,20.37647913333333,0.0001769,0.0002827,0.0002827,0.0001769,92.41152440173356,326889.0145091389,0.5861321955129231,34.58485773506689,59.80780101752403,True,low_liquidity,0,0,0,0,0,5.71,0,0,0,False,False,False,False,0.2771666666666667,0.2,0.2,0.2,0.3,0.9,0.5,0,0,sideways,0.25666666666666665,0.0,,,15766.327990371596,11,432,0.0,0.0,jupiter,True,10.0,0.0,False,,0,1.0,True,
df59581f-b046-474f-8c9f-42d57ea7bdbb,2mcFdpJ3o8tTQpw6XFreVRpCwSrEhjjX8yxBJniCSCcc,2mcFdpJ3,completed,2025-11-29T14:17:18.173504,2025-11-29T14:27:22.448219,10.07124525,0.6251,1.24,1.86,0.6251,87.54388097904337,70.59990401535755,0.5550871538962818,43.41188097904336,98.36826107822748,True,trailing_stop,0,0,0,0,0,58279.72,0,0,0,False,False,False,False,0.351,0.3,0.2,1.0,0.3,0.9,0.5,0,0,up,0.27999999999999997,15.125000000000002,,,15771.195633794287,10,433,0.0,0.0,jupiter,True,10.0,33.333333333333336,False,100,1,1.0,True,
24ddf04a-73c9-4327-b2ad-f18dbef8ea17,5NteAWosu43YcxU3cJ9crvDYA3jmB8fW7viaXTy9xgms,5NteAWos,completed,2025-11-29T14:24:12.324153,2025-11-29T14:29:20.576544,5.13753985,1.286e-05,1.404e-05,1.61e-05,1.286e-05,59.100466562986014,4209434.94038362,0.3737254634952571,4.967133229652666,9.175738724727829,True,trailing_stop,0,0,0,0,0,25636.0,0,0,0,False,False,False,False,0.3233333333333333,0.3,0.2,0.4,0.3,0.9,0.5,0,0,sideways,0.23333333333333334,0.0,,,15813.872035972752,10,434,0.0,0.0,jupiter,True,10.0,12.795031055900616,False,,0,1.0,True,
d5c2b8b0-6de1-4fb8-ad3d-5b47c4739001,3Xhi8BipsKP39yH23kx5nKTFX4zThttBcGKrYMFnQHTP,3Xhi8Bip,completed,2025-11-29T14:27:53.536516,2025-11-29T14:30:51.910264,2.9728958000000003,3.468e-06,4.173e-06,4.173e-06,3.468e-06,67.60067474048444,16199538.638985008,0.4272725629832023,11.420674740484424,20.32871972318338,True,low_liquidity,0,0,0,0,0,0.41,0,0,0,False,False,False,False,0.29774999999999996,0.2,0.2,0.6,0.3,0.9,0.5,0,0,sideways,0.24500000000000005,0.0,,,15821.440597191371,10,435,0.0,0.0,jupiter,True,10.0,0.0,False,,0,1.0,True,
3edd2f78-f6f1-441e-a09e-3794a03d8776,BdnhBDCp8hd26FExbG8eW2HLUoYhhkzaHW4SM9Jn5ULC,BdnhBDCp,completed,2025-11-29T14:15:26.099828,2025-11-29T14:31:26.157466,16.00096063333333,0.0006193,0.0008656,0.0008656,0.0006193,72.63417837343236,83911.94359222778,0.459085606983115,20.667511706765698,39.7707088648474,True,low_liquidity,0,0,0,0,0,47941.44,0,0,0,False,False,False,False,0.35041666666666665,0.3,0.2,1.0,0.3,0.9,0.5,0,0,up,0.2916666666666667,16.25,,,15821.488905032,9,436,0.0,0.0,jupiter,True,10.0,0.0,False,,0,1.0,True,
f0e491c3-75c7-4ed8-aa37-3ea8213d5d94,49fWPtHFE6pGLE6s7PJcuJCyihgRQA9cxb61UxWKiipm,49fWPtHF,completed,2025-11-29T14:32:05.339295,2025-11-29T14:33:08.899930,1.0593439166666667,4.274e-06,4.363e-06,4.363e-06,4.274e-06,21.252161196976857,4870997.294746013,0.13349539461124962,0.4335187592323968,2.082358446420223,True,low_liquidity,0,0,0,0,0,0.0,0,0,0,False,False,False,False,0.45566666666666666,0.7,0.2,0.2,0.3,0.9,0.5,0,0,sideways,0.18666666666666665,0.0,,,15919.771059417464,11,437,0.0,0.0,jupiter,True,10.0,0.0,False,,0,1.0,True,
7776a35d-ea35-4cae-8f86-58815f966956,H4ubCr65jzeG95gssKouYvJUHCZQYeQpnJ2QrniwveYf,H4ubCr65,completed,2025-11-29T14:26:34.931789,2025-11-29T14:35:48.220816,9.221483783333333,0.1292,0.137,0.1603,0.1292,55.05448916408669,401.85758513931887,0.3446390809623797,3.1344891640866877,6.037151702786378,True,trailing_stop,0,0,0,0,0,29712.66,0,0,0,False,False,False,False,0.351,0.3,0.2,1.0,0.3,0.9,0.5,0,0,up,0.27999999999999997,15.125000000000002,,,15974.534579871503,11,438,0.0,0.0,jupiter,True,10.0,14.535246412975663,False,,0,1.0,True,
2153f2f1-7a38-401d-82c5-508992eefb19,D4etaPUJYkmPWPBqSAxjsW5mSEATVBhTqGaT61pwJtwg,D4etaPUJ,completed,2025-11-29T14:31:58.714066,2025-11-29T14:41:30.155190,9.524018733333332,0.1897,0.3568,0.3972,0.1897,83.0063131259884,232.64101212440696,0.5176886763689756,38.8743131259884,88.08645229309435,True,trailing_stop,0,0,0,0,0,31236.89,0,0,0,False,False,False,False,0.351,0.3,0.2,1.0,0.3,0.9,0.5,0,0,up,0.27999999999999997,15.125000000000002,,,16034.02139451603,11,439,0.0,0.0,jupiter,True,10.0,10.171198388721045,False,100,1,1.0,True,
8f4e99f2-0ece-4586-83fd-080118648c29,ps6gFLaaN6eMNFbJW5TLLAAEmCuVy7SoSndvEkSUJfz,ps6gFLaa,completed,2025-11-29T14:32:42.839377,2025-11-29T14:41:30.217269,8.789631533333333,0.6532,0.4953,1.31,0.6532,33.463838946723826,67.56276791181874,0.20806233755105186,-10.668161053276178,-24.173300673606857,False,stop_loss,0,0,0,0,0,36805.41,0,0,0,False,False,False,False,0.351,0.3,0.2,1.0,0.3,0.9,0.5,0,0,up,0.27999999999999997,15.125000000000002,,,16083.563868695295,10,440,0.0,0.0,jupiter,True,10.0,62.19083969465649,False,100,1,1.0,True,
8c594fa6-9055-4ba7-894e-234bcdf15cad,6PVSU4fE2gKHUPbLHtFsBCUNYNEzy2ypCPsSWzxun1f3,6PVSU4fE,completed,2025-11-29T11:14:41.992753,2025-11-29T14:43:42.014936,209.00036971666665,8.516e-05,0.000424,0.0004586,8.516e-05,119.14751839674338,281008.29810552683,0.7429654742385954,95.2168517300767,397.8863316110849,True,low_liquidity,0,0,0,0,0,0.0,0,0,0,False,False,False,False,0.25216666666666665,0.1,0.2,0.4,0.3,0.9,0.5,0,0,up,0.25666666666666665,15.125000000000002,,,16036.750364321833,11,441,0.0,0.0,jupiter,True,10.0,7.544701264718704,False,"200,100,400,300",4,1.0,True,
6d30905e-ee39-4bf0-9e13-60a8198c3181,BkzfLhQZ4krHS5WmDhFgvPF1viLoxmLsgdFNPrTEmpc8,BkzfLhQZ,completed,2025-11-29T14:03:03.775406,2025-11-29T14:43:42.112161,40.638945916666664,0.2993,2.21,2.23,0.2993,76.67437353825595,34.694286668894094,0.4768537081064845,66.29037353825593,638.3895756765786,True,low_liquidity,0,0,0,0,0,55471.7,0,0,0,False,False,False,False,0.351,0.3,0.2,1.0,0.3,0.9,0.5,0,0,up,0.27999999999999997,15.125000000000002,,,16079.22350918032,10,442,0.0,0.0,jupiter,True,10.0,0.896860986547086,False,"400,100,500,200,600,300",6,1.0,True,
5aa20964-84aa-417b-9d90-7a431ee12f55,AENkbZc5U91ZsaEf2uT38TSCv1MnYYdzYbjmPEVHNaqL,AENkbZc5,completed,2025-11-29T14:33:57.035849,2025-11-29T14:46:10.031723,12.2165979,1.014e-05,1.197e-05,1.226e-05,1.014e-05,58.016331360946765,4846811.308349771,0.3583757629588547,8.869664694280088,18.04733727810652,True,low_liquidity,0,0,0,0,0,0.0,0,0,0,False,False,False,False,0.38566666666666666,0.5,0.2,0.2,0.3,0.9,0.5,0,0,sideways,0.18666666666666665,0.0,,,16188.68722648737,11,443,0.0,0.0,jupiter,True,10.0,2.3654159869494205,False,,0,1.0,True,
4087e890-dcb7-414a-a957-cdd0d97c4949,6HiZYhBoN1T2PNXH4LXfvXbg2x8j5BQbQJVfgwm6YM6V,6HiZYhBo,completed,2025-11-29T14:42:49.515859,2025-11-29T14:47:49.996559,5.0080116666666665,0.00014,0.0001396,0.0001437,0.00014,59.65573333333335,427333.33333333343,0.3673010898448874,-0.17093333333332594,-0.2857142857142733,False,low_liquidity,0,0,0,0,0,265685.56,0,0,0,False,False,False,False,0.25216666666666665,0.1,0.2,0.4,0.3,0.9,0.5,0,0,up,0.25666666666666665,15.125000000000002,,,16241.643431694194,11,444,0.0,0.0,jupiter,True,10.0,2.853166318719549,False,,0,1.0,True,
f8bf0a7d-b0b6-44bf-aaba-878caaa00d7a,26EQZWZ5kXxDXWSoLGykQ9eBGh3RPLFyJABrq8vhxDGj,26EQZWZ5,completed,2025-11-29T13:43:53.616584,2025-11-29T16:02:07.491895,138.23125518333333,3.912e-06,9.13473e-06,9.408e-06,3.912e-06,114.49624384202453,12534168.370824812,0.6853408271910808,65.46257717535786,133.5053680981595,True,low_liquidity,0,0,0,0,0,20.32,0,0,0,False,False,False,False,0,0,0,0,0,0,0.5,0,0,,0,0,,,16706.46768722297,11,101,0.0,0.0,jupiter,True,10.0,2.9046556122449068,False,100,1,1.0,True,
6f2f3141-e553-4cda-a485-188718d3733d,HX7RTLSpcNqKEf8xEXb41VRQjspVuhwjGkX8nsw9iJjY,HX7RTLSp,completed,2025-11-29T13:56:33.193999,2025-11-29T16:02:07.572133,125.57296889999999,0.0001274,3.00366e-05,0.0001886,0.0001274,14.138106593406594,470695.9706959707,0.08412366946285377,-45.82856007326008,-76.42339089481946,False,low_liquidity,0,0,0,0,0,40.15,0,0,0,False,False,False,False,0,0,0,0,0,0,0.5,0,0,,0,0,,,16806.336056999407,10,102,0.0,0.0,jupiter,True,10.0,84.07391304347826,False,,0,1.0,True,
0418f511-f5ae-423b-b446-20ae0bf0e8fa,CrknNB2T9itgzuHFTRwpUNJjxDy8RG3dhUgZFo2yRkHU,CrknNB2T,completed,2025-11-29T14:26:25.502551,2025-11-29T16:02:07.633274,95.70217871666667,0.0001159,0.000132759,0.0001341,0.0001159,66.9636854184642,504400.34512510785,0.39971658740846133,8.503685418464197,14.546160483175157,True,low_liquidity,0,0,0,0,0,148454.68,0,0,0,False,False,False,False,0,0,0,0,0,0,0.5,0,0,,0,0,,,16752.791234564284,9,103,0.0,0.0,jupiter,True,10.0,0.9999999999999997,False,,0,1.0,True,
ed092eba-8191-4f80-bd7b-2067d81f6547,5vqxxvsZyCr72YkFGoBPh3BaPLGpkpqBwhWwFdDaxSUz,5vqxxvsZ,completed,2025-11-29T14:38:11.206931,2025-11-29T16:02:07.697525,83.9415099,3.149e-06,4.80051e-06,4.849e-06,3.149e-06,86.72118520165131,18064994.17804594,0.5182967920701006,29.83451853498465,52.44553826611623,True,low_liquidity,0,0,0,0,0,5.93,0,0,0,False,False,False,False,0,0,0,0,0,0,0.5,0,0,,0,0,,,16731.954842954558,8,104,0.0,0.0,jupiter,True,10.0,0.9999999999999953,False,,0,1.0,True,
2cc7daf2-19f5-4ee4-907f-bf368168f05f,2VRfcNhEPR1xwoMyfdM5dLaDTj9Ngi6GxbY1NX8JtmaM,2VRfcNhE,completed,2025-11-29T14:44:33.073004,2025-11-29T16:02:07.762925,77.57816535,0.0009305,0.0037511099999999998,0.003789,0.0009305,137.89948429876407,36762.31416801002,0.8267790953630973,103.69215096543074,303.1284255776464,True,low_liquidity,0,0,0,0,0,0.0,0,0,0,False,False,False,False,0,0,0,0,0,0,0.5,0,0,,0,0,,,16679.120828303312,7,105,0.0,0.0,jupiter,True,10.0,1.0000000000000016,False,"200,100",2,1.0,True,
cedd1e96-961a-4784-8b57-ab9cad7512d8,8qSMrPn7PFq2LNpsSErjuPHmNtPGaP49rkEodPNJYsEH,8qSMrPn7,completed,2025-11-29T14:44:42.273143,2025-11-29T16:02:07.826055,77.42588186666667,3.785e-05,0.00013266,0.000134,3.785e-05,197.72239894319685,1490444.738000881,1.1898886261716468,141.30906560986352,250.48877146631438,True,low_liquidity,0,0,0,0,0,0.0,0,0,0,False,False,False,False,0,0,0,0,0,0,0.5,0,0,,0,0,,,16616.88284048481,6,106,0.0,0.0,jupiter,True,10.0,1.0000000000000082,False,,0,1.0,True,
9163f941-9a4a-42a1-8a6d-bb8da78971e8,2bozC2SYXGpUwVM4GZcdRazCw6XRhr2pb9FY4wVtz3mM,2bozC2SY,completed,2025-11-29T14:46:32.413797,2025-11-29T16:02:07.889930,75.59126888333334,7.207e-06,8.37144e-06,8.456e-06,7.207e-06,57.08732776467325,6819296.054761576,0.3406908702328745,7.940661098006572,16.157069515748585,True,low_liquidity,0,0,0,0,0,0.0,0,0,0,False,False,False,False,0,0,0,0,0,0,0.5,0,0,,0,0,,,16756.342113204268,5,107,0.0,0.0,jupiter,True,10.0,0.9999999999999971,False,,0,1.0,True,
aa7c50f9-139f-4344-8ca2-ebe327e47cf1,ArXvz5kKvtM8ddedH31vy6FdU27HAYia5AqsehHqsZnV,ArXvz5kK,completed,2025-11-29T14:48:59.751478,2025-11-29T16:02:07.994730,73.13738753333334,0.001099,0.00108801,0.001099,0.001099,55.803,51289.05065210798,0.33301525954184424,-0.5636666666666668,-1.0000000000000002,False,low_liquidity,0,0,0,0,0,0.0,0,0,0,False,False,False,False,0,0,0,0,0,0,0.5,0,0,,0,0,,,16756.889782399958,4,108,0.0,0.0,jupiter,True,10.0,1.0000000000000002,False,,0,1.0,True,
c042c96a-c97a-4fb5-b279-ccec3e423687,3CkuZ7xEAXuJLuyu4U2xrrdzU6N113N4GHwQehr2xwqo,3CkuZ7xE,completed,2025-11-29T16:03:35.493096,2025-11-29T16:05:49.071298,2.226303366666667,0.00126429,0.000981981,0.001356,0.00126429,42.30154609600647,43077.76433149569,0.2506668954941522,-12.161240570660212,-22.32944973067887,False,stop_loss,0,0,0,0,0,53222.09,0,0,0,False,False,False,False,0.31716666666666665,0.2,0.2,1.0,0.3,0.9,0.5,0,0,sideways,0.25666666666666665,0.0,,,16875.601388294737,9,109,0.0,0.0,jupiter,True,10.0,27.582522123893803,False,,0,1.0,True,
1b15239b-b66a-4934-9d9f-e150d2b3ab1a,9ecvsSyPZkehBvbDtTY1wP3cYZkk5nzmgRV8gkbJUERH,9ecvsSyP,completed,2025-11-29T16:07:32.222007,2025-11-29T16:08:04.677361,0.5409225666666667,0.0258888,0.0234135,0.0258888,0.0258888,48.72646640168722,2081.1269738265196,0.28821494695618155,-5.151413598312783,-9.561277463613608,False,stop_loss,0,0,0,0,0,22754.67,0,0,0,False,False,False,False,0.3245,0.3,0.2,0.4,0.3,0.9,0.5,0,0,sideways,0.21000000000000002,0.0,,,16906.29404070959,9,110,0.0,0.0,jupiter,True,10.0,9.561277463613608,False,,0,1.0,True,
b2336eb4-7f51-42cc-a617-3a21da225798,CKZmWi7V5imjWTXfq1EVkGdPnpViYte39L8Yzkuub7JW,CKZmWi7V,completed,2025-11-29T16:03:42.149738,2025-11-29T16:10:39.558554,6.9568136,0.9911309999999999,1.3464,1.62,0.9911309999999999,74.17447994261103,55.09096846599155,0.4386624829753689,19.57211327594436,35.844807598591935,True,trailing_stop,0,0,0,0,0,61199.15,0,0,0,False,False,False,False,0.3154166666666667,0.2,0.2,1.0,0.3,0.9,0.5,0,0,up,0.2916666666666667,16.25,,,16909.237243061874,9,111,0.0,0.0,jupiter,True,10.0,16.888888888888893,False,,0,1.0,True,
3cc9d25e-bd4d-47de-9414-eddd2f5ec8ff,DwMSU7uFURY9DuRG3Q1cWnSeSawMUEnTMW59MRS95L8T,DwMSU7uF,completed,2025-11-29T12:13:40.217699,2025-11-29T16:14:25.582317,240.75607696666665,0.0001242,0.00115533,0.001182,0.0001242,50.858085507246315,44020.397208802955,0.2968369649430721,45.390752173912986,830.2173913043478,True,low_liquidity,0,0,0,0,0,0.12,0,0,0,False,False,False,False,0,0,0,0,0,0,0.5,0,0,,0,0,,,17133.339682609934,10,112,0.0,0.0,jupiter,True,10.0,2.2563451776649845,False,"400,700,100,500,200,600,300",7,1.0,True,
0c482707-5193-4fe3-b67f-767f4b861572,Hc74vaTy7XpBzBdSxtuwapsZG8h54ojRfHmG8ma84iM4,Hc74vaTy,completed,2025-11-29T16:15:36.284663,2025-11-29T16:16:16.767001,0.6747056333333333,0.030692699999999996,0.0124938,0.030692699999999996,0.030692699999999996,18.79849858604815,1504.6261814698612,0.10885648740025765,-27.382541413951852,-59.29390376213236,False,low_liquidity,0,0,0,0,0,0.0,0,0,0,False,False,False,False,0.421,0.5,0.2,1.0,0.3,0.9,0.5,0,0,sideways,0.27999999999999997,0.0,,,17269.06593717965,10,113,0.0,0.0,jupiter,True,10.0,59.29390376213236,False,,0,1.0,True,
3a8e5604-cb08-4585-90e6-29b13f4e4fdd,CvZEJcw8dNe661hKPh4j7mfRn1bPrX3B9cEyTr8ytmz9,CvZEJcw8,completed,2025-11-29T14:30:05.183717,2025-11-29T16:18:51.833964,108.77750411666666,0.5379,2.8215,2.85,0.5379,108.93644171779141,38.60940695296524,0.6287648723196227,88.16844171779141,424.53987730061345,True,low_liquidity,0,0,0,0,0,71404.56,0,0,0,False,False,False,False,0,0,0,0,0,0,0.5,0,0,,0,0,,,17325.465609410712,11,114,0.0,0.0,jupiter,True,10.0,1.0000000000000069,False,"200,100,400,300",4,1.0,True,
9a104569-d1fd-4fe1-9861-e6b300375e24,3qxZQkXDuq3MG9vYAzCnBLuPr4Hb4F2ZkFttEWYPPNAc,3qxZQkXD,completed,2025-11-29T14:43:04.965616,2025-11-29T16:18:51.936563,95.78284911666667,0.6,1.782,1.8,0.6,100.23156,56.24666666666667,0.5782758609438866,66.48356,197.0,True,low_liquidity,0,0,0,0,0,45306.13,0,0,0,False,False,False,False,0,0,0,0,0,0,0.5,0,0,,0,0,,,17332.827940699055,10,115,0.0,0.0,jupiter,True,10.0,1.0000000000000009,False,"200,100",2,1.0,True,
34241b7b-679a-4f7e-9158-a6f655716ee8,331EV3jVRoFxzLt1c1wYvef9CLBusXjegmmkXiVLSasF,331EV3jV,completed,2025-11-29T16:04:37.052276,2025-11-29T16:20:36.635264,15.9930498,0.0175272,0.0302247,0.03757,0.0175272,25.141220347581548,831.8104182202486,0.14384633017333828,10.561912785351607,72.44454333835411,True,trailing_stop,0,0,0,0,0,13192.51,0,0,0,False,False,False,False,0.491,0.7,0.2,1.0,0.3,0.9,0.5,0,0,sideways,0.27999999999999997,0.0,,,17477.83229317409,11,116,0.0,0.0,jupiter,True,10.0,19.55097151982965,False,100,1,1.0,True,
ad1ea283-de55-4749-90f2-e2fc5c2dc8ed,FtnakrvzRenWrf2RyVcgjdR8jB7i3ciihHgAFXDHonDZ,Ftnakrvz,completed,2025-11-29T16:13:54.693833,2025-11-29T16:21:12.021440,7.28879345,5.018969999999999e-05,0.000196713,0.0001987,5.018969999999999e-05,139.2914383470314,708094.7285996929,0.8013781308479582,103.7523763470314,291.9389834966139,True,low_liquidity,0,0,0,0,0,5.14,0,0,0,False,False,False,False,0.3145,0.3,0.2,0.2,0.3,0.9,0.5,0,0,sideways,0.21000000000000002,0.0,,,17381.48733852316,10,117,0.0,0.0,jupiter,True,10.0,1.0000000000000033,False,"200,100",2,1.0,True,
8535d189-b320-4650-b4e4-94f8f01e71a3,8AqGNjwU11f7hb6F6tUANCqE76zWrb7qLdgmJhxZMgog,8AqGNjwU,completed,2025-11-29T16:17:20.709897,2025-11-29T16:22:46.043607,5.4222285,0.5808899999999999,0.628056,0.8383,0.5808899999999999,55.967294182099884,89.1119489059891,0.320539149592942,4.203054182099885,8.119609564633588,True,trailing_stop,0,0,0,0,0,41759.17,0,0,0,False,False,False,False,0.351,0.3,0.2,1.0,0.3,0.9,0.5,0,0,up,0.27999999999999997,15.125000000000002,,,17460.361473215886,9,118,0.0,0.0,jupiter,True,10.0,25.079804365978774,False,,0,1.0,True,
7b6ec795-a315-48ef-b617-ac0ee3af6114,jUdxTSaKsJdxMTMQzYC8U2R2UMCBTezMC69UHYtqx2R,jUdxTSaK,completed,2025-11-29T16:20:04.305941,2025-11-29T16:22:46.146734,2.69734655,1.2683099999999999e-05,1.0355399999999999e-05,1.308e-05,1.2683099999999999e-05,37.629565100645735,3633810.871684893,0.2152949034096076,-8.458421566020924,-18.352768644889654,False,stop_loss,0,0,0,0,0,13137.82,0,0,0,False,False,False,False,0.4221666666666667,0.5,0.2,1.0,0.3,0.9,0.5,0,0,sideways,0.25666666666666665,0.0,,,17478.149507819006,8,119,0.0,0.0,jupiter,True,10.0,20.830275229357806,False,,0,1.0,True,
03f05c62-4cc0-48a2-a8b2-de45beb39841,EX6s4aL5mueZrwYTrD1ZLKvqb67TubEoLuhwR38srSxj,EX6s4aL5,completed,2025-11-29T16:19:57.996309,2025-11-29T16:24:58.029171,5.0005477,0.0009366599999999999,0.000859221,0.001383,0.0009366599999999999,50.00271892851196,58195.41064349214,0.28602997222726523,-4.5065944048213815,-8.267567740695652,False,trailing_stop,0,0,0,0,0,49913.72,0,0,0,False,False,False,False,0.3165833333333333,0.2,0.2,1.0,0.3,0.9,0.5,0,0,sideways,0.2683333333333333,0.0,,,17481.636116365553,10,120,0.0,0.0,jupiter,True,10.0,37.872668112798266,False,,0,1.0,True,
ff3e7899-02df-458e-a9f4-03456408bec2,3cawE7ejFSVTZwRHihtocjXBxytUZYqdNgJs1vhHnUcy,3cawE7ej,completed,2025-11-29T16:24:47.604770,2025-11-29T16:25:09.364583,0.36266355,1.0904249999999998e-05,9.9891e-06,1.0904249999999998e-05,1.0904249999999998e-05,49.44136920558501,4949531.910340772,0.2828812090024084,-4.529564127748345,-8.392599215902035,False,stop_loss,0,0,0,0,0,19711.25,0,0,0,False,False,False,False,0.3233333333333333,0.3,0.2,0.4,0.3,0.9,0.5,0,0,sideways,0.23333333333333334,0.0,,,17477.784890676172,9,121,0.0,0.0,jupiter,True,10.0,8.392599215902035,False,,0,1.0,True,
ffc92c62-c7b8-4272-8444-78bb1a810674,DbX51QjMPrVJy33NtyGYBX3Zo5rtSE63TSHhGN54oeY8,DbX51QjM,completed,2025-11-29T16:09:51.669018,2025-11-29T16:31:13.608677,21.36566098333333,1.43715e-05,1.89882e-05,2.182e-05,1.43715e-05,71.43149926061997,3761888.9236799683,0.4070343733590649,17.367512593953307,32.123995407577496,True,trailing_stop,0,0,0,0,0,30191.67,0,0,0,False,False,False,False,0.32216666666666666,0.3,0.2,0.4,0.3,0.9,0.5,0,0,sideways,0.25666666666666665,0.0,,,17549.25478925259,11,122,0.0,0.0,jupiter,True,10.0,12.978001833180578,False,,0,1.0,True,
4eb47bb9-4637-4566-b3bb-afcbc99cf7cb,J8iFPGCMaPaMNUQNq8MVV1NpeDaTT5nbMVYsnAWWpEKJ,J8iFPGCM,completed,2025-11-29T16:24:05.126135,2025-11-29T16:31:13.706952,7.143013616666667,0.00020441699999999998,0.000247401,0.0002786,0.00020441699999999998,66.14024694404087,267340.2570888592,0.3767888935715089,11.491353610707534,21.027605336151122,True,trailing_stop,0,0,0,0,0,87668.97,0,0,0,False,False,False,False,0.3148333333333333,0.2,0.2,1.0,0.3,0.9,0.5,0,0,up,0.30333333333333334,17.375000000000004,,,17553.661499178037,10,123,0.0,0.0,jupiter,True,10.0,11.198492462311552,False,,0,1.0,True,
87c70e8f-434e-4ea7-9ecf-ece7cdb6a4fb,Hhpbz3nEidhedJGdWRsnTqc7AaYLqA99NywLb2WF7r52,Hhpbz3nE,completed,2025-11-29T16:13:38.543667,2025-11-29T16:33:13.064717,19.575350833333335,0.176277,0.16344899999999998,0.9886,0.176277,19.198904596198027,117.46113219535164,0.10950882021957897,-1.5067914038019716,-7.277183069827604,False,trailing_stop,0,0,0,0,0,38985.86,0,0,0,False,False,False,False,0.351,0.3,0.2,1.0,0.3,0.9,0.5,0,0,up,0.27999999999999997,15.125000000000002,,,17531.834018211324,11,124,0.0,0.0,jupiter,True,10.0,83.46661946186526,False,"200,100,400,300",4,1.0,True,
a7d8b958-f7b2-4711-af9f-a7f0b93a6462,wYiEnssAGYCffQjhmAN5jfyrFjYkGffPpawMcABUtrM,wYiEnssA,completed,2025-11-29T16:27:49.912889,2025-11-29T16:33:59.197801,6.154748533333334,0.6248085,0.683397,0.6903,0.6248085,56.61818993064276,82.84816867888321,0.32369142512828725,4.853949930642752,9.377033122948879,True,low_liquidity,0,0,0,0,0,13678.38,0,0,0,False,False,False,False,0.351,0.3,0.2,1.0,0.3,0.9,0.5,0,0,up,0.27999999999999997,15.125000000000002,,,17491.40864890181,10,125,0.0,0.0,jupiter,True,10.0,0.9999999999999988,False,,0,1.0,True,
a6c85062-3757-45d3-949b-8a99172e1abf,7g2FxAZYmMdjdfWsn5DY61sFwFDB4yj6Pov2c2ThQgB1,7g2FxAZY,completed,2025-11-29T16:28:12.238909,2025-11-29T16:35:38.607778,7.439481150000001,1.4783549999999998e-05,1.48995e-05,1.735e-05,1.4783549999999998e-05,53.68416436782776,3603084.960423354,0.3062722129559693,0.4177777011610945,0.784317704475595,True,trailing_stop,0,0,0,0,0,26592.08,0,0,0,False,False,False,False,0.33216666666666667,0.3,0.2,0.6,0.3,0.9,0.5,0,0,sideways,0.25666666666666665,0.0,,,17528.251697957847,10,126,0.0,0.0,jupiter,True,10.0,14.123919308357355,False,,0,1.0,True,
5ac0a35c-8ef8-4147-b792-40728b193d04,5BzCXnPJLzM25hxvt2Kbpug4gPecYpMKY2bgCXbjhod2,5BzCXnPJ,completed,2025-11-29T16:23:42.347870,2025-11-29T16:37:15.929480,13.5596935,1.3054949999999998e-05,1.5117300000000002e-05,1.546e-05,1.3054949999999998e-05,63.20506157802214,4180975.5431209365,0.35968042079043694,8.62263491135548,15.797456137327254,True,low_liquidity,0,0,0,0,0,0.0,0,0,0,False,False,False,False,0.31566666666666665,0.3,0.2,0.2,0.3,0.9,0.5,0,0,sideways,0.18666666666666665,0.0,,,17572.56106382497,10,127,0.0,0.0,jupiter,True,10.0,2.216688227684342,False,,0,1.0,True,
6347260a-053a-4e2c-bebc-4f7a90c87b3a,2VsFJk7jsaKxqWYBKQ3S1VuzMMepQucuDbTJQz8UkknG,2VsFJk7j,completed,2025-11-29T16:02:43.207906,2025-11-29T16:38:00.858103,35.29416995,0.11195699999999999,1.2969,1.31,0.11195699999999999,53.49570886679705,41.248908062916996,0.30372236162162536,48.87760486679705,1058.3911680377287,True,low_liquidity,0,0,0,0,0,32926.48,0,0,0,False,False,False,False,0.421,0.5,0.2,1.0,0.3,0.9,0.5,0,0,sideways,0.27999999999999997,0.0,,,17613.358654652347,9,128,0.0,0.0,jupiter,True,10.0,1.0000000000000084,False,"400,700,100,500,200,600,300",7,1.0,True,
cb8cb5b6-0493-4501-95db-ab55c0b19e8f,Fr66tcVehixogtZPyMVUSxVK7QEyH6AJKtvAq5qCBqxL,Fr66tcVe,completed,2025-11-29T16:26:08.669097,2025-11-29T16:39:30.240967,13.359531166666667,3.6360899999999995e-06,5.17077e-06,5.223e-06,3.6360899999999995e-06,79.65214750575484,15404310.674378252,0.45212580485271253,23.640687505754826,42.2068760674241,True,low_liquidity,0,0,0,0,0,2.87,0,0,0,False,False,False,False,0.29774999999999996,0.2,0.2,0.6,0.3,0.9,0.5,0,0,sideways,0.24500000000000005,0.0,,,17617.253129735174,10,129,0.0,0.0,jupiter,True,10.0,0.9999999999999936,False,,0,1.0,True,
615b16d3-13aa-4f9a-adfb-580f333a3d09,HkHJf3Socyreq7a5C7BZZym8E5TRhFCGnDF6NmBhHSYB,HkHJf3So,completed,2025-11-29T16:03:16.913036,2025-11-29T16:41:06.942091,37.833817583333335,0.8792745,2.9106,2.94,0.8792745,111.37846942405359,38.26649811861939,0.635574383716726,77.7317134240536,231.02290581610183,True,low_liquidity,0,0,0,0,0,73553.75,0,0,0,False,False,False,False,0.351,0.3,0.2,1.0,0.3,0.9,0.5,0,0,up,0.27999999999999997,15.125000000000002,,,17524.065204253842,10,130,0.0,0.0,jupiter,True,10.0,0.9999999999999957,False,"200,100",2,1.0,True,
caeecabe-4363-4cee-b6fc-75e04bfbc714,G1cyvuwW2pTtdnGTcApMYzVd1WMcNWLSaGFcJzG19cW2,G1cyvuwW,completed,2025-11-29T16:34:33.384823,2025-11-29T16:41:07.021119,6.560604933333334,0.28984199999999993,0.0979011,0.8074,0.28984199999999993,14.861923500267046,151.80548022715828,0.08434644786631185,-29.13768049973295,-66.22259713913095,False,low_liquidity,0,0,0,0,0,2480.98,0,0,0,False,False,False,False,0.351,0.3,0.2,1.0,0.3,0.9,0.5,0,0,up,0.27999999999999997,15.125000000000002,,,17620.094119224825,9,131,0.0,0.0,jupiter,True,10.0,87.87452316076295,False,100,1,1.0,True,
5ac96a50-c20c-4337-b821-cbe0a3dd3542,5SRD4VubUhAMRn8TMJXqV9agKRiNvK7y5AwTsLSajTdt,5SRD4Vub,completed,2025-11-29T16:42:39.375171,2025-11-29T16:43:31.796064,0.87368155,0.41586899999999993,0.439065,0.4435,0.41586899999999993,57.64793269154471,131.29703504388806,0.32703235250640655,3.045566024878034,5.577717983307257,True,low_liquidity,0,0,0,0,0,0.0,0,0,0,False,False,False,False,0.3154166666666667,0.2,0.2,1.0,0.3,0.9,0.5,0,0,up,0.2916666666666667,16.25,,,17627.593187562503,11,132,0.0,0.0,jupiter,True,10.0,1.000000000000005,False,,0,1.0,True,
922c0490-0be8-447f-b77f-21b7e6535c5f,C7GqbifnKNmC8uWJJU4UwxMhENdo4t2uAsdvgRhvG9xt,C7Gqbifn,completed,2025-11-29T16:38:24.175871,2025-11-29T16:45:29.938238,7.09603945,0.00017406599999999998,0.00018275399999999998,0.0001846,0.00017406599999999998,57.376534488297544,313955.0132325287,0.32529282415151123,2.727641154964208,4.991210230602183,True,low_liquidity,0,0,0,0,0,2.37,0,0,0,False,False,False,False,0.3148333333333333,0.2,0.2,1.0,0.3,0.9,0.5,0,0,up,0.30333333333333334,17.375000000000004,,,17638.426128199295,10,133,0.0,0.0,jupiter,True,10.0,1.000000000000005,False,,0,1.0,True,
24d87a93-d101-45a0-b834-ff2f05ed2047,3f1H1WdQY6ZHG1CHLCZvF39nFz9oJcL31FyEi6yo1CUK,3f1H1WdQ,completed,2025-11-29T16:36:24.362304,2025-11-29T16:45:30.030179,9.094464583333332,0.6633,0.947727,1.7,0.6633,62.86689687940299,66.33439469320066,0.3565474393027119,18.867292879402985,42.88059701492537,True,trailing_stop,0,0,0,0,0,51243.2,0,0,0,False,False,False,False,0.351,0.3,0.2,1.0,0.3,0.9,0.5,0,0,up,0.27999999999999997,15.125000000000002,,,17632.126878361465,9,134,0.0,0.0,jupiter,True,10.0,44.25135294117647,False,100,1,1.0,True,
d8106361-37fc-4ec7-a022-c048f02a9c15,Hzb7xqWUnT9ojtDtvnzxa6k5PARuXG7ULq1urkUPKkfo,Hzb7xqWU,completed,2025-11-29T16:40:50.726166,2025-11-29T16:46:03.494859,5.21281155,0.01890405,0.0186219,0.01890405,0.01890405,45.491770746268664,2442.9177874582433,0.25765393733654396,-0.6892692537313394,-1.4925373134328273,False,low_liquidity,0,0,0,0,0,41041.98,0,0,0,False,False,False,False,0.421,0.5,0.2,1.0,0.3,0.9,0.5,0,0,sideways,0.27999999999999997,0.0,,,17656.151975216257,8,135,0.0,0.0,jupiter,True,10.0,1.4925373134328273,False,,0,1.0,True,
ade9d834-b255-4485-95d2-5de46e341343,6JNU26TdJRoQJypsYN1L3cF75gJFQQEw7aKfzyZ1HCj8,6JNU26Td,completed,2025-11-29T16:43:07.689876,2025-11-29T16:51:40.960946,8.554517833333334,0.28230449999999996,0.220572,0.5815,0.28230449999999996,36.26293678400451,164.4040802277919,0.20353703399540604,-10.149074882662157,-21.867345366439423,False,stop_loss,0,0,0,0,0,49984.81,0,0,0,False,False,False,False,0.3154166666666667,0.2,0.2,1.0,0.3,0.9,0.5,0,0,up,0.2916666666666667,16.25,,,17816.382636696468,11,136,0.0,0.0,jupiter,True,10.0,62.06844368013758,False,100,1,1.0,True,
4dc5e722-a455-46a6-9e7d-7965a9f7f4d0,5WrTwwMX4ABPNgsV7wzxxoxFKV2JNJKh4Beicx3mQ9n5,5WrTwwMX,completed,2025-11-29T16:32:01.677802,2025-11-29T16:52:15.823455,20.235760883333334,3.65217e-05,6.86664e-05,6.936e-05,3.65217e-05,107.07218157139454,1559309.670688933,0.6045666554460888,50.12354157139454,88.0153443021546,True,low_liquidity,0,0,0,0,0,0.0,0,0,0,False,False,False,False,0.286,0.2,0.2,0.4,0.3,0.9,0.5,0,0,up,0.27999999999999997,15.125000000000002,,,17710.566834419555,10,137,0.0,0.0,jupiter,True,10.0,1.0000000000000044,False,,0,1.0,True,
49646997-f9f9-41b5-944c-20d52175b431,UGWD4DH48szs2dByQfhTU2uopHeddWgnMRuJxgAV4yQ,UGWD4DH4,completed,2025-11-29T16:46:40.342705,2025-11-29T16:52:15.917000,5.592904916666667,0.8216879999999999,0.905157,1.86,0.8216879999999999,48.46918728012093,53.54782350478528,0.2727837503974997,4.469583280120929,10.15823524257384,True,trailing_stop,0,0,0,0,0,50122.36,0,0,0,False,False,False,False,0.351,0.3,0.2,1.0,0.3,0.9,0.5,0,0,up,0.27999999999999997,15.125000000000002,,,17768.355779804246,9,138,0.0,0.0,jupiter,True,10.0,51.33564516129032,False,100,1,1.0,True,
3ee8ae54-6914-4eea-8be1-46132a5527f0,GtRbduzKHDfFZvWbbDkDose8QcNtghFVb4pqT9bNA7s4,GtRbduzK,completed,2025-11-29T16:47:01.966697,2025-11-29T16:53:41.583000,6.660271716666667,0.6533505,0.469953,1.65,0.6533505,31.64877948147587,67.34456314030524,0.1786237927701902,-12.350824518524126,-28.07030835669368,False,stop_loss,0,0,0,0,0,36128.76,0,0,0,False,False,False,False,0.351,0.3,0.2,1.0,0.3,0.9,0.5,0,0,up,0.27999999999999997,15.125000000000002,,,17718.1208564941,8,139,0.0,0.0,jupiter,True,10.0,71.51799999999999,False,100,1,1.0,True,
f894340c-ab8a-4bf8-ab39-96100b4faf20,aW9H5TmynSZEA5WERyP9CvEVgBEd7T9RuzCJUFfsS6g,aW9H5Tmy,completed,2025-11-29T16:32:54.690978,2025-11-29T16:56:14.886612,23.3365939,4.35366e-06,6.17166e-06,6.234e-06,4.35366e-06,80.53136975317321,13048575.221767435,0.45486451162524993,23.7223097531732,41.75796915698516,True,low_liquidity,0,0,0,0,0,5.2,0,0,0,False,False,False,False,0.28775,0.2,0.2,0.4,0.3,0.9,0.5,0,0,sideways,0.245,0.0,,,17704.474122509855,8,140,0.0,0.0,jupiter,True,10.0,0.9999999999999943,False,,0,1.0,True,
900c03ba-ac40-40c7-9819-67f315f8afc9,5Qfrxu9khGP7L4J6G5jFvGrtk8UNMBCDoVHqporGkjhN,5Qfrxu9k,completed,2025-11-29T16:42:45.839724,2025-11-29T17:00:46.257924,18.006970000000003,0.6238035,0.9999,1.01,0.6238035,82.97334589498135,82.98164405938729,0.46416930002842083,31.209105894981356,60.2908608239614,True,low_liquidity,0,0,0,0,0,25265.1,0,0,0,False,False,False,False,0.351,0.3,0.2,1.0,0.3,0.9,0.5,0,0,up,0.27999999999999997,15.125000000000002,,,17875.664308238596,9,141,0.0,0.0,jupiter,True,10.0,0.9999999999999999,False,,0,1.0,True,
3a0cb302-c920-4d35-afe0-dc22a32b3b3d,FKTyEsVJjyigrnAgj67fe5s16YP8V7vSiM4rcQBs9eit,FKTyEsVJ,completed,2025-11-29T16:02:20.912762,2025-11-29T17:02:19.755029,59.98070445,0.00011517299999999998,0.000183645,0.0001855,0.00011517299999999998,92.71310003907168,504849.5741189343,0.5164333536453769,34.568060039071675,59.45143392982734,True,low_liquidity,0,0,0,0,0,17.78,0,0,0,False,False,False,False,0.271,0.1,0.2,0.8,0.3,0.9,0.5,0,0,up,0.27999999999999997,17.375,,,17952.57788534233,11,142,0.0,0.0,jupiter,True,10.0,1.0000000000000082,False,,0,1.0,True,
550776ae-5df3-4a41-ba0d-9bb9eded52ae,5JQkgRMCC8aTXNEz5g7nWyAHyLBJc5JMrWjJfkWuQni6,5JQkgRMC,completed,2025-11-29T16:54:58.949678,2025-11-29T17:04:32.043608,9.5515655,0.7021934999999999,1.2474,2.15,0.7021934999999999,59.77122179911948,47.916644058938175,0.3297991432141203,26.124465799119484,77.64334189934829,True,trailing_stop,0,0,0,0,0,58896.03,0,0,0,False,False,False,False,0.351,0.3,0.2,1.0,0.3,0.9,0.5,0,0,up,0.27999999999999997,15.125000000000002,,,18123.52246176496,11,143,0.0,0.0,jupiter,True,10.0,41.981395348837204,False,"200,100",2,1.0,True,
2515b080-2af4-4c85-88a0-099cbf9edbe5,9T9LJ1R2fdEL69A1FivpLBFbhHnN7z1sUfFDVhGfWydj,9T9LJ1R2,completed,2025-11-29T17:01:51.289006,2025-11-29T17:06:48.453621,4.9527435833333335,6.002864999999999e-05,2.86506e-05,6.593e-05,6.002864999999999e-05,26.463618653692865,923667.1711479992,0.1456383574468279,-28.98287467964047,-52.27179022016987,False,low_liquidity,0,0,0,0,0,0.0,0,0,0,False,False,False,False,0.30483333333333335,0.2,0.2,0.8,0.3,0.9,0.5,0,0,up,0.30333333333333334,17.375000000000004,,,18170.77528037533,11,144,0.0,0.0,jupiter,True,10.0,56.543910207796145,False,,0,1.0,True,
da8b21ae-6c8e-4bfc-9492-556d1302201c,8x93orBm2V2tgFpUFgQGiRqCgFDJHDS1JS1yeVThN4QK,8x93orBm,completed,2025-11-29T16:57:59.933299,2025-11-29T17:06:48.555626,8.810372116666667,0.6613905,0.881496,2.045,0.6613905,44.844128887511985,50.872753690898186,0.24704975092914142,11.197372887511989,33.27920494775778,True,trailing_stop,0,0,0,0,0,49480.5,0,0,0,False,False,False,False,0.351,0.3,0.2,1.0,0.3,0.9,0.5,0,0,up,0.27999999999999997,15.125000000000002,,,18151.86160635885,10,145,0.0,0.0,jupiter,True,10.0,56.89506112469438,False,"200,100",2,1.0,True,
8dbbbb4a-5ff3-4325-8f05-c539f78edbc1,DxWDJUL28nrPqyJ2LyN9i8t1yuVQ3FvcFgcyjNUmJaMK,DxWDJUL2,completed,2025-11-29T16:49:14.927260,2025-11-29T17:07:09.899448,17.916203133333333,4.1003999999999996e-05,0.000108207,0.0001093,4.1003999999999996e-05,124.37186368407961,1149388.3360972914,0.6882422939379024,77.24234435074628,163.8937664618086,True,low_liquidity,0,0,0,0,0,0.0,0,0,0,False,False,False,False,0.30483333333333335,0.2,0.2,0.8,0.3,0.9,0.5,0,0,up,0.30333333333333334,17.375000000000004,,,18070.941698811268,9,146,0.0,0.0,jupiter,True,10.0,0.9999999999999979,False,100,1,1.0,True,
bbefcee2-59a7-4ba3-863d-151047232484,GYbA12ADgyezjWHnd6tbroWjbdBrnX9X9V5M1FRyKtfT,GYbA12AD,completed,2025-11-29T17:01:42.067098,2025-11-29T17:08:33.273318,6.853437,0.14873999999999998,0.29997,0.303,0.14873999999999998,88.73578870431628,295.81554390211113,0.4918924055128959,44.73618470431627,101.67406212182335,True,low_liquidity,0,0,0,0,0,0.0,0,0,0,False,False,False,False,0.351,0.3,0.2,1.0,0.3,0.9,0.5,0,0,up,0.27999999999999997,15.125000000000002,,,18039.67447145103,9,147,0.0,0.0,jupiter,True,10.0,0.9999999999999926,False,100,1,1.0,True,
0532fa7c-22c2-43f9-b7a4-4b1211c13d9a,AFLNvwaenU42gYSGNC4hFp2vt7q1xXEXL5LTSNyMbdoG,AFLNvwae,completed,2025-11-29T16:59:18.519844,2025-11-29T17:08:33.360625,9.247346349999999,0.3331575,0.207801,1.21,0.3331575,20.986559040561897,100.9935420934543,0.11590338164731803,-12.660196959438101,-37.626798136016745,False,stop_loss,0,0,0,0,0,39566.57,0,0,0,False,False,False,False,0.351,0.3,0.2,1.0,0.3,0.9,0.5,0,0,up,0.27999999999999997,15.125000000000002,,,18106.942819340526,8,148,0.0,0.0,jupiter,True,10.0,82.82636363636364,False,"200,100",2,1.0,True,
6d4becc5-3eb3-4f73-92b2-f874e94df86e,B9HDCeBgnTmwnvPsay21fHdT9G3Kt6DGryp9EjpfA8F1,B9HDCeBg,completed,2025-11-29T17:05:32.093994,2025-11-29T17:12:27.741536,6.927459033333333,4.6772699999999994e-05,1.8126899999999997e-05,6.039e-05,4.6772699999999994e-05,21.797566859385928,1202498.3234522135,0.12005513395789269,-34.446526473947415,-61.24470043422766,False,low_liquidity,0,0,0,0,0,0.0,0,0,0,False,False,False,False,0.29483333333333334,0.2,0.2,0.6,0.3,0.9,0.5,0,0,up,0.30333333333333334,17.375000000000004,,,18156.297145135883,9,149,0.0,0.0,jupiter,True,10.0,69.98360655737706,False,,0,1.0,True,
5cd0a952-1969-47d6-b772-72f6510d8b39,4wyKVQNBsUvDARaDZHkxGjJFeQHM41zbkHQcohnkZqMx,4wyKVQNB,completed,2025-11-29T17:12:17.917384,2025-11-29T17:13:01.903281,0.7330982833333334,0.0394965,0.019235699999999998,0.0394965,0.0394965,22.491224061068703,1169.243857050625,0.123836232351293,-23.6898159389313,-51.29770992366412,False,stop_loss,0,0,0,0,0,7309.79,0,0,0,False,False,False,False,0.421,0.5,0.2,1.0,0.3,0.9,0.5,0,0,sideways,0.27999999999999997,0.0,,,18162.07069128736,8,150,0.0,0.0,jupiter,True,10.0,51.29770992366412,False,,0,1.0,True,
422f37e2-19df-4eab-96ef-022f89cf1296,7kJEXBFwnc8zzXFFuXQE4EsGymeK1UFGMGbhnNPe259c,7kJEXBFw,completed,2025-11-29T17:04:26.535517,2025-11-29T17:14:53.214938,10.444657016666667,1.41906e-05,1.5345e-05,1.575e-05,1.41906e-05,58.36144856454275,3803287.6223227596,0.3210247713272364,4.390515231209395,8.134962580863391,True,low_liquidity,0,0,0,0,0,0.0,0,0,0,False,False,False,False,0.3233333333333333,0.3,0.2,0.4,0.3,0.9,0.5,0,0,sideways,0.23333333333333334,0.0,,,18179.73370816673,11,151,0.0,0.0,jupiter,True,10.0,2.571428571428574,False,,0,1.0,True,
1031ef54-dc0b-4472-86ae-b61468c82f1d,9RwUwpuZffxn6Yy6gcWMBNnS7Mbcur8znZy7xyMEC4hY,9RwUwpuZ,completed,2025-11-29T17:09:58.516083,2025-11-29T17:15:27.956475,5.4906732,1.3266e-05,1.386e-05,1.573e-05,1.3266e-05,56.38754228855723,4068365.2444846486,0.3096933694306081,2.41660895522388,4.477611940298506,True,trailing_stop,0,0,0,0,0,25652.8,0,0,0,False,False,False,False,0.3233333333333333,0.3,0.2,0.4,0.3,0.9,0.5,0,0,sideways,0.23333333333333334,0.0,,,18207.53940978119,10,152,0.0,0.0,jupiter,True,10.0,11.888111888111892,False,,0,1.0,True,
9e3de1e3-0ac2-4bd5-a83a-6dd05f906707,3sDk64YJF3p69CPdPU3w4K2L7gCTUNE981w2NK6YDUJi,3sDk64YJ,completed,2025-11-29T17:14:01.122818,2025-11-29T17:17:13.779035,3.21093695,4.7245049999999996e-05,5.2371e-05,5.29e-05,4.7245049999999996e-05,62.34641326361175,1190475.898180515,0.34247619832440507,6.102319930278413,10.849708064654397,True,low_liquidity,0,0,0,0,0,0.0,0,0,0,False,False,False,False,0.29483333333333334,0.2,0.2,0.6,0.3,0.9,0.5,0,0,up,0.30333333333333334,17.375000000000004,,,18204.59744900436,11,153,0.0,0.0,jupiter,True,10.0,1.0000000000000022,False,,0,1.0,True,
d2e76c14-6b51-41ed-9209-e914a7301f22,Huu1tUyZSCMQ6bmv9WZ5cCo3xwnJjh7nhtwHEP4cv1Ji,Huu1tUyZ,completed,2025-11-29T17:07:48.582177,2025-11-29T17:17:13.857529,9.421255866666666,0.6330494999999999,1.2672,1.86,0.6330494999999999,88.07573213279534,69.50420780681449,0.4845238850490274,44.076128132795326,100.17392004890617,True,trailing_stop,0,0,0,0,0,59328.64,0,0,0,False,False,False,False,0.351,0.3,0.2,1.0,0.3,0.9,0.5,0,0,up,0.27999999999999997,15.125000000000002,,,18177.78954775021,10,154,0.0,0.0,jupiter,True,10.0,31.87096774193548,False,100,1,1.0,True,
17781d73-b2dd-41a2-8efc-9bf4dff2788d,AtqtwxZdsctpzmkHPXygQ31sJ5HXSG9zsRrpazN12STZ,AtqtwxZd,completed,2025-11-29T16:38:17.518014,2025-11-29T17:19:17.046408,40.9921399,0.00017607599999999997,0.0005060879999999999,0.0005112,0.00017607599999999997,140.51264366019217,277644.68562817574,0.7722721015029222,91.62607799352553,187.42588427724394,True,low_liquidity,0,0,0,0,0,12.36,0,0,0,False,False,False,False,0.27891666666666665,0.2,0.2,0.2,0.3,0.9,0.5,0,0,sideways,0.22166666666666668,0.0,,,18194.70668262389,11,155,0.0,0.0,jupiter,True,10.0,1.0000000000000084,False,100,1,1.0,True,
45efb9b1-11d2-49d0-88fb-f89cedf6416f,Cs3a2KJiHBGv7xSTXBnYdm6uNRJYn79JW4xkR4UTAcnD,Cs3a2KJi,completed,2025-11-29T17:16:42.967893,2025-11-29T17:19:17.160909,2.5698836,1.4602649999999998e-05,1.32363e-05,1.521e-05,1.4602649999999998e-05,41.7755967523703,3156138.5547600384,0.22837434800657563,-4.312389914296371,-9.356863309056902,False,stop_loss,0,0,0,0,0,17157.38,0,0,0,False,False,False,False,0.4221666666666667,0.5,0.2,1.0,0.3,0.9,0.5,0,0,sideways,0.25666666666666665,0.0,,,18292.595957917063,10,156,0.0,0.0,jupiter,True,10.0,12.976331360946741,False,,0,1.0,True,
60229315-16d5-44c8-8094-c818d48e3e37,EXSEaLnqyNJaGyKwRE8nJSzp3kvfpcA3odsWWoGDqrDK,EXSEaLnq,completed,2025-11-29T17:14:10.996371,2025-11-29T17:20:03.266647,5.871171266666667,0.26592299999999996,0.460746,0.5796,0.26592299999999996,76.23500616563443,165.45994141161168,0.4178492887364443,32.235402165634426,73.26293701560228,True,trailing_stop,0,0,0,0,0,35786.59,0,0,0,False,False,False,False,0.351,0.3,0.2,1.0,0.3,0.9,0.5,0,0,up,0.27999999999999997,15.125000000000002,,,18244.617909046905,9,157,0.0,0.0,jupiter,True,10.0,20.506211180124225,False,100,1,1.0,True,
f6d658f9-b9e6-4257-97e0-93a7051c0a23,DrENkQFhYBBGtHPzwzbhHze4r9zsZae7fKApHQNYmjy7,DrENkQFh,completed,2025-11-29T17:20:17.384972,2025-11-29T17:21:23.980807,1.1099305833333333,1.221075e-05,1.29789e-05,1.311e-05,1.221075e-05,58.01608070462502,4470030.642398433,0.31695282943081743,3.433654037958358,6.290768380320623,True,low_liquidity,0,0,0,0,0,0.0,0,0,0,False,False,False,False,0.31566666666666665,0.3,0.2,0.2,0.3,0.9,0.5,0,0,sideways,0.18666666666666665,0.0,,,18304.326485682446,10,158,0.0,0.0,jupiter,True,10.0,0.999999999999996,False,,0,1.0,True,
e235bc88-aa83-4c5d-b138-2193bf21f11c,Fvtiq6diVMtbXzWh9F5Zu1Luaf7ytyyU6Uiin8CdK182,Fvtiq6di,completed,2025-11-29T17:13:47.236432,2025-11-29T17:26:18.802868,12.526107266666665,8.559584999999999e-06,1.03059e-05,1.05e-05,8.559584999999999e-06,58.99598287814189,5724486.253324977,0.320397475336273,9.996756211475217,20.401865277346996,True,low_liquidity,0,0,0,0,0,0.0,0,0,0,False,False,False,False,0.38566666666666666,0.5,0.2,0.2,0.3,0.9,0.5,0,0,sideways,0.18666666666666665,0.0,,,18413.373206584318,11,159,0.0,0.0,jupiter,True,10.0,1.8485714285714165,False,,0,1.0,True,
79973e83-175a-44b7-80aa-a8625cd02938,EMtw5JBZMHNUowTfd86WvDuiTBfLkue6zk1FQskgqE27,EMtw5JBZ,completed,2025-11-29T17:17:08.118763,2025-11-29T17:27:59.927110,10.86347245,4.58079e-05,7.58142e-05,8.807e-05,4.58079e-05,91.7665192002253,1210413.3420945588,0.4991235141436839,36.32002586689196,65.50464002933994,True,trailing_stop,0,0,0,0,0,93305.97,0,0,0,False,False,False,False,0.30483333333333335,0.2,0.2,0.8,0.3,0.9,0.5,0,0,up,0.30333333333333334,17.375000000000004,,,18385.533159595492,11,160,0.0,0.0,jupiter,True,10.0,13.9159759282389,False,,0,1.0,True,
e89e0255-3889-437e-a9f5-ade53edd9106,5xHyDkmYXQbjbVBNEV4inaCqSRbYsyhNrNK7xUPbGgef,5xHyDkmY,completed,2025-11-29T16:47:05.604601,2025-11-29T17:34:24.171252,47.30944418333333,4.228034999999999e-06,8.5833e-06,8.67e-06,4.228034999999999e-06,96.81272480003128,11279196.206590854,0.5236018153648422,49.12388846669792,103.00919930889884,True,low_liquidity,0,0,0,0,0,12.16,0,0,0,False,False,False,False,0.2965833333333333,0.2,0.2,0.6,0.3,0.9,0.5,0,0,sideways,0.2683333333333333,0.0,,,18489.76110454713,11,161,0.0,0.0,jupiter,True,10.0,1.0000000000000044,False,100,1,1.0,True,
af7a65ae-38d8-47b4-8299-06fc7b583913,48vxRSwKxTcw6BUoy1LbWFwNGTbzw9tHXKBk7vhidHcS,48vxRSwK,completed,2025-11-29T17:20:30.984687,2025-11-29T17:36:35.695232,16.078509083333334,4.5013949999999996e-05,3.1343399999999995e-05,9.007e-05,4.5013949999999996e-05,33.760612414604815,1077120.3001143723,0.1822817085871347,-14.724826918728533,-30.369585428517166,False,low_liquidity,0,0,0,0,0,0.0,0,0,0,False,False,False,False,0.2848333333333333,0.2,0.2,0.4,0.3,0.9,0.5,0,0,up,0.30333333333333334,17.375000000000004,,,18521.119138219234,10,162,0.0,0.0,jupiter,True,10.0,65.20106583768181,False,100,1,1.0,True,
abca5c7c-172e-4718-898b-f26ebecf9a86,C4yChpsQxThSwo8tAvtNErpX2bvNVzUijUAGuGvkNkZo,C4yChpsQ,completed,2025-11-29T17:18:48.997768,2025-11-29T17:38:02.389926,19.223202633333337,7.180725e-06,8.5239e-06,8.61e-06,7.180725e-06,70.69390306967613,8293610.092759902,0.3821045940374605,11.139769736342782,18.7052839372069,True,low_liquidity,0,0,0,0,0,4.11,0,0,0,False,False,False,False,0.2533333333333333,0.1,0.2,0.4,0.3,0.9,0.5,0,0,sideways,0.23333333333333334,0.0,,,18501.191603769486,9,163,0.0,0.0,jupiter,True,10.0,1.0000000000000087,False,,0,1.0,True,
5ad34fb9-fc63-4b68-be5e-8ed39b65bdf4,6DeLWBvQUqYM5EkKtLdTpZ3ArdwCuMyRTsGbzHYsW5VK,6DeLWBvQ,completed,2025-11-29T17:26:34.182358,2025-11-29T17:38:37.320027,12.052294483333332,1.0341449999999999e-05,1.1969099999999999e-05,1.222e-05,1.0341449999999999e-05,56.81895754927983,4747137.006899419,0.30669736081045695,7.726677549279838,15.739088812497279,True,low_liquidity,0,0,0,0,0,0.0,0,0,0,False,False,False,False,0.3845,0.5,0.2,0.2,0.3,0.9,0.5,0,0,sideways,0.21000000000000002,0.0,,,18526.06667339231,8,164,0.0,0.0,jupiter,True,10.0,2.0531914893617125,False,,0,1.0,True,
6f159e1b-f981-42f1-a6e9-1812bd80f2b4,5gVNaV2JzBC1yYGQQKJgtVsGBABc4NPsDMrjECfk6rbf,5gVNaV2J,completed,2025-11-29T17:22:48.548337,2025-11-29T17:42:15.108555,19.4426703,5.8722149999999995e-05,3.52242e-05,0.0001098,5.8722149999999995e-05,33.259313061119194,944217.6986594214,0.17967364689055218,-22.187180272214146,-40.01547967845182,False,low_liquidity,0,0,0,0,0,0.0,0,0,0,False,False,False,False,0.30483333333333335,0.2,0.2,0.8,0.3,0.9,0.5,0,0,up,0.30333333333333334,17.375000000000004,,,18510.95785982406,9,165,0.0,0.0,jupiter,True,10.0,67.91967213114754,False,,0,1.0,True,
a6c575ad-6145-4bf9-8679-a739ef996c75,3sTu5HosXVBehFDsXwvE4RoDZYPfz5M4XLJcdUA9nugA,3sTu5Hos,completed,2025-11-29T13:44:13.160422,2025-11-29T17:44:45.709352,240.54248216666667,0.0001792,0.0012375,0.001268,0.0001792,75.70479910714292,61175.59523809528,0.40752576554916076,64.74213244047624,590.5691964285716,True,low_liquidity,0,0,0,0,0,69.14,0,0,0,False,False,False,False,0,0,0,0,0,0,0.5,0,0,,0,0,,,18576.690238254512,11,166,0.0,0.0,jupiter,True,10.0,2.405362776025231,False,"400,100,500,200,600,300",6,1.0,True,
b2c19471-4014-49e0-9179-159613e7e85c,EhhYw1EYPDugoyw24iT8NrSWEznDMqtktHe3HcKTp2XC,EhhYw1EY,completed,2025-11-29T17:41:46.157252,2025-11-29T17:46:32.886115,4.778814383333333,0.005844074999999999,0.00885753,0.01192,0.005844074999999999,59.49486533737505,6716.868623349292,0.3200147973064331,20.24098133737505,51.56427663916021,True,trailing_stop,0,0,0,0,0,17665.35,0,0,0,False,False,False,False,0.421,0.5,0.2,1.0,0.3,0.9,0.5,0,0,sideways,0.27999999999999997,0.0,,,18591.285727455033,11,167,0.0,0.0,jupiter,True,10.0,25.691862416107377,False,100,1,1.0,True,
90f867d2-9c2a-43f4-b433-5f87917f7e33,HfRRy1mSQQJ8FH1eDaCGS1LCXmioG4Km5L13nS5Yy2x9,HfRRy1mS,completed,2025-11-29T17:13:50.704585,2025-11-29T17:48:51.857337,35.01921253333333,4.6601849999999995e-05,6.95574e-05,8.98e-05,4.6601849999999995e-05,85.98305630106961,1236145.3461611506,0.4624253430518065,28.376396301069605,49.25888135342268,True,trailing_stop,0,0,0,0,0,116174.29,0,0,0,False,False,False,False,0.27775,0.2,0.2,0.2,0.3,0.9,0.5,0,0,sideways,0.245,0.0,,,18593.932532680577,11,168,0.0,0.0,jupiter,True,10.0,22.541870824053454,False,,0,1.0,True,
6081ce86-c9c3-436f-a2e9-191d45684980,7TGwrGX246SzHMPJkT1SWxjxPPG7HbG2MainLuDWwmiu,7TGwrGX2,completed,2025-11-29T17:42:04.744886,2025-11-29T17:48:51.951275,6.78677315,0.8810834999999999,0.860112,1.14,0.8810834999999999,50.532150465739065,58.75066324587852,0.27126094645839444,-1.2320895342609368,-2.3801943856626444,False,trailing_stop,0,0,0,0,0,48880.37,0,0,0,False,False,False,False,0.351,0.3,0.2,1.0,0.3,0.9,0.5,0,0,up,0.27999999999999997,15.125000000000002,,,18628.61245803756,10,169,0.0,0.0,jupiter,True,10.0,24.551578947368416,False,,0,1.0,True,
e68200b4-e543-4eda-9731-0c21c4d3fb37,CCWAFVzy4GW41XRX583ppsz3G5X2rFe221ThJLT87bid,CCWAFVzy,completed,2025-11-29T17:43:58.921678,2025-11-29T17:55:05.209057,11.104789649999999,7.447049999999999e-06,8.42292e-06,8.773e-06,7.447049999999999e-06,55.63063600217537,6604673.438923244,0.2956879788515781,6.445302668842031,13.10411505226903,True,low_liquidity,0,0,0,0,0,0.0,0,0,0,False,False,False,False,0.3833333333333333,0.5,0.2,0.2,0.3,0.9,0.5,0,0,sideways,0.23333333333333334,0.0,,,18813.966065931756,11,170,0.0,0.0,jupiter,True,10.0,3.9904251681294944,False,,0,1.0,True,
36751dfb-e121-4ff9-aa03-1219b6e97728,8oKmgvJka3RH4qQ7xbU5oRMUGFug15MM4jAJD2WZgGVt,8oKmgvJk,completed,2025-11-29T17:45:51.897056,2025-11-29T17:55:05.287664,9.223176800000001,5.4581549999999996e-05,5.92911e-05,6.99e-05,5.4581549999999996e-05,61.09709530484203,1030459.8043355922,0.3248512587618527,4.853001971508691,8.628465113211337,True,trailing_stop,0,0,0,0,0,104586.61,0,0,0,False,False,False,False,0.29483333333333334,0.2,0.2,0.6,0.3,0.9,0.5,0,0,up,0.30333333333333334,17.375000000000004,,,18807.713886567417,10,171,0.0,0.0,jupiter,True,10.0,15.177253218884129,False,,0,1.0,True,
a37c234c-a38b-4f08-9713-f495cf215a3a,4ZaRrgB3yCoousA1MQwnCPNqcqebBYjKauoqiNs6NULL,4ZaRrgB3,completed,2025-11-29T17:01:57.815120,2025-11-29T17:55:27.014361,53.48665401666666,0.00022381349999999996,0.00170478,0.001722,0.00022381349999999996,89.3675559645866,52421.75293268727,0.4759072517343807,77.6348599645866,661.6966804951445,True,low_liquidity,0,0,0,0,0,1704184.32,0,0,0,False,False,False,False,0.2645,0.1,0.2,0.6,0.3,0.9,0.5,0,0,sideways,0.21000000000000002,0.0,,,18778.355580609124,9,172,0.0,0.0,jupiter,True,10.0,1.0000000000000047,False,"400,100,500,200,600,300",6,1.0,True,
563563d6-46d6-4afc-97d6-9e5de102d25d,Fm1SnjFyuqT8TXov4EmqRuE6MuP2zq3oLv8QkyfewgsE,Fm1SnjFy,completed,2025-11-29T17:50:38.829592,2025-11-29T17:59:19.553955,8.678739383333333,1.2250949999999998e-05,1.6255799999999998e-05,1.877e-05,1.2250949999999998e-05,61.15420384998714,3761992.87946377,0.32455137844446386,15.066217183320477,32.69011790922337,True,trailing_stop,0,0,0,0,0,17435.51,0,0,0,False,False,False,False,0.4221666666666667,0.5,0.2,1.0,0.3,0.9,0.5,0,0,sideways,0.25666666666666665,0.0,,,18842.68806470395,10,173,0.0,0.0,jupiter,True,10.0,13.394778902504015,False,,0,1.0,True,
9aa4ef98-36e1-43f4-9279-50cc1497dd31,GYWYSYGon3WdzcGzJDmf8c9hLFsqGyLS79MrUjP2zc4Z,GYWYSYGo,completed,2025-11-29T17:56:07.429633,2025-11-29T17:59:19.655763,3.2037688333333336,0.543102,0.176814,0.7899,0.543102,16.852529232740814,95.312188134089,0.08922992343614265,-34.91171076725919,-67.44368461173038,False,stop_loss,0,0,0,0,0,22179.25,0,0,0,False,False,False,False,0.351,0.3,0.2,1.0,0.3,0.9,0.5,0,0,up,0.27999999999999997,15.125000000000002,,,18886.63419598395,9,174,0.0,0.0,jupiter,True,10.0,77.61564755032282,False,,0,1.0,True,
789430b4-204d-491c-af03-ad83f2e8acb7,FhSEBKRigrMQwq8erqVzMfuhRbGSjpVJViykgBGx1B9x,FhSEBKRi,completed,2025-11-29T16:18:29.674864,2025-11-29T18:01:50.875538,103.35334456666666,5.334539999999999e-05,0.000105534,0.0001099,5.334539999999999e-05,94.57824899548979,896187.4750837625,0.502924104844453,46.770769662156454,97.83149062524605,True,low_liquidity,0,0,0,0,0,0.0,0,0,0,False,False,False,False,0.29483333333333334,0.2,0.2,0.6,0.3,0.9,0.5,0,0,up,0.30333333333333334,17.375000000000004,,,18805.67029586729,11,175,0.0,0.0,jupiter,True,10.0,3.9727024567788947,False,100,1,1.0,True,
943370cc-0acf-467c-875e-0b7a2d443c0b,HFTLRQkqH21oU2iFz8hMUXDBVoVDEZKESBetYsVeWFcJ,HFTLRQkq,completed,2025-11-29T17:48:15.961594,2025-11-29T18:01:50.970494,13.583481666666668,0.5714429999999999,1.6434,2.65,0.5714429999999999,74.4338035604601,45.29256636269935,0.39540338986093304,48.551683560460106,187.58773840960518,True,trailing_stop,0,0,0,0,0,67817.09,0,0,0,False,False,False,False,0.351,0.3,0.2,1.0,0.3,0.9,0.5,0,0,up,0.27999999999999997,15.125000000000002,,,18824.776283946165,10,176,0.0,0.0,jupiter,True,10.0,37.98490566037736,False,"200,100,300",3,1.0,True,
2873f2bd-c1d4-494d-9ffe-b72bd15f94c3,8SywN6T4uXdc8dRjrKhRCBo1EsSmEZ7Ws2RuDUcdTPS6,8SywN6T4,completed,2025-11-29T17:43:12.189105,2025-11-29T18:04:00.295698,20.80177655,4.0119599999999994e-05,3.45807e-05,0.000108,4.0119599999999994e-05,42.20547645895524,1220492.253163043,0.2243478309237258,-6.760184541044773,-13.80597014925372,False,low_liquidity,0,0,0,0,0,0.0,0,0,0,False,False,False,False,0.27775,0.2,0.2,0.2,0.3,0.9,0.5,0,0,sideways,0.245,0.0,,,18812.518171082447,10,177,0.0,0.0,jupiter,True,10.0,67.98083333333332,False,100,1,1.0,True,
42e0e01c-8cc1-45ab-9977-000cb1e10010,69JpRW4VT8dWwVDo39EkZnAu65T1qB2L6WyUEe1TAg57,69JpRW4V,completed,2025-11-29T17:50:29.343696,2025-11-29T18:22:22.228897,31.881420016666667,0.7604835,1.1979,1.21,0.7604835,81.53810450325352,68.06753861194885,0.4309317205878076,29.773864503253524,57.51821045427021,True,low_liquidity,0,0,0,0,0,30257.01,0,0,0,False,False,False,False,0,0,0,0,0,0,0.5,0,0,,0,0,,,18921.35125073466,11,101,0.0,0.0,jupiter,True,10.0,1.0,False,,0,1.0,True,
598ead1e-e8d5-4da5-8e8f-70afe4b2efc1,6r8x9Hg9tC1NtAktbEYb4kxvQcXR8We3kf9SD4SEkop8,6r8x9Hg9,completed,2025-11-29T18:04:35.997526,2025-11-29T18:22:22.313078,17.771925866666667,4.654155e-05,8.0784e-05,8.16e-05,4.654155e-05,97.6250863119084,1208470.5673389335,0.5164247029706502,41.38099297857507,73.57393554791365,True,low_liquidity,0,0,0,0,0,0.0,0,0,0,False,False,False,False,0,0,0,0,0,0,0.5,0,0,,0,0,,,18904.031071777892,10,102,0.0,0.0,jupiter,True,10.0,1.0000000000000004,False,,0,1.0,True,
24e3fa08-1c9d-48a3-b5cf-ef7e53f3a136,2Ehp4BUURR4WkodLB87Qsv3UScVqGNq7h8Hav8C5KCp7,2Ehp4BUU,completed,2025-11-29T18:04:48.826572,2025-11-29T18:22:22.392635,17.559434383333333,0.3076305,0.298782,0.3076305,0.3076305,50.275324311731126,168.26758075028323,0.2652970612154729,-1.488915688268878,-2.8763402848547144,False,low_liquidity,0,0,0,0,0,7541.62,0,0,0,False,False,False,False,0,0,0,0,0,0,0.5,0,0,,0,0,,,18950.57716862448,9,103,0.0,0.0,jupiter,True,10.0,2.8763402848547144,False,,0,1.0,True,
f993d7ee-ac4f-4289-b41d-8524a59af7f5,52aYWSDtcyHSpqYxtNytyEJ1u6EEnZrct5hHFQ5F6i2C,52aYWSDt,completed,2025-11-29T18:03:08.838516,2025-11-29T18:22:22.494234,19.2275953,0.9281174999999999,0.227502,0.9814,0.9281174999999999,13.384240272810286,58.83130817667663,0.0704909300545716,-41.21812639385638,-75.48780192163169,False,stop_loss,0,0,0,0,0,25097.83,0,0,0,False,False,False,False,0,0,0,0,0,0,0.5,0,0,,0,0,,,18987.180708849603,8,104,0.0,0.0,jupiter,True,10.0,76.81862645200735,False,,0,1.0,True,
3bd73778-1d80-4b47-8ce1-7ae7d853ff7f,CA1VVywLcnU4KGooTgXqJP7NfuTHr6BQPDpfRz9y7d8u,CA1VVywL,completed,2025-11-29T17:18:19.676094,2025-11-29T18:26:12.116215,67.87400201666667,0.00017788499999999997,0.000472923,0.0004777,0.00017788499999999997,123.49557744946456,261132.52569543998,0.6543850408492374,77.04401811613123,165.85884138628893,True,low_liquidity,0,0,0,0,0,20.68,0,0,0,False,False,False,False,0,0,0,0,0,0,0.5,0,0,,0,0,,,18872.004972668146,7,105,0.0,0.0,jupiter,True,10.0,1.0000000000000053,False,100,1,1.0,True,
4ff7b32b-ef3d-42e2-b1b3-6f17c53495dc,34ja4VUKsECWzxXKUiXpUFSCqUTnPJ88MQY18daMz2QE,34ja4VUK,completed,2025-11-29T18:00:19.448649,2025-11-29T18:26:12.201858,25.87922015,1.22208e-05,1.61766e-05,1.83e-05,1.22208e-05,72.25043231343284,4466354.630356987,0.3818300101024379,17.668005646766172,32.36940298507463,True,trailing_stop,0,0,0,0,0,27867.52,0,0,0,False,False,False,False,0,0,0,0,0,0,0.5,0,0,,0,0,,,18922.146086435005,6,106,0.0,0.0,jupiter,True,10.0,11.603278688524593,False,,0,1.0,True,
a8e73008-45f8-48e1-8954-303ae411217f,6CGujVGX4nsvyWV9ckMjoo38nUVB4rSYeFhw7tTtHiSK,6CGujVGX,completed,2025-11-29T18:00:35.370877,2025-11-29T18:26:12.268177,25.614955000000002,1.2301199999999998e-05,1.60281e-05,2.174e-05,1.2301199999999998e-05,71.11928859428349,4437162.770027856,0.3758482773379603,16.536861927616826,30.297044190810666,True,trailing_stop,0,0,0,0,0,27761.15,0,0,0,False,False,False,False,0,0,0,0,0,0,0.5,0,0,,0,0,,,18922.33991279771,5,107,0.0,0.0,jupiter,True,10.0,26.2736890524379,False,,0,1.0,True,
beecd214-1dda-4abc-b3fe-0d464df18e10,HRhPcB8iXxx14mdAvGgLfNcuKbygjCUHYWEUs3YvaAwi,HRhPcB8i,completed,2025-11-29T17:22:27.288115,2025-11-29T18:32:04.651943,69.62273046666665,4.5003899999999994e-06,6.83298e-06,6.902e-06,4.5003899999999994e-06,87.18210922066754,12759017.181473901,0.4602150989944214,29.761555887334215,51.830841327085,True,low_liquidity,0,0,0,0,0,4.91,0,0,0,False,False,False,False,0,0,0,0,0,0,0.5,0,0,,0,0,,,18943.77420713968,4,108,0.0,0.0,jupiter,True,10.0,1.0000000000000033,False,,0,1.0,True,
f90543bd-ddf2-4246-9218-28d41a444d63,4s4NUwtLSZaeM9VS7qmBCjp5x2YbN71Fep4dnNxZTHwo,4s4NUwtL,completed,2025-11-29T17:29:32.869700,2025-11-29T18:53:38.342215,84.09120858333334,0.000179493,0.00106425,0.001075,0.000179493,136.73492316692014,128480.07814603724,0.7198835533768801,113.67364850025348,492.92005816382823,True,low_liquidity,0,0,0,0,0,24.74,0,0,0,False,False,False,False,0,0,0,0,0,0,0.5,0,0,,0,0,,,18994.03348298685,3,109,0.0,0.0,jupiter,True,10.0,0.9999999999999916,False,"200,100,400,300",4,1.0,True,
97d7c2f6-916d-4d4d-a7ce-ba550859ee13,BfTHoSnD7cV1jjxFDfvBxMDhWdbbtY6M9HQoHn9yunE1,BfTHoSnD,completed,2025-11-29T17:58:30.759796,2025-11-29T19:00:36.103359,62.08905938333333,4.709429999999999e-06,6.55875e-06,6.625e-06,4.709429999999999e-06,78.00629020391005,11893469.061011635,0.40888151833453934,21.994830203910045,39.268446499894914,True,low_liquidity,0,0,0,0,0,13.36,0,0,0,False,False,False,False,0,0,0,0,0,0,0.5,0,0,,0,0,,,19077.969217500005,2,110,0.0,0.0,jupiter,True,10.0,1.0000000000000064,False,,0,1.0,True,
3bd8a98e-b47f-4793-8249-943f2c91b416,4FHQuExmUv75CD41U3Av5YNPLxqjAipGRyqCPx4defuB,4FHQuExm,completed,2025-11-29T20:05:34.966865,2025-11-29T20:11:36.443774,6.02461515,1.4431799999999998e-05,1.42263e-05,1.5e-05,1.4431799999999998e-05,53.29414858271318,3746170.724834509,0.2765298323418705,-0.7698380839534852,-1.423938801812652,False,low_liquidity,0,0,0,0,0,25815.82,0,0,0,False,False,False,False,0.32216666666666666,0.3,0.2,0.4,0.3,0.9,0.5,0,0,sideways,0.25666666666666665,0.0,,,19272.477089135995,5,101,0.0,0.0,jupiter,True,10.0,5.158000000000005,False,,0,1.0,True,
c5834a7c-57b3-41e3-b175-cd9aca46f1c4,48QYiLd56ZznVySXzXiMC7xtJRfxhtfMHXxJQgfsTuFv,48QYiLd5,completed,2025-11-29T20:06:54.104272,2025-11-29T20:17:01.346813,10.120709016666666,9.37866e-06,4.07484e-06,1.064e-05,9.37866e-06,20.084952195302954,4929016.156536933,0.10385596962664698,-26.142614471363714,-56.5520020983808,False,low_liquidity,0,0,0,0,0,0.0,0,0,0,False,False,False,False,0.42041666666666666,0.5,0.2,1.0,0.3,0.9,0.5,0,0,sideways,0.2916666666666667,0.0,,,19339.23708719545,5,102,0.0,0.0,jupiter,True,10.0,61.70263157894736,False,,0,1.0,True,
63bd0723-d29c-4b6d-8cba-a5c716ecdb1c,4jny8oCR2P2TbbovSKcJpBmUN2NVHLECTCL3pF1TKv4c,4jny8oCR,completed,2025-11-29T20:18:17.268181,2025-11-29T20:20:34.912898,2.294078616666667,0.5983769999999999,0.20502900000000002,0.5983769999999999,0.5983769999999999,17.736594760426957,86.50773676127258,0.09155170803305829,-34.02764523957304,-65.73581538060454,False,stop_loss,0,0,0,0,0,23722.35,0,0,0,False,False,False,False,0.351,0.3,0.2,1.0,0.3,0.9,0.5,0,0,up,0.27999999999999997,15.125000000000002,,,19373.308419349723,5,103,0.0,0.0,jupiter,True,10.0,65.73581538060454,False,,0,1.0,True,
4c3cafa5-c129-4f36-ae15-1d053792f09f,5otk7kgZciptfQrFdQkn8WT994NiEvVnasMm1xkSeTEB,5otk7kgZ,completed,2025-11-29T20:08:26.498309,2025-11-29T20:21:51.793256,13.421582449999999,5.30238e-05,0.000122859,0.0001241,5.30238e-05,109.20163428071923,888837.075677966,0.5661377466740848,62.0721149473859,131.7053851289421,True,low_liquidity,0,0,0,0,0,0.0,0,0,0,False,False,False,False,0.30483333333333335,0.2,0.2,0.8,0.3,0.9,0.5,0,0,up,0.30333333333333334,17.375000000000004,,,19288.880651793854,4,104,0.0,0.0,jupiter,True,10.0,0.9999999999999976,False,100,1,1.0,True,
ded5b729-7b5b-483b-8944-a223e56dfa88,Fx72kxsHDyBEdPxDsn2camxbPDtvHVpbqV86UTebaih7,Fx72kxsH,completed,2025-11-29T20:15:23.552325,2025-11-29T20:23:48.577484,8.417085983333333,1.5215699999999999e-05,1.82061e-05,2.089e-05,1.5215699999999999e-05,63.735034358721585,3500751.6359199164,0.32954603459432474,10.468647692054915,19.653384333287324,True,trailing_stop,0,0,0,0,0,29309.66,0,0,0,False,False,False,False,0.33216666666666667,0.3,0.2,0.6,0.3,0.9,0.5,0,0,sideways,0.25666666666666665,0.0,,,19340.25224645176,3,105,0.0,0.0,jupiter,True,10.0,12.847774054571579,False,,0,1.0,True,
0e356731-98d1-4a2d-b363-d55ceece5f18,CTtgykUk9fWTL376uU8Geyr2ohVpKJNyv26Zh5QtFigk,CTtgykUk,completed,2025-11-29T20:08:03.156213,2025-11-29T20:24:31.936496,16.479671383333333,5.1636899999999993e-05,1.94634e-05,7.947e-05,5.1636899999999993e-05,21.199980753763302,1089222.8877669524,0.10973922387067507,-35.04411257957003,-62.30718730210371,False,low_liquidity,0,0,0,0,0,0.0,0,0,0,False,False,False,False,0.29483333333333334,0.2,0.2,0.6,0.3,0.9,0.5,0,0,up,0.30333333333333334,17.375000000000004,,,19318.50801017779,2,106,0.0,0.0,jupiter,True,10.0,75.50849377123443,False,,0,1.0,True,
00ee29a5-2165-4f21-9dac-852816da551e,9r4kDWHfKGndDhJbPCtmb43q5r79n2QfzZcwXjQKYCD4,9r4kDWHf,completed,2025-11-29T20:25:54.723841,2025-11-29T20:28:08.541408,2.2302927833333333,0.09971609999999999,0.08133839999999999,0.1217,0.09971609999999999,37.66986378263891,463.12521247822576,0.1951717687090467,-8.511176217361088,-18.430022834828076,False,stop_loss,0,0,0,0,0,17737.03,0,0,0,False,False,False,False,0.421,0.5,0.2,1.0,0.3,0.9,0.5,0,0,sideways,0.27999999999999997,0.0,,,19300.877392157803,3,107,0.0,0.0,jupiter,True,10.0,33.16483155299919,False,,0,1.0,True,
00a861b3-111d-4bbe-82b6-42c267e35938,CKd5zaTpp4HLu7CcDS54kynCzzfLKbRF7AqZKkK8fWPw,CKd5zaTp,completed,2025-11-29T17:44:02.116835,2025-11-29T20:34:50.980302,170.81439111666666,0.0001775835,0.000878526,0.0008874,0.0001775835,135.17718049413378,153868.1615502942,0.7050478963652745,107.85273382746709,394.7115019131846,True,low_liquidity,0,0,0,0,0,46.49,0,0,0,False,False,False,False,0,0,0,0,0,0,0.5,0,0,,0,0,,,19172.765593800246,4,108,0.0,0.0,jupiter,True,10.0,0.9999999999999966,False,"200,100,300",3,1.0,True,
960f3659-4233-43e5-9aec-e5a909d93133,C5pmysy16k9LzG7vDrM3YAuhDygfiGqDvbjEoDrTvMwk,C5pmysy1,completed,2025-11-29T18:00:38.715454,2025-11-29T20:34:51.076336,154.20601470000003,0.00017888999999999996,0.00015048,0.001275,0.00017888999999999996,9.193991244675503,61097.762125701105,0.047641589334697344,-1.7357874219911655,-15.881267818212287,False,low_liquidity,0,0,0,0,0,82.01,0,0,0,False,False,False,False,0,0,0,0,0,0,0.5,0,0,,0,0,,,19298.246286631595,3,109,0.0,0.0,jupiter,True,10.0,88.19764705882353,False,"400,100,500,200,600,300",6,1.0,True,
09dbfb70-539c-4c18-b2bd-abea2fded1f2,5NbsUup8EwDqQb3GoPPSNfGxbaYbgYVGQQu9oD3bAvqP,5NbsUup8,completed,2025-11-29T20:27:23.356664,2025-11-29T20:42:14.788713,14.857200816666667,4.923494999999999e-05,5.7717e-05,6.725e-05,4.923494999999999e-05,66.59595502828786,1153836.0453295885,0.3441642083202082,9.786895028287853,17.227701053824603,True,trailing_stop,0,0,0,0,0,101531.01,0,0,0,False,False,False,False,0.28775,0.2,0.2,0.4,0.3,0.9,0.5,0,0,sideways,0.245,0.0,,,19350.052509332232,3,110,0.0,0.0,jupiter,True,10.0,14.175464684014857,False,,0,1.0,True,
0bb59c9b-0524-44e7-92db-e0ed516714f2,DDpvVVt7nc6p9ihmD1dae5DcqbQbRmJnhxLaT62h7PQG,DDpvVVt7,completed,2025-11-29T20:34:21.890313,2025-11-29T20:43:47.104036,9.420228716666665,0.712143,0.408474,1.33,0.712143,29.691152155901275,72.6879854186589,0.15361423572885918,-22.073087844098726,-42.64157620028561,False,stop_loss,0,0,0,0,0,33473.47,0,0,0,False,False,False,False,0.351,0.3,0.2,1.0,0.3,0.9,0.5,0,0,up,0.27999999999999997,15.125000000000002,,,19328.38581985879,5,111,0.0,0.0,jupiter,True,10.0,69.28766917293233,False,,0,1.0,True,
fb9a9572-1b21-4a9a-b698-b6bd38524614,23gSP2CvCXXZYRZQru7ESC2MrszK8V4zBn3B4v7nFhDs,23gSP2Cv,completed,2025-11-29T20:44:38.731874,2025-11-29T20:46:02.928529,1.4032775833333335,0.137685,0.09959399999999999,0.137685,0.137685,37.44349579518466,375.9613610778226,0.19354170052732905,-14.320744204815345,-27.66532301993682,False,stop_loss,0,0,0,0,0,30187.53,0,0,0,False,False,False,False,0.351,0.3,0.2,1.0,0.3,0.9,0.5,0,0,up,0.27999999999999997,15.125000000000002,,,19346.474528830262,6,112,0.0,0.0,jupiter,True,10.0,27.66532301993682,False,,0,1.0,True,
1101c878-6b38-473e-bd51-af359c0d3a8a,CpWuCnGR7Vj8oonA2EFcFCwupLTCk39JiMHftxtNsKEM,CpWuCnGR,completed,2025-11-29T20:43:14.508729,2025-11-29T20:49:49.298291,6.579826033333333,0.78189,0.952083,0.9617,0.78189,63.03169616176189,66.20399288902532,0.3258947567680155,11.267456161761888,21.76687257798412,True,low_liquidity,0,0,0,0,0,15068.35,0,0,0,False,False,False,False,0.351,0.3,0.2,1.0,0.3,0.9,0.5,0,0,up,0.27999999999999997,15.125000000000002,,,19341.12005570875,5,113,0.0,0.0,jupiter,True,10.0,0.9999999999999987,False,,0,1.0,True,
85ba932c-ec0e-4f7e-b8a4-f8d257e5c928,8zFwbRH62ebJxFK8moGEgHtJm1s9VgM312hJwNAbnbk2,8zFwbRH6,completed,2025-11-29T20:44:35.193730,2025-11-29T20:49:49.370348,5.236276966666667,0.5323484999999999,0.6661710000000001,0.6729,0.5323484999999999,64.77680603033541,97.23750513056768,0.3349624158158685,13.01256603033541,25.138137892752628,True,low_liquidity,0,0,0,0,0,42745.25,0,0,0,False,False,False,False,0.351,0.3,0.2,1.0,0.3,0.9,0.5,0,0,up,0.27999999999999997,15.125000000000002,,,19338.529629528268,4,114,0.0,0.0,jupiter,True,10.0,0.9999999999999978,False,,0,1.0,True,
0163bd2b-7b76-4c33-bd56-a4258de2ff23,9KnU7UyEaVkbEQTS9rFpbwMtC2YNrnL3tGUuxpSjZKAW,9KnU7UyE,completed,2025-11-29T20:43:11.136643,2025-11-29T20:55:52.863749,12.695451766666668,6.364665e-05,0.000118305,0.0001195,6.364665e-05,103.06272826299578,871161.2211064264,0.5325598994944467,47.61623492966245,85.87781132235554,True,low_liquidity,0,0,0,0,0,0.0,0,0,0,False,False,False,False,0.30483333333333335,0.2,0.2,0.8,0.3,0.9,0.5,0,0,up,0.30333333333333334,17.375000000000004,,,19352.326069017232,4,115,0.0,0.0,jupiter,True,10.0,1.0000000000000038,False,,0,1.0,True,
7e9dfdf8-b25f-449e-b596-756bd2adf3b2,DuznSny1KSqwEeKiQeDWxG77yu8DCWNdzBSw2NsacHrv,DuznSny1,completed,2025-11-29T20:32:09.793234,2025-11-29T20:58:50.385257,26.676533716666665,0.5778749999999999,1.4553,1.47,0.5778749999999999,110.8070494504867,76.14034869132598,0.5724029960298251,66.80744545048671,151.83646982478913,True,low_liquidity,0,0,0,0,0,36973.33,0,0,0,False,False,False,False,0.351,0.3,0.2,1.0,0.3,0.9,0.5,0,0,up,0.27999999999999997,15.125000000000002,,,19358.22317825763,3,116,0.0,0.0,jupiter,True,10.0,0.9999999999999957,False,100,1,1.0,True,
333ab877-d515-4506-b412-b986a3a4e54e,GcqRYMhQyvbCQtgTRkYnonUChPgEZNYrjhRwqjseqAsk,GcqRYMhQ,completed,2025-11-29T21:00:44.182335,2025-11-29T21:01:22.241334,0.63431665,0.6730484999999999,0.590931,0.6730484999999999,0.6730484999999999,47.940425001615786,81.12694206534398,0.24663392066950038,-6.661941665050881,-12.200829509314701,False,stop_loss,0,0,0,0,0,66088.47,0,0,0,False,False,False,False,0.3154166666666667,0.2,0.2,1.0,0.3,0.9,0.5,0,0,up,0.2916666666666667,16.25,,,19437.887891283994,8,117,0.0,0.0,jupiter,True,10.0,12.200829509314701,False,,0,1.0,True,
039d0eda-75a1-4cc9-acb8-e369272ac600,49y4UcRehstu8EXAdo7bMPzvm4VqzbjAjWyUUn1z2ACn,49y4UcRe,completed,2025-11-29T20:43:42.337467,2025-11-29T21:02:57.024300,19.244780549999998,5.139569999999999e-05,8.60112e-05,8.688e-05,5.139569999999999e-05,94.12503303801682,1094334.610353266,0.4840772124103364,37.880939704683485,67.35096515856387,True,low_liquidity,0,0,0,0,0,0.0,0,0,0,False,False,False,False,0.29483333333333334,0.2,0.2,0.6,0.3,0.9,0.5,0,0,up,0.30333333333333334,17.375000000000004,,,19444.218943780834,8,118,0.0,0.0,jupiter,True,10.0,0.9999999999999932,False,,0,1.0,True,
087ff1d2-efd2-4241-9a94-77cc5abc426d,2a4U3aabpbCkwsdCpAdaah4TbGVE9dnq3p9DYBGeLZTL,2a4U3aab,completed,2025-11-29T20:59:38.195742,2025-11-29T21:04:55.893141,5.2949566500000005,0.5395845,0.436887,0.8255,0.5395845,41.91210741020174,95.9335192171013,0.21525200415410142,-9.852132589798261,-19.03270016095718,False,stop_loss,0,0,0,0,0,34600.56,0,0,0,False,False,False,False,0.351,0.3,0.2,1.0,0.3,0.9,0.5,0,0,up,0.27999999999999997,15.125000000000002,,,19471.181034949328,8,119,0.0,0.0,jupiter,True,10.0,47.07607510599636,False,,0,1.0,True,
c6bfa028-cbd1-49ae-8583-d6ce05689c83,AE8593gSFniDgtaWcDrmBt5AJVghMN2BsqhQFF12p5dG,AE8593gS,completed,2025-11-29T21:02:30.422118,2025-11-29T21:04:55.976717,2.4259099833333333,0.8218889999999999,0.23235299999999998,0.9563,0.8218889999999999,14.634064279629001,62.98203285358486,0.07505347210718066,-37.13017572037099,-71.72939411526373,False,stop_loss,0,0,0,0,0,25228.44,0,0,0,False,False,False,False,0.351,0.3,0.2,1.0,0.3,0.9,0.5,0,0,up,0.27999999999999997,15.125000000000002,,,19498.184252862702,7,120,0.0,0.0,jupiter,True,10.0,75.7029174945101,False,,0,1.0,True,
6c0ed870-35ee-4b8a-abce-83049800d86e,EU5wvEQGkY9sQtwMXwQTqboNWfP2k6BxNhbdM5GbmxSD,EU5wvEQG,completed,2025-11-29T21:06:14.218699,2025-11-29T21:07:39.697320,1.4246436833333334,0.6346574999999999,0.197109,0.698,0.6346574999999999,16.076698978835044,81.56248055053318,0.0822577533966135,-35.68754102116496,-68.94246109121849,False,stop_loss,0,0,0,0,0,23270.17,0,0,0,False,False,False,False,0.351,0.3,0.2,1.0,0.3,0.9,0.5,0,0,up,0.27999999999999997,15.125000000000002,,,19544.296209160646,7,121,0.0,0.0,jupiter,True,10.0,71.760888252149,False,,0,1.0,True,
748f3de5-e2e6-4d34-9f2a-40bde1af517a,uz7g5np6mtDhXpWH2NbreVqjREhVhQx2jqStXWkxYU4,uz7g5np6,completed,2025-11-29T21:03:53.926526,2025-11-29T21:11:27.266997,7.555674516666667,0.5628,1.089,1.35,0.5628,85.1378265031983,78.1798223169865,0.4355637018201744,41.1382225031983,93.49680170575694,True,trailing_stop,0,0,0,0,0,54803.64,0,0,0,False,False,False,False,0.351,0.3,0.2,1.0,0.3,0.9,0.5,0,0,up,0.27999999999999997,15.125000000000002,,,19546.58437960197,9,122,0.0,0.0,jupiter,True,10.0,19.333333333333343,False,100,1,1.0,True,
4b57ff22-3546-4401-98cb-a1017c166ff9,AeLJYUCzrro4BLyLB7iU2bhSKtDiSJDgcfy5CLgCiB56,AeLJYUCz,completed,2025-11-29T21:10:27.295373,2025-11-29T21:13:50.108645,3.3802212000000003,0.18823649999999997,0.214236,0.2164,0.18823649999999997,58.91399234813653,274.99576330839136,0.30005724817498425,7.1497523481365315,13.812145890940409,True,low_liquidity,0,0,0,0,0,44244.62,0,0,0,False,False,False,False,0.351,0.3,0.2,1.0,0.3,0.9,0.5,0,0,up,0.27999999999999997,15.125000000000002,,,19634.250699313114,8,123,0.0,0.0,jupiter,True,10.0,0.9999999999999997,False,,0,1.0,True,
30524154-7897-410e-bf3e-4a8fd2667529,5NSfGrVW2QSNqqX2PFuaf7Aux48ua131ta4oD1anB88f,5NSfGrVW,completed,2025-11-29T20:36:10.126893,2025-11-29T21:15:15.647065,39.09200286666667,0.00017537249999999998,0.000344322,0.0003478,0.00017537249999999998,107.296276498995,311616.0933631746,0.5487261621809867,52.647383165661665,96.33751015695165,True,low_liquidity,0,0,0,0,0,12.02,0,0,0,False,False,False,False,0.3148333333333333,0.2,0.2,1.0,0.3,0.9,0.5,0,0,up,0.30333333333333334,17.375000000000004,,,19553.701626423528,9,124,0.0,0.0,jupiter,True,10.0,1.0000000000000029,False,,0,1.0,True,
4b0f9bf6-a1d0-4ec4-a782-e03e89193703,6ycvh2KBbhY8XpVcLzJETG4XuXd5Qf1mpBVpuxAuGWA2,6ycvh2KB,completed,2025-11-29T21:00:10.478247,2025-11-29T21:15:15.741762,15.08772525,6.091304999999999e-05,3.5620199999999995e-05,0.0001071,6.091304999999999e-05,32.423514859820685,910256.3955233459,0.16519076901423732,-23.02297847351265,-41.52287563994907,False,low_liquidity,0,0,0,0,0,0.0,0,0,0,False,False,False,False,0.30483333333333335,0.2,0.2,0.8,0.3,0.9,0.5,0,0,up,0.30333333333333334,17.375000000000004,,,19627.921737579778,8,125,0.0,0.0,jupiter,True,10.0,66.74117647058824,False,,0,1.0,True,
aad733c2-b32f-41d3-a0e3-3e6fbf530a56,3P942yhPqV8BmkDkH8YHS3BYg1Bf8kMn3QbwhaMZa5ji,3P942yhP,completed,2025-11-29T20:51:18.613642,2025-11-29T21:15:59.843804,24.68716936666667,0.0001257255,0.00024354000000000002,0.000246,0.0001257255,111.67867362468236,458563.9879472873,0.5705962847757197,54.0254869580157,93.70772039085153,True,low_liquidity,0,0,0,0,0,7.11,0,0,0,False,False,False,False,0.2771666666666667,0.2,0.2,0.2,0.3,0.9,0.5,0,0,sideways,0.25666666666666665,0.0,,,19572.274934909387,7,126,0.0,0.0,jupiter,True,10.0,1.0,False,,0,1.0,True,
d54de56d-c7eb-44cd-a81a-7700e31cd723,4v224FMU7qmqC3VAGByajUTwvZuFq1BGZQRShH9fmMCA,4v224FMU,completed,2025-11-29T21:10:46.434384,2025-11-29T21:15:59.943449,5.2251510833333334,0.00017145299999999999,0.000170775,0.0001725,0.00017145299999999999,54.432787755244874,318739.79069093766,0.2773131931064344,-0.21610557808845443,-0.3954436492799752,False,low_liquidity,0,0,0,0,0,68385.3,0,0,0,False,False,False,False,0.3148333333333333,0.2,0.2,1.0,0.3,0.9,0.5,0,0,up,0.30333333333333334,17.375000000000004,,,19628.632574416777,6,127,0.0,0.0,jupiter,True,10.0,1.0000000000000007,False,,0,1.0,True,
649ca9fe-359e-4462-bdc7-49eb7c36b1b6,7UPNMxdztdMN9amMAj9JAhdTPeJKwGWUKe3xKw8WkbBE,7UPNMxdz,completed,2025-11-29T21:00:17.659506,2025-11-29T21:19:20.183478,19.0420662,0.47144549999999996,0.6064740000000001,1.96,0.47144549999999996,33.295116497834854,54.89949527569995,0.16964740150976892,7.412996497834857,28.641380604969207,True,trailing_stop,0,0,0,0,0,40736.9,0,0,0,False,False,False,False,0.351,0.3,0.2,1.0,0.3,0.9,0.5,0,0,up,0.27999999999999997,15.125000000000002,,,19626.069248056003,7,128,0.0,0.0,jupiter,True,10.0,69.05744897959184,False,"200,100,300",3,1.0,True,
dca92719-aa13-4942-a4de-834ec89f6388,CuM7vFBqP8rcJGRWj9ekuBCWh1ZPmH5btXXxA73XQuRG,CuM7vFBq,completed,2025-11-29T21:14:04.901307,2025-11-29T21:19:20.277530,5.256270383333333,0.000929424,0.0010474199999999999,0.001485,0.000929424,61.4296004531839,58648.48910005911,0.3134608951648396,6.920287119850568,12.695605019883269,True,trailing_stop,0,0,0,0,0,54724.5,0,0,0,False,False,False,False,0.3165833333333333,0.2,0.2,1.0,0.3,0.9,0.5,0,0,sideways,0.2683333333333333,0.0,,,19597.213368793557,6,129,0.0,0.0,jupiter,True,10.0,29.466666666666676,False,,0,1.0,True,
f917bb17-f8b5-4167-84c8-9aaaa3a590ab,GksNUSsnQb6GrR4VLNqjeBpoC7MzLbEXTz2cpEGQSZNQ,GksNUSsn,completed,2025-11-29T21:10:59.922185,2025-11-29T21:23:59.146310,12.987068749999999,4.507424999999999e-05,0.000109296,0.0001104,4.507424999999999e-05,114.27961519173367,1045597.4161152618,0.5830430726614567,67.15009585840032,142.47990815154998,True,low_liquidity,0,0,0,0,0,0.0,0,0,0,False,False,False,False,0.30483333333333335,0.2,0.2,0.8,0.3,0.9,0.5,0,0,up,0.30333333333333334,17.375000000000004,,,19600.544205091686,7,130,0.0,0.0,jupiter,True,10.0,0.9999999999999953,False,100,1,1.0,True,
c406d329-01c2-4fb0-9f38-e5ada5513795,5sRH1UrX3HDaAMkBuH7pYdwrEJQpe9muSvFZTq5GH3pM,5sRH1UrX,completed,2025-11-29T21:17:16.640554,2025-11-29T21:23:59.254794,6.710237333333334,0.9744479999999999,1.5642,2.37,0.9744479999999999,74.50132654487466,47.629028605596886,0.37934965180077596,28.089314878207983,60.521649179843386,True,trailing_stop,0,0,0,0,0,65599.99,0,0,0,False,False,False,False,0.3154166666666667,0.2,0.2,1.0,0.3,0.9,0.5,0,0,up,0.2916666666666667,16.25,,,19639.22365322236,6,131,0.0,0.0,jupiter,True,10.0,34.0,False,100,1,1.0,True,
344c39a7-b9b5-4ec8-9ecb-e83609c3080a,8JoNfni51cKNMcUjAcv15GfpyW39ihdKSQP4XWwdzkGL,8JoNfni5,completed,2025-11-29T21:22:49.630673,2025-11-29T21:28:09.061257,5.323843066666667,0.0003526545,0.000347391,0.0003526545,0.0003526545,48.497056119403,139603.66307533297,0.24620227832798872,-0.7348038805970134,-1.4925373134328324,False,low_liquidity,0,0,0,0,0,54838.27,0,0,0,False,False,False,False,0.38275,0.5,0.2,0.2,0.3,0.9,0.5,0,0,sideways,0.245,0.0,,,19698.053344086282,6,132,0.0,0.0,jupiter,True,10.0,1.4925373134328324,False,,0,1.0,True,
783d1aa8-d8e3-4170-a728-6846f0cdfb10,4DFwpk2g7xuvGLAWaCEkKtHQvERYyDiUEwS3Wjed9JeM,4DFwpk2g,completed,2025-11-29T21:14:54.803387,2025-11-29T21:30:39.593880,15.746508216666665,0.34883549999999997,0.392733,0.3967,0.34883549999999997,58.27825799816819,148.39154845192076,0.29582046562719827,6.514017998168196,12.584011661657152,True,low_liquidity,0,0,0,0,0,42458.2,0,0,0,False,False,False,False,0.351,0.3,0.2,1.0,0.3,0.9,0.5,0,0,up,0.27999999999999997,15.125000000000002,,,19700.54974885077,6,133,0.0,0.0,jupiter,True,10.0,0.9999999999999996,False,,0,1.0,True,
dd14eace-9e89-4e1c-a8b4-04f5177b1ab3,9Fb3BsUQyJSVBQ5WJZX4pK1C2KHghx5RXQyEqZHs5ksf,9Fb3BsUQ,completed,2025-11-29T21:37:49.914972,2025-11-29T21:38:45.213780,0.9216468,0.18069899999999997,0.124146,0.18069899999999997,0.18069899999999997,31.727853457075035,255.56887420516998,0.16001754681305547,-14.453186542924968,-31.296797436621105,False,stop_loss,0,0,0,0,0,13973.52,0,0,0,False,False,False,False,0.421,0.5,0.2,1.0,0.3,0.9,0.5,0,0,sideways,0.27999999999999997,0.0,,,19827.733951040944,9,134,0.0,0.0,jupiter,True,10.0,31.296797436621105,False,,0,1.0,True,
ff8647dd-d379-47f4-85f6-22f4c4d44583,G6kSgH6ztiW5rmHzqyviRic4jS22oS5S9EiCcscu8TdJ,G6kSgH6z,completed,2025-11-29T21:24:45.945359,2025-11-29T21:42:48.788156,18.04737995,4.27326e-05,3.02247e-05,8.482e-05,4.27326e-05,40.279682476797575,1332674.3516659413,0.20277276263218824,-16.668957523202426,-29.270159082293144,False,low_liquidity,0,0,0,0,0,0.0,0,0,0,False,False,False,False,0.286,0.2,0.2,0.4,0.3,0.9,0.5,0,0,up,0.27999999999999997,15.125000000000002,,,19864.44429415865,11,135,0.0,0.0,jupiter,True,10.0,64.36606932327282,False,,0,1.0,True,
9576b212-e015-44f7-aeff-06b0e8c1f9db,GtXMbQNtnd8Nx2yfitercTpc6KWMU11pHfJbR2FWgL2h,GtXMbQNt,completed,2025-11-29T21:32:05.639460,2025-11-29T21:45:08.262629,13.043719483333332,4.86219e-06,6.04395e-06,6.105e-06,4.86219e-06,69.7407697685611,11538938.900646282,0.35070309128045246,13.63625643522775,24.305097085881055,True,low_liquidity,0,0,0,0,0,3.09,0,0,0,False,False,False,False,0.2965833333333333,0.2,0.2,0.6,0.3,0.9,0.5,0,0,sideways,0.2683333333333333,0.0,,,19885.986608766547,10,136,0.0,0.0,jupiter,True,10.0,1.0000000000000004,False,,0,1.0,True,
7ee98058-84c0-4e1f-a173-f657c29786b2,F82sBBHGqxYsTwtGwmVVhMnbTCuWbwRe7WhbjAQ2RvMh,F82sBBHG,completed,2025-11-29T21:37:59.804708,2025-11-29T21:45:08.383480,7.1429795333333335,0.5912415,0.758439,1.73,0.5912415,56.442275547565586,74.41900475524807,0.28365085415101565,12.442671547565588,28.279053483221322,True,trailing_stop,0,0,0,0,0,45617.49,0,0,0,False,False,False,False,0.351,0.3,0.2,1.0,0.3,0.9,0.5,0,0,up,0.27999999999999997,15.125000000000002,,,19898.503643326145,9,137,0.0,0.0,jupiter,True,10.0,56.159595375722546,False,100,1,1.0,True,
5cd4429e-b235-4d0b-996e-35b5fec4136c,DrCgjkuUi6oKQpuJ3R9cbDK5s3RWyLAkdKRDySBg8Z7p,DrCgjkuU,completed,2025-11-29T21:42:01.789452,2025-11-29T21:54:00.533053,11.979060016666667,0.5586794999999999,0.9933660000000001,2.6,0.5586794999999999,46.01997749321393,46.32731288690566,0.2262106214404295,20.137857493213925,77.8060587510371,True,trailing_stop,0,0,0,0,0,52263.65,0,0,0,False,False,False,False,0.351,0.3,0.2,1.0,0.3,0.9,0.5,0,0,up,0.27999999999999997,15.125000000000002,,,20343.862370464718,13,138,0.0,0.0,jupiter,True,10.0,61.793615384615386,False,"200,100,300",3,1.0,True,
c1f47723-c043-43fa-af95-a77f81e53953,5VkaoCR1stFuJBBBokzD7zm12ffTktrUJXsxCct6Nryg,5VkaoCR1,completed,2025-11-29T21:46:22.204093,2025-11-29T21:54:00.605738,7.640027416666666,0.34652399999999994,0.305415,1.094,0.34652399999999994,29.65515803736538,97.09790952430424,0.14565553316646213,-3.9915979626346183,-11.863247567268056,False,stop_loss,0,0,0,0,0,47456.35,0,0,0,False,False,False,False,0.351,0.3,0.2,1.0,0.3,0.9,0.5,0,0,up,0.27999999999999997,15.125000000000002,,,20359.788188392435,12,139,0.0,0.0,jupiter,True,10.0,72.0827239488117,False,"200,100",2,1.0,True,
6ffaa284-f4a5-44db-9484-72077abe6930,8R2eUuzYc5c55VhNxwhm1rqL2LqvvaKed3RbPUWDxW4G,8R2eUuzY,completed,2025-11-29T21:17:02.613693,2025-11-29T21:57:53.035904,40.840370183333334,9.427904999999999e-06,1.12266e-05,1.134e-05,9.427904999999999e-06,71.02692547623255,6326663.947787625,0.34731723349835386,11.379738809565872,19.078416678997105,True,low_liquidity,0,0,0,0,0,6.34,0,0,0,False,False,False,False,0.25216666666666665,0.1,0.2,0.4,0.3,0.9,0.5,0,0,up,0.25666666666666665,15.125000000000002,,,20450.158709607822,13,140,0.0,0.0,jupiter,True,10.0,0.9999999999999967,False,,0,1.0,True,
e967b30a-fd4c-403f-80d8-58d9c9e98470,99vzWoQ8ZHLZBHKZagsTBJpQgHs49bbzTNKqEgHp3sud,99vzWoQ8,completed,2025-11-29T21:54:58.528198,2025-11-29T21:57:53.155153,2.91044925,0.6201855,0.217107,0.8131,0.6201855,18.120995820895523,83.4657372673176,0.08838360580811169,-33.64324417910448,-64.99321573948438,False,stop_loss,0,0,0,0,0,24448.23,0,0,0,False,False,False,False,0.351,0.3,0.2,1.0,0.3,0.9,0.5,0,0,up,0.27999999999999997,15.125000000000002,,,20502.666365793833,12,141,0.0,0.0,jupiter,True,10.0,73.29885622924608,False,,0,1.0,True,
b76f685d-2af8-46c0-a882-59e8c104556b,FUEPG9t7ammsQTLsxx4gKSYVtdUgbfjpWdmcRj5nWrut,FUEPG9t7,completed,2025-11-29T21:31:34.764137,2025-11-29T22:02:15.875251,30.685185233333335,0.5701364999999999,0.506286,2.038,0.5701364999999999,29.878601893083502,59.01526388856003,0.14604844995513874,-3.7681541069164974,-11.199160201109722,False,stop_loss,0,0,0,0,0,37335.3,0,0,0,False,False,False,False,0.351,0.3,0.2,1.0,0.3,0.9,0.5,0,0,up,0.27999999999999997,15.125000000000002,,,20458.006847906447,11,142,0.0,0.0,jupiter,True,10.0,75.1577036310108,False,"200,100",2,1.0,True,
95f39f41-494b-4130-a5f1-2756aad6ffd7,EKVQhRbNz5zaZBGxdhWUUu2pGarJkM6NntQYCKaozD8W,EKVQhRbN,completed,2025-11-29T21:55:45.442751,2025-11-29T22:02:15.950457,6.508461766666667,8.77968e-05,5.39847e-05,0.0001233,8.77968e-05,33.602638273057785,622447.439238484,0.16428512769670084,-21.046255060275545,-38.51176808266361,False,stop_loss,0,0,0,0,0,50426.05,0,0,0,False,False,False,False,0.3148333333333333,0.2,0.2,1.0,0.3,0.9,0.5,0,0,up,0.30333333333333334,17.375000000000004,,,20453.85284972,10,143,0.0,0.0,jupiter,True,10.0,56.216788321167876,False,,0,1.0,True,
6931fbbd-43bf-4c9f-88c5-2123a4800430,345DdnGwLzTMqFAdPCLgTEUtjghvFt3RPXE6SMhvoJMc,345DdnGw,completed,2025-11-29T21:48:59.582434,2025-11-29T22:04:26.785474,15.453384,6.068189999999999e-05,3.6946800000000003e-05,0.0001162,6.068189999999999e-05,33.75916871238377,913723.7517832062,0.16473547297561716,-21.687324620949568,-39.11396973397338,False,low_liquidity,0,0,0,0,0,0.0,0,0,0,False,False,False,False,0.30483333333333335,0.2,0.2,0.8,0.3,0.9,0.5,0,0,up,0.30333333333333334,17.375000000000004,,,20492.956436517186,9,144,0.0,0.0,jupiter,True,10.0,68.2041308089501,False,,0,1.0,True,
0045a553-75c9-4c8c-b8c2-bb04a3423897,BVojGWD6FycteBji13i3u1mooHwuZzKUiVx1X59rKjcH,BVojGWD6,completed,2025-11-29T21:00:40.558813,2025-11-29T22:06:15.496132,65.58228865,0.00018160349999999997,0.000426789,0.0004311,0.00018160349999999997,109.16647837907311,255785.59517483605,0.5358723391558196,62.71491904573978,135.0114397574937,True,low_liquidity,0,0,0,0,0,18.7,0,0,0,False,False,False,False,0.3148333333333333,0.2,0.2,1.0,0.3,0.9,0.5,0,0,up,0.30333333333333334,17.375000000000004,,,20371.7322956149,10,145,0.0,0.0,jupiter,True,10.0,1.0000000000000016,False,100,1,1.0,True,
4602c1cd-7fe5-47bc-80a4-885695145cc3,8aFeQhM4YxqKFbHwbnq9coMHaEFvhw8YHgHXcnys2G4J,8aFeQhM4,completed,2025-11-29T21:42:27.973546,2025-11-29T22:06:15.605607,23.793867683333335,0.261903,0.18315,1.82,0.261903,10.859692965716317,59.29398288679397,0.05305278910800298,-4.669579034283685,-30.06952955865339,False,stop_loss,0,0,0,0,0,22427.68,0,0,0,False,False,False,False,0.351,0.3,0.2,1.0,0.3,0.9,0.5,0,0,up,0.27999999999999997,15.125000000000002,,,20469.59857964968,9,146,0.0,0.0,jupiter,True,10.0,89.9368131868132,False,"400,100,500,200,300",5,1.0,True,
e584584f-7dc3-4299-a6ad-5e5b50f96f84,3HBcH9o4P1WXSVNs3njq7kP6gVvEb3xbH1Kkhd6HGCYx,3HBcH9o4,completed,2025-11-29T21:46:11.967685,2025-11-29T22:06:15.679150,20.06185775,0.0008774655,0.00144639,0.001937,0.0008774655,79.9220648530797,55256.23438566341,0.3917806658957297,31.436625519746368,64.83725001153893,True,trailing_stop,0,0,0,0,0,111587.15,0,0,0,False,False,False,False,0.2848333333333333,0.2,0.2,0.4,0.3,0.9,0.5,0,0,up,0.30333333333333334,17.375000000000004,,,20399.69600601744,8,147,0.0,0.0,jupiter,True,10.0,25.328342798141446,False,100,1,1.0,True,
6f409cea-2214-4c34-90ae-7bf59cf714b0,4fDobZViim561P5SnRykenFMpaCP3QwuCP4WEmGUfbLe,4fDobZVi,completed,2025-11-29T22:05:52.705546,2025-11-29T22:08:22.998608,2.5048843666666665,0.18612599999999999,0.0473616,0.229,0.18612599999999999,13.17192240301731,278.1139658081085,0.06423488681321696,-38.59231759698269,-74.5540117984591,False,stop_loss,0,0,0,0,0,11405.33,0,0,0,False,False,False,False,0.351,0.3,0.2,1.0,0.3,0.9,0.5,0,0,up,0.27999999999999997,15.125000000000002,,,20505.87002872567,8,148,0.0,0.0,jupiter,True,10.0,79.31807860262009,False,,0,1.0,True,
e9a646cb-baa5-49b7-879f-47967a21e740,3H7t57vXRCH4e2DCP8pCwXcLvdoJ9g3bP2gUnX1DceN1,3H7t57vX,completed,2025-11-29T21:53:11.669714,2025-11-29T22:15:26.493403,22.247061483333333,0.0939675,0.436491,0.7633,0.0939675,24.045148462862194,55.087386596429695,0.1168945410268941,18.86872446286219,364.51273046532054,True,trailing_stop,0,0,0,0,0,63722.74,0,0,0,False,False,False,False,0.351,0.3,0.2,1.0,0.3,0.9,0.5,0,0,up,0.27999999999999997,15.125000000000002,,,20569.94984678548,8,149,0.0,0.0,jupiter,True,10.0,42.81527577623477,False,"400,700,100,500,200,600,300",7,1.0,True,
e719ab9a-ba47-4d90-8ece-8ede4a282cb8,5BoHHWY7E3A5G8xjmWP3t9G9nVZTtwoBuWCGjDpgyHK1,5BoHHWY7,completed,2025-11-29T21:46:15.619463,2025-11-29T22:17:33.214681,31.293253633333332,0.5403884999999999,2.6235,2.65,0.5403884999999999,125.65356557365672,47.89539377688459,0.6128411438175649,99.77144557365673,385.4840545274373,True,low_liquidity,0,0,0,0,0,66424.02,0,0,0,False,False,False,False,0.351,0.3,0.2,1.0,0.3,0.9,0.5,0,0,up,0.27999999999999997,15.125000000000002,,,20503.448053589265,7,150,0.0,0.0,jupiter,True,10.0,0.9999999999999988,False,"200,100,300",3,1.0,True,
223e979e-9ef6-4ed5-99a9-599674254119,8EbS9tNnYmDdXo1W4gTQ5NwcJEgvzn72h3NQcEq2Z8TS,8EbS9tNn,completed,2025-11-29T20:59:52.619847,2025-11-29T22:19:12.020505,79.32334429999999,0.00011748449999999998,3.7124999999999994e-05,0.0002731,0.00011748449999999998,14.678652420106483,395384.57697256526,0.07136414320242732,-31.772906913226855,-68.40008681996348,False,low_liquidity,0,0,0,0,0,42.58,0,0,0,False,False,False,False,0.3148333333333333,0.2,0.2,1.0,0.3,0.9,0.5,0,0,up,0.30333333333333334,17.375000000000004,,,20568.666225656045,6,151,0.0,0.0,jupiter,True,10.0,86.40607835957526,False,100,1,1.0,True,
729d0a5b-6564-498c-84ef-61c936b859a7,Gwixpg4MeSqiPBEjoaRQwfJmsEmvdDT6fWzMKuGgSm9e,Gwixpg4M,completed,2025-11-29T22:25:02.353414,2025-11-29T22:27:28.333364,2.432999166666667,0.13466999999999998,0.110781,0.1579,0.13466999999999998,37.98902348139898,342.92002673201165,0.18312749499845865,-8.192016518601019,-17.73891735353084,False,stop_loss,0,0,0,0,0,11761.64,0,0,0,False,False,False,False,0.421,0.5,0.2,1.0,0.3,0.9,0.5,0,0,sideways,0.27999999999999997,0.0,,,20744.576603157668,10,152,0.0,0.0,jupiter,True,10.0,29.841038632045603,False,,0,1.0,True,
1bc0ffb2-7861-4d8c-a2db-b934a61ca806,ADGuFdFjbGxVVuLiXapcntDULwFwfeUA6AEnPmXpmkDG,ADGuFdFj,completed,2025-11-29T22:23:14.646337,2025-11-29T22:30:15.588513,7.015702933333333,0.6967665,0.9602999999999999,1.91,0.6967665,60.64129047708234,63.14827707704087,0.29265310265385214,16.64168647708235,37.8223551218378,True,trailing_stop,0,0,0,0,0,51392.98,0,0,0,False,False,False,False,0.351,0.3,0.2,1.0,0.3,0.9,0.5,0,0,up,0.27999999999999997,15.125000000000002,,,20721.21905668241,11,153,0.0,0.0,jupiter,True,10.0,49.72251308900524,False,100,1,1.0,True,
19393862-8ed6-41c0-8a6e-cf6cd3ad8e50,95MRpBTibU7ui2MUcdWdtTTfi6R63k7A7tWJ6phByijT,95MRpBTi,completed,2025-11-29T22:05:45.924989,2025-11-29T22:37:02.483734,31.275979083333333,0.20753249999999998,0.46242900000000003,0.4671,0.20753249999999998,87.46646585106431,189.14571934516283,0.42333324501718905,48.212581851064314,122.82244949586214,True,low_liquidity,0,0,0,0,0,0.0,0,0,0,False,False,False,False,0.421,0.5,0.2,1.0,0.3,0.9,0.5,0,0,sideways,0.27999999999999997,0.0,,,20661.37419647087,13,154,0.0,0.0,jupiter,True,10.0,0.9999999999999959,False,100,1,1.0,True,
0bb958b9-c52e-423d-8e23-4fd304589aef,EcGXVJJVhn1WrU5DSRmZywCJm7tFdsL1Q93zcFefBkKM,EcGXVJJV,completed,2025-11-29T22:08:00.681812,2025-11-29T22:37:02.589140,29.0317888,6.002864999999999e-05,4.96089e-05,0.000166,6.002864999999999e-05,38.948795477749385,785117.0954757994,0.18807454015938402,-8.180723855583956,-17.357961573348717,False,low_liquidity,0,0,0,0,0,0.0,0,0,0,False,False,False,False,0.30483333333333335,0.2,0.2,0.8,0.3,0.9,0.5,0,0,up,0.30333333333333334,17.375000000000004,,,20709.233394771127,12,155,0.0,0.0,jupiter,True,10.0,70.1151204819277,False,100,1,1.0,True,
13d17367-79fb-4843-b104-d1e12bd0fccb,3TqYSj6rNAPw5y1C7arm6zHWkPw7pumVjCgGoZrACDve,3TqYSj6r,completed,2025-11-29T22:13:50.504025,2025-11-29T22:37:02.661805,23.202629666666667,0.24471749999999998,0.37847699999999995,0.3823,0.24471749999999998,80.05792091893714,211.5265152676045,0.3873670855538296,28.29368091893714,54.658739158417355,True,low_liquidity,0,0,0,0,0,9558.59,0,0,0,False,False,False,False,0.351,0.3,0.2,1.0,0.3,0.9,0.5,0,0,up,0.27999999999999997,15.125000000000002,,,20667.19757680911,11,156,0.0,0.0,jupiter,True,10.0,1.0000000000000056,False,,0,1.0,True,
6fcfd47a-ac96-4484-a5d9-6a2f457b8330,8uzGwzJpt92E9BajduiRqAY7Fz8JFDozWN6dv62xnWgu,8uzGwzJp,completed,2025-11-29T22:29:12.941490,2025-11-29T22:37:02.733427,7.829865616666667,0.5888294999999999,0.636867,0.6433,0.5888294999999999,55.98723609479485,87.9104053040821,0.27059444657857223,4.2229960947948495,8.158134060878416,True,low_liquidity,0,0,0,0,0,607.25,0,0,0,False,False,False,False,0.351,0.3,0.2,1.0,0.3,0.9,0.5,0,0,up,0.27999999999999997,15.125000000000002,,,20690.46013423557,10,157,0.0,0.0,jupiter,True,10.0,1.0000000000000036,False,,0,1.0,True,
62f389b0-edc6-4152-bacc-fc0d2ca4fc82,BDQuU2kJqXe5PiMQhBUKU1ennx8kKAmFRpLTv5f9WZe4,BDQuU2kJ,completed,2025-11-29T22:20:30.158561,2025-11-29T22:39:53.489954,19.38885655,0.26109899999999997,0.40124699999999996,0.4053,0.26109899999999997,79.54931274068457,198.25522119962162,0.38393643399708915,27.78507274068457,53.676191789321294,True,low_liquidity,0,0,0,0,0,10131.13,0,0,0,False,False,False,False,0.351,0.3,0.2,1.0,0.3,0.9,0.5,0,0,up,0.27999999999999997,15.125000000000002,,,20719.396675254757,11,158,0.0,0.0,jupiter,True,10.0,1.000000000000007,False,,0,1.0,True,
438b6847-d551-4276-a03d-1c7eaf18ef98,DRkecnWgqvWRtuR9h3jrHM5QdcKPUGycUF2PqJqSWNAW,DRkecnWg,completed,2025-11-29T22:35:19.332548,2025-11-29T22:39:53.580956,4.5708068,0.712947,0.981585,0.9915,0.712947,71.2689744404563,72.60601419179827,0.34385077796278285,19.504734440456307,37.67993974306646,True,low_liquidity,0,0,0,0,0,81.25,0,0,0,False,False,False,False,0.351,0.3,0.2,1.0,0.3,0.9,0.5,0,0,up,0.27999999999999997,15.125000000000002,,,20726.716066400815,10,159,0.0,0.0,jupiter,True,10.0,1.0000000000000007,False,,0,1.0,True,
9763980c-1053-43b8-9b8b-52c4c2355a5a,BwLqydsi69vRrC8mst9MpGjK2VZ7A7mTkKyWNmzJvrUB,BwLqydsi,completed,2025-11-29T22:22:12.704466,2025-11-29T22:42:02.420533,19.82860111666667,0.5034044999999999,0.869121,0.8779,0.5034044999999999,89.37025400654942,102.82832195580295,0.4310079542182176,37.60601400654942,72.64863544128035,True,low_liquidity,0,0,0,0,0,21939.73,0,0,0,False,False,False,False,0.351,0.3,0.2,1.0,0.3,0.9,0.5,0,0,up,0.27999999999999997,15.125000000000002,,,20735.175101038072,9,160,0.0,0.0,jupiter,True,10.0,0.9999999999999978,False,,0,1.0,True,
adc84f01-40ec-4bd1-896c-a5eac30a6cf5,7YsP9TiGzPAZ9YMf7ADttKAk6wmf418PuAn4CRtED5so,7YsP9TiG,completed,2025-11-29T22:38:32.050451,2025-11-29T22:47:52.062595,9.333535733333333,0.6062159999999999,0.6333030000000001,1.049,0.6062159999999999,54.07717461221745,85.38910223418718,0.2598323826690727,2.3129346122174446,4.468209351122406,True,trailing_stop,0,0,0,0,0,41739.42,0,0,0,False,False,False,False,0.351,0.3,0.2,1.0,0.3,0.9,0.5,0,0,up,0.27999999999999997,15.125000000000002,,,20812.330648212977,9,161,0.0,0.0,jupiter,True,10.0,39.62793136320304,False,,0,1.0,True,
ae93dc10-45e3-4674-aae6-0e0457f8e280,9gs3ZSYpGC4xHBSBjLeLZqEUTru7CpHRYqSZvYdrX7gf,9gs3ZSYp,completed,2025-11-29T21:29:49.490365,2025-11-29T22:57:01.993506,87.20838568333333,0.000126027,0.00069894,0.000706,0.000126027,127.89677859125425,182986.7779655682,0.6082694154583457,104.83550392458757,454.59544383346423,True,low_liquidity,0,0,0,0,0,21.21,0,0,0,False,False,False,False,0.2771666666666667,0.2,0.2,0.2,0.3,0.9,0.5,0,0,sideways,0.25666666666666665,0.0,,,21026.337234937408,13,162,0.0,0.0,jupiter,True,10.0,1.0000000000000044,False,"200,100,400,300",4,1.0,True,
b86708a7-3e70-4014-b50a-b71f52c5be52,NXNLEtiHXEiwpfdmbAKfpMB2ck9iEgPPBpEqvoW5VWp,NXNLEtiH,completed,2025-11-29T22:35:42.801052,2025-11-29T22:57:02.081448,21.321339933333334,0.9736439999999998,1.3167,1.33,0.9736439999999998,73.84109201104306,56.080422276177615,0.3503021159752599,19.238725344376395,35.23423345699251,True,low_liquidity,0,0,0,0,0,33377.09,0,0,0,False,False,False,False,0.3154166666666667,0.2,0.2,1.0,0.3,0.9,0.5,0,0,up,0.2916666666666667,16.25,,,21079.259485905615,12,163,0.0,0.0,jupiter,True,10.0,1.0000000000000067,False,,0,1.0,True,
5d925159-668d-43e3-bbd9-fad9148aaf61,9Bstue9PNnf2K1Lc6R9k6SiAbyqmV6RBqcSqBGboEiYj,9Bstue9P,completed,2025-11-29T22:48:39.827344,2025-11-29T22:57:02.155841,8.372141616666667,0.00017768399999999997,0.00017602200000000002,0.0001799,0.00017768399999999997,54.137724850408596,307562.26409430976,0.2565988792686806,-0.5111684829247299,-0.9353684068345818,False,low_liquidity,0,0,0,0,0,69690.71,0,0,0,False,False,False,False,0.3148333333333333,0.2,0.2,1.0,0.3,0.9,0.5,0,0,up,0.30333333333333334,17.375000000000004,,,21098.19224647581,11,164,0.0,0.0,jupiter,True,10.0,2.1556420233462994,False,,0,1.0,True,
d101ec4e-5565-4373-9f04-3b42a01a5b37,DvX481kjXwiL74uinQqRZGTHnAY14XKkJWi4TPNjxtta,DvX481kj,completed,2025-11-29T22:55:25.028401,2025-11-29T23:01:44.957142,6.332145683333334,0.00047948549999999993,0.0008266500000000001,0.000835,0.00047948549999999993,94.5031066612025,114320.57903732231,0.4480723576988554,39.6880466612025,72.40354504985035,True,low_liquidity,0,0,0,0,0,0.0,0,0,0,False,False,False,False,0.31275,0.3,0.2,0.2,0.3,0.9,0.5,0,0,sideways,0.245,0.0,,,21091.03698039704,10,165,0.0,0.0,jupiter,True,10.0,0.999999999999995,False,,0,1.0,True,
de706f9d-1304-47ed-b1d4-73f933c5a191,GybtNdPjc2hdLsRAGEDi7Ta15JDC3nxevGfp19DEWZr7,GybtNdPj,completed,2025-11-29T22:50:06.278355,2025-11-29T23:01:45.049740,11.64618975,1.1858999999999997,2.03544,2.89,1.1858999999999997,79.6600598927397,39.136530623717576,0.37745016008521515,33.24804822607304,71.63673159625604,True,trailing_stop,0,0,0,0,0,74894.95,0,0,0,False,False,False,False,0.3154166666666667,0.2,0.2,1.0,0.3,0.9,0.5,0,0,up,0.2916666666666667,16.25,,,21104.789007045387,9,166,0.0,0.0,jupiter,True,10.0,29.569550173010384,False,100,1,1.0,True,
9b61b035-1a30-402a-b52f-09ce2090c334,ANatJYNcQJdfXX5daQkdsjkAadqEPYyw8qyxdnctfWYF,ANatJYNc,completed,2025-11-29T22:45:51.079840,2025-11-29T23:08:26.635767,22.592598783333337,0.7029974999999999,1.4454,2.9,0.7029974999999999,53.215006096038756,36.81680233571244,0.2511671170417479,27.332886096038756,105.60528309133392,True,trailing_stop,0,0,0,0,0,63127.86,0,0,0,False,False,False,False,0.351,0.3,0.2,1.0,0.3,0.9,0.5,0,0,up,0.27999999999999997,15.125000000000002,,,21187.09117770126,11,167,0.0,0.0,jupiter,True,10.0,50.15862068965517,False,"200,100,300",3,1.0,True,
d7aa705b-25d3-4255-a7d1-332991aa56a8,66YoC1EUBJSV7RFTnxssow7deNPUKA8mN1sjKpSb8zGW,66YoC1EU,completed,2025-11-29T23:09:53.744276,2025-11-29T23:15:08.494296,5.245833666666667,0.44963699999999995,0.44292600000000004,0.44963699999999995,0.44963699999999995,50.991639402985086,115.12451155042847,0.24057035061785803,-0.7726005970149152,-1.4925373134328164,False,low_liquidity,0,0,0,0,0,59232.83,0,0,0,False,False,False,False,0.351,0.3,0.2,1.0,0.3,0.9,0.5,0,0,up,0.27999999999999997,15.125000000000002,,,21196.14460885267,14,168,0.0,0.0,jupiter,True,10.0,1.4925373134328164,False,,0,1.0,True,
6df31309-4fa8-4703-a136-525dcde21c72,BkEDueymeT3KHmBDhCCfKAjSDzkKtx9qkrDV7W8evE2c,BkEDueym,completed,2025-11-29T23:05:17.922587,2025-11-29T23:15:08.635553,9.8452161,0.00117585,0.000948123,0.002077,0.00117585,43.91497272846028,46317.80130685605,0.20712046984337082,-10.547813938206405,-19.36701109835438,False,stop_loss,0,0,0,0,0,47266.91,0,0,0,False,False,False,False,0.31716666666666665,0.2,0.2,1.0,0.3,0.9,0.5,0,0,sideways,0.25666666666666665,0.0,,,21202.62316982468,13,169,0.0,0.0,jupiter,True,10.0,54.35132402503611,False,,0,1.0,True,
e987b33c-885a-44d5-a574-320cc5ae7ac7,DJ4yh32xbioRqFZaHKK253iPbh99uc1BQybpTEFceUc7,DJ4yh32x,completed,2025-11-29T23:12:13.822817,2025-11-29T23:15:08.726013,2.915053266666667,0.11055,0.0343233,0.11055,0.11055,16.07163761910448,468.24278606965174,0.0757018751820818,-35.69260238089552,-68.95223880597014,False,stop_loss,0,0,0,0,0,11822.72,0,0,0,False,False,False,False,0.351,0.3,0.2,1.0,0.3,0.9,0.5,0,0,up,0.27999999999999997,15.125000000000002,,,21230.17108948517,12,170,0.0,0.0,jupiter,True,10.0,68.95223880597014,False,,0,1.0,True,
c4bcb818-35a9-422f-ae09-0662ba6301a1,8NDFxXfgz1AVaAmjwNnAihCVepEr9PtoqhKmDvXTtoKe,8NDFxXfg,completed,2025-11-29T22:52:17.781390,2025-11-29T23:18:33.017005,26.253926916666668,5.209919999999999e-05,0.000117414,0.0001186,5.209919999999999e-05,107.74191117030591,917624.0582069082,0.5084337134523302,59.93443183697257,125.36622443338865,True,low_liquidity,0,0,0,0,0,0.0,0,0,0,False,False,False,False,0.29483333333333334,0.2,0.2,0.6,0.3,0.9,0.5,0,0,up,0.30333333333333334,17.375000000000004,,,21190.945509636742,11,171,0.0,0.0,jupiter,True,10.0,0.9999999999999988,False,100,1,1.0,True,
61d6365d-9e12-461e-98bc-21de62506f9d,7iix4oNbcdoUBPU3FpUqpLzCMdzaBX3TDphAregVDp7a,7iix4oNb,completed,2025-11-29T23:10:52.826014,2025-11-29T23:18:33.125560,7.6716591,0.8585714999999998,0.845757,0.8585714999999998,0.8585714999999998,50.991639402985086,60.29112310389992,0.23999618421680158,-0.7726005970149159,-1.4925373134328175,False,low_liquidity,0,0,0,0,0,80216.08,0,0,0,False,False,False,False,0.351,0.3,0.2,1.0,0.3,0.9,0.5,0,0,up,0.27999999999999997,15.125000000000002,,,21246.854223699476,10,172,0.0,0.0,jupiter,True,10.0,1.4925373134328175,False,,0,1.0,True,
67986dbc-01b9-408e-9a95-85c61a94f5d2,E8dGXrRwMwQpPmSAbEyuKgd7MbsEd6QpfjHcKHnAie8F,E8dGXrRw,completed,2025-11-29T23:14:43.063556,2025-11-29T23:23:29.218106,8.769242499999999,1.0542449999999998e-05,1.1840400000000001e-05,1.212e-05,1.0542449999999998e-05,55.24086154546621,4665455.689458651,0.25998368335569755,6.055528212132871,12.311654311853541,True,low_liquidity,0,0,0,0,0,0.0,0,0,0,False,False,False,False,0.3833333333333333,0.5,0.2,0.2,0.3,0.9,0.5,0,0,sideways,0.23333333333333334,0.0,,,21247.818644790965,12,173,0.0,0.0,jupiter,True,10.0,2.3069306930692917,False,,0,1.0,True,
a1afe29a-a1dc-4d24-bcd4-b520a2cc5c06,6jrAfXDLhAh1fPqLz6CzuC2UL9VpWM8feL5SEss3wKzo,6jrAfXDL,completed,2025-11-29T23:07:46.699091,2025-11-29T23:23:29.326900,15.710463483333333,0.1745685,0.062469000000000004,0.4268,0.1745685,15.745173168561342,252.04778639903537,0.07396618651084838,-28.254430831438665,-64.21519346273811,False,stop_loss,0,0,0,0,0,23967.18,0,0,0,False,False,False,False,0.351,0.3,0.2,1.0,0.3,0.9,0.5,0,0,up,0.27999999999999997,15.125000000000002,,,21286.987894464517,11,174,0.0,0.0,jupiter,True,10.0,85.36340206185568,False,100,1,1.0,True,
33541510-a3c3-4ee0-9a73-9c9cf33f4154,4wJ8DzaAmLVmXTYUzgPvHTubLPbuhissJHh5hE4555eu,4wJ8DzaA,completed,2025-11-29T23:19:17.208979,2025-11-29T23:26:19.354634,7.035760916666666,0.6246075,1.0147499999999998,1.39,0.6246075,71.48264815744285,70.4436049839299,0.3361588714558101,27.483044157442862,62.4620261524237,True,trailing_stop,0,0,0,0,0,52752.45,0,0,0,False,False,False,False,0.351,0.3,0.2,1.0,0.3,0.9,0.5,0,0,up,0.27999999999999997,15.125000000000002,,,21264.543115542805,12,175,0.0,0.0,jupiter,True,10.0,26.99640287769785,False,100,1,1.0,True,
56aa72fc-7a6a-48cc-a665-28358a105e23,7wjqm7CgWH1o5r4NvV3LZ8aKXddUVrV397NbobWVoomy,7wjqm7Cg,completed,2025-11-29T23:27:49.260055,2025-11-29T23:29:03.959620,1.2449927500000002,0.4587825,0.454194675,0.4587825,0.4587825,51.2465976,112.82958700473536,0.23999244755902638,-0.5176423999999988,-0.9999999999999978,False,low_liquidity,0,0,0,0,0,0.0,0,0,0,False,False,False,False,0.351,0.3,0.2,1.0,0.3,0.9,0.5,0,0,up,0.27999999999999997,15.125000000000002,,,21353.420960214113,12,176,0.0,0.0,jupiter,True,10.0,0.9999999999999978,False,,0,1.0,True,
64678b93-5ca7-4c15-aa7f-d7fed8ca32bf,EdZC5Pog82TLMM5KJHZKJiVjtPSDVhwMbKLUfW33bzfA,EdZC5Pog,completed,2025-11-29T23:25:44.276062,2025-11-29T23:31:24.696132,5.673667833333334,1.0381649999999998,1.02267,1.0381649999999998,1.0381649999999998,50.991639402985086,49.861284092605715,0.23776919457901274,-0.7726005970149163,-1.4925373134328184,False,low_liquidity,0,0,0,0,0,25843.83,0,0,0,False,False,False,False,0.351,0.3,0.2,1.0,0.3,0.9,0.5,0,0,up,0.27999999999999997,15.125000000000002,,,21445.85613509328,14,177,0.0,0.0,jupiter,True,10.0,1.4925373134328184,False,,0,1.0,True,
02ab1a6e-735b-442c-86ee-14a96865f0fc,6iZfDPo2ccMBdkRmtHgyevwjNJUXfsLkoTJx5oas4qs5,6iZfDPo2,completed,2025-11-29T23:31:01.128464,2025-11-29T23:36:44.499163,5.722844983333333,6.199844999999999e-05,3.17295e-05,6.968e-05,6.199844999999999e-05,29.82884008051815,940098.018579497,0.13793458252666937,-28.455779919481856,-48.822107649465416,False,low_liquidity,0,0,0,0,0,0.0,0,0,0,False,False,False,False,0.26925,0.1,0.2,0.8,0.3,0.9,0.5,0,0,up,0.315,20.75,,,21625.352782541537,14,178,0.0,0.0,jupiter,True,10.0,54.46397818599311,False,,0,1.0,True,
f0a50dfd-67c4-48e2-bf7a-8dbcaf1dec2b,GR61Ei7mCXatnW28YY7fgmfT8dNjWQfSHYdJkrUSSQPH,GR61Ei7m,completed,2025-11-29T23:25:06.808284,2025-11-29T23:39:19.150013,14.205695483333333,6.0430649999999994e-05,3.14325e-05,8.101e-05,6.0430649999999994e-05,28.84003236271661,917522.7030212871,0.1334158820202006,-26.60646097061673,-47.985831693023314,False,low_liquidity,0,0,0,0,0,0.0,0,0,0,False,False,False,False,0.30483333333333335,0.2,0.2,0.8,0.3,0.9,0.5,0,0,up,0.30333333333333334,17.375000000000004,,,21616.64108201894,14,179,0.0,0.0,jupiter,True,10.0,61.19923466238736,False,,0,1.0,True,
7c4233b6-ed8f-4a13-a411-73fbf97cfa3e,4GrQ23Sqo17HJwRgU6b5za4F2LRojob4p7smwLRvCgUN,4GrQ23Sq,completed,2025-11-29T23:31:05.590936,2025-11-29T23:39:19.257478,8.2277757,1.31253e-05,1.47114e-05,1.677e-05,1.31253e-05,60.64938750748555,4122611.546656712,0.2809906292020479,6.538874174152211,12.084295216109346,True,trailing_stop,0,0,0,0,0,26357.33,0,0,0,False,False,False,False,0.32158333333333333,0.3,0.2,0.4,0.3,0.9,0.5,0,0,sideways,0.2683333333333333,0.0,,,21584.131712760878,13,180,0.0,0.0,jupiter,True,10.0,12.27549194991056,False,,0,1.0,True,
6d447a61-10d0-4235-b4c4-0d5e2842fab9,3df2zLcQUWFMQP77j8MMoPU46B6aDGtaEfsQGDeQe7yR,3df2zLcQ,completed,2025-11-29T23:32:19.772503,2025-11-29T23:41:07.186589,8.790234766666666,0.5117459999999999,0.747549,0.7551,0.5117459999999999,75.61623510053818,101.15221223028614,0.34975792266093164,23.851995100538172,46.07813251105043,True,low_liquidity,0,0,0,0,0,4388.34,0,0,0,False,False,False,False,0.351,0.3,0.2,1.0,0.3,0.9,0.5,0,0,up,0.27999999999999997,15.125000000000002,,,21619.591780868213,14,181,0.0,0.0,jupiter,True,10.0,0.9999999999999966,False,,0,1.0,True,
0956b4e7-ef56-466d-b89f-c6bed8b00565,8h4G1D2Ggfttpp8mMAarZiHfKySUCWWNfCqVdVnynwxo,8h4G1D2G,completed,2025-11-29T23:05:51.679368,2025-11-29T23:45:16.629367,39.415833316666664,0.00198789,0.00197604,0.002174,0.00198789,56.9593371782141,28824.99199318541,0.26173269035803004,-0.34157615511924366,-0.5961094426753936,False,low_liquidity,0,0,0,0,0,187487.88,0,0,0,False,False,False,False,0.28158333333333335,0.1,0.2,1.0,0.3,0.9,0.5,0,0,up,0.2683333333333333,16.25,,,21762.408471138297,14,182,0.0,0.0,jupiter,True,10.0,9.105795768169274,False,,0,1.0,True,
69baac5e-04c3-438a-9f69-6a45470ca07a,FQjDgxM1nSxhbgpUMwJXtpSJMxxwatANxAmG4DFLDTxd,FQjDgxM1,completed,2025-11-29T22:26:22.738014,2025-11-29T23:46:57.181154,80.57405233333334,0.00011647949999999999,0.000206514,0.0002086,0.00011647949999999999,107.16645138140191,518930.68451243936,0.49446230879324393,46.72166471473523,77.29643413647898,True,low_liquidity,0,0,0,0,0,0.0,0,0,0,False,False,False,False,0.24216666666666667,0.1,0.2,0.2,0.3,0.9,0.5,0,0,up,0.25666666666666665,15.125000000000002,,,21673.330701979317,13,183,0.0,0.0,jupiter,True,10.0,0.9999999999999967,False,,0,1.0,True,
86b5f9bc-8d2d-4f02-86e7-25cb59b9def4,AVgKJtRN99vp9n6GrhadbYCzNVVUyJXy24XrEwT7gvsJ,AVgKJtRN,completed,2025-11-29T23:37:40.784328,2025-11-29T23:46:57.327807,9.27572465,0.5657144999999999,0.9882179999999999,2.21,0.5657144999999999,58.7758134550343,59.47656635988649,0.27059687310385705,25.129057455034303,74.68493383146448,True,trailing_stop,0,0,0,0,0,52115.86,0,0,0,False,False,False,False,0.351,0.3,0.2,1.0,0.3,0.9,0.5,0,0,up,0.27999999999999997,15.125000000000002,,,21720.80289799791,12,184,0.0,0.0,jupiter,True,10.0,55.28425339366516,False,"200,100",2,1.0,True,
17269334-565d-4fd2-93c4-353d091e10f1,2FuKmsycBFi3UN1nTRDV7ENFEemmKf9d4tsyiEuHs2Mq,2FuKmsyc,completed,2025-11-29T23:50:35.031942,2025-11-29T23:51:06.416234,0.5230715333333333,0.06688274999999999,0.028026899999999997,0.06688274999999999,0.06688274999999999,19.351946353521647,690.4775895129911,0.08867766758726413,-26.829093646478356,-58.095473047983226,False,stop_loss,0,0,0,0,0,8768.6,0,0,0,False,False,False,False,0.421,0.5,0.2,1.0,0.3,0.9,0.5,0,0,sideways,0.27999999999999997,0.0,,,21822.795840314782,13,185,0.0,0.0,jupiter,True,10.0,58.095473047983226,False,,0,1.0,True,
3ac55df5-9a76-44f9-8b10-3ae7d0352ac3,HRc18XBMFJtXeGiTEfgL74JgCwYkVuS6hMgZyyWA53Ad,HRc18XBM,completed,2025-11-29T23:22:24.391881,2025-11-29T23:51:49.388134,29.416604216666666,0.6308385,2.6532,2.68,0.6308385,108.85581774733156,41.02812367983249,0.5008375410574616,82.97369774733156,320.5830810896926,True,low_liquidity,0,0,0,0,0,67278.19,0,0,0,False,False,False,False,0.351,0.3,0.2,1.0,0.3,0.9,0.5,0,0,up,0.27999999999999997,15.125000000000002,,,21734.756048337524,12,186,0.0,0.0,jupiter,True,10.0,1.0000000000000058,False,"200,100,300",3,1.0,True,
464fba28-76d2-4bc5-a465-0aa44d1cef20,CFBBXRmiG7qLbVgDmRp6JvxsgbG4Wth4o26fnGRmoA9v,CFBBXRmi,completed,2025-11-29T21:39:44.061898,2025-11-29T23:51:49.491601,132.09049505,0.00019265849999999996,0.00094644,0.001138,0.00019265849999999996,107.11138000389293,113172.92168958722,0.4928039703319429,85.30765467055959,391.25265690327706,True,trailing_stop,0,0,0,0,0,171410.99,0,0,0,False,False,False,False,0.3165833333333333,0.2,0.2,1.0,0.3,0.9,0.5,0,0,sideways,0.2683333333333333,0.0,,,21735.088686835225,11,187,0.0,0.0,jupiter,True,10.0,16.83304042179261,False,"200,100,400,300",4,1.0,True,
e2d12c14-49d0-44f9-aebb-4e05e7f0553e,BWqXKcqStvwCoZRVaJMpskpyYRsFHq98Di1yiFs9oMuM,BWqXKcqS,completed,2025-11-29T23:42:48.894806,2025-11-29T23:53:19.053670,10.502647733333333,0.5552624999999999,0.283833,1.29,0.5552624999999999,23.72438352560276,83.58571246332443,0.10904825871446708,-22.687628141063907,-48.883095833051925,False,stop_loss,0,0,0,0,0,45748.67,0,0,0,False,False,False,False,0.3154166666666667,0.2,0.2,1.0,0.3,0.9,0.5,0,0,up,0.2916666666666667,16.25,,,21755.857273909245,10,188,0.0,0.0,jupiter,True,10.0,77.99744186046512,False,100,1,1.0,True,
ee4be141-b36a-4111-b55a-fe56b336a444,3WhNmdipZotDm1mKofsJ5JyV1SW5veirLz5UyXQacy45,3WhNmdip,completed,2025-11-29T23:22:50.301339,2025-11-29T23:55:49.667979,32.989444,0.605814,2.079,2.1,0.605814,115.46713302102627,55.539746522860156,0.5320759201354158,81.82037702102627,243.17463776010464,True,low_liquidity,0,0,0,0,0,52614.01,0,0,0,False,False,False,False,0.351,0.3,0.2,1.0,0.3,0.9,0.5,0,0,up,0.27999999999999997,15.125000000000002,,,21701.25139127502,9,189,0.0,0.0,jupiter,True,10.0,0.9999999999999956,False,"200,100",2,1.0,True,
c27e1b11-1606-40c7-971a-b09b1c341df5,E64NpD48D2jCULznDhwDnQtKziFoNcpGJPhYCFn8u8ib,E64NpD48,completed,2025-11-29T23:40:36.889937,2025-11-30T00:02:36.901297,22.00018933333333,0.7074194999999999,0.864468,0.8732,0.7074194999999999,63.25600160063443,73.17332926219875,0.28948817543114813,11.491761600634431,22.200193802969835,True,low_liquidity,0,0,0,0,0,21829.75,0,0,0,False,False,False,False,0.351,0.3,0.2,1.0,0.3,0.9,0.5,0,0,up,0.27999999999999997,15.125000000000002,,,21850.97940750925,11,1,0.0,0.0,jupiter,True,10.0,0.9999999999999957,False,,0,1.0,True,
43b61310-5732-44a4-8ae7-41c2fc70d33a,A4osc37k8EEd89aErR2BfxuPUeyEPoBmm8o1BEnsm8nN,A4osc37k,completed,2025-11-29T23:56:32.274650,2025-11-30T00:02:37.012239,6.078959816666667,4.4822999999999994e-05,2.91852e-05,5.37e-05,4.4822999999999994e-05,37.05016527354262,1269484.7139489404,0.16935964712027554,-19.851948059790733,-34.887892376681606,False,low_liquidity,0,0,0,0,0,0.0,0,0,0,False,False,False,False,0.2865833333333333,0.2,0.2,0.4,0.3,0.9,0.5,0,0,sideways,0.2683333333333333,0.0,,,21876.619314889336,10,2,0.0,0.0,jupiter,True,10.0,45.65139664804469,False,,0,1.0,True,
b9c192c8-3890-4587-b910-5891c03bec99,4pu67VahCEZm8vXjdsQ1KzpMHRAR6Yp6Ab44CuRTmaM5,4pu67Vah,completed,2025-11-30T00:01:32.391142,2025-11-30T00:07:13.982983,5.69319735,0.775659,0.764082,0.775659,0.775659,45.491770746268664,59.53781236342259,0.20646823517441815,-0.6892692537313403,-1.4925373134328292,False,low_liquidity,0,0,0,0,0,19286.89,0,0,0,False,False,False,False,0.421,0.5,0.2,1.0,0.3,0.9,0.5,0,0,sideways,0.27999999999999997,0.0,,,22033.302463131233,12,3,0.0,0.0,jupiter,True,10.0,1.4925373134328292,False,,0,1.0,True,
0b119e1e-1f38-4466-a189-cd1dcd3b924c,3VEt8rmM9jiK7HLN2tYNthpHozPbxTceDUnXchuxmbfE,3VEt8rmM,completed,2025-11-30T00:03:55.772961,2025-11-30T00:07:14.126969,3.305900133333333,0.5643075,0.240471,0.7459,0.5643075,22.058538220810465,91.73055470643223,0.1000098075613927,-29.70570177918954,-57.38653127948857,False,stop_loss,0,0,0,0,0,25692.32,0,0,0,False,False,False,False,0.351,0.3,0.2,1.0,0.3,0.9,0.5,0,0,up,0.27999999999999997,15.125000000000002,,,22056.37502828856,11,4,0.0,0.0,jupiter,True,10.0,67.76095991419761,False,,0,1.0,True,
35c965f2-bf8e-4474-bbe3-0352213b36b7,A56uqprcxa2934Ef82C7zX9pjMJpjgvftxunn6QX5hMk,A56uqprc,completed,2025-11-29T23:48:31.746550,2025-11-30T00:09:46.020113,21.237892716666668,0.1554735,0.7322040000000001,0.7396,0.1554735,121.89210246427851,166.472871582617,0.5518350098927032,96.0099824642785,370.9509980800587,True,low_liquidity,0,0,0,0,0,0.0,0,0,0,False,False,False,False,0.351,0.3,0.2,1.0,0.3,0.9,0.5,0,0,up,0.27999999999999997,15.125000000000002,,,22088.504766665454,10,5,0.0,0.0,jupiter,True,10.0,0.9999999999999943,False,"200,100,300",3,1.0,True,
a2c81de8-8c6d-4c98-8469-94e09e05318c,DVQGAQYCn24BYdq9J3TfbYVCiHnxYKe7766Bcd1zTfNq,DVQGAQYC,completed,2025-11-30T00:02:56.849486,2025-11-30T00:12:07.808238,9.182645866666666,0.5372729999999999,1.03158,1.71,0.5372729999999999,64.60276350101347,62.625063980509,0.29196545241092,30.956007501013463,92.00294822185371,True,trailing_stop,0,0,0,0,0,53181.2,0,0,0,False,False,False,False,0.351,0.3,0.2,1.0,0.3,0.9,0.5,0,0,up,0.27999999999999997,15.125000000000002,,,22126.8519845594,9,6,0.0,0.0,jupiter,True,10.0,39.67368421052632,False,"200,100",2,1.0,True,
144b404e-b49c-4f66-955a-c2f3fd726be4,C7u754BfDCv7AGxz5WsZ2rCreHBXWQQERQghU9qEgdBz,C7u754Bf,completed,2025-11-29T23:40:15.564125,2025-11-30T00:16:11.370109,35.930099733333336,0.0008122409999999999,0.00303534,0.003066,0.0008122409999999999,138.3308835794303,45573.43941022432,0.624166274306555,101.31426757943028,273.699431572649,True,low_liquidity,0,0,0,0,0,0.0,0,0,0,False,False,False,False,0.286,0.2,0.2,0.4,0.3,0.9,0.5,0,0,up,0.27999999999999997,15.125000000000002,,,22162.505292858874,11,7,0.0,0.0,jupiter,True,10.0,1.000000000000002,False,"200,100",2,1.0,True,
c717c576-a8bc-49e0-a3a7-29aeb87061c9,2ZY6ngRMZUVVVFQvT2CBhHPhHbiCLmJiwy84D3HKCjxG,2ZY6ngRM,completed,2025-11-30T00:16:46.035646,2025-11-30T00:17:52.757048,1.1120233666666666,0.13678049999999997,0.0808038,0.13678049999999997,0.13678049999999997,30.497539500937638,377.42704552183983,0.13649481926140317,-21.127120499062364,-40.92447388333863,False,stop_loss,0,0,0,0,0,27179.61,0,0,0,False,False,False,False,0.35275,0.3,0.2,1.0,0.3,0.9,0.5,0,0,sideways,0.24499999999999997,0.0,,,22343.36780396871,12,8,0.0,0.0,jupiter,True,10.0,40.92447388333863,False,,0,1.0,True,
f3e77f65-9fbf-4f25-a160-53c3f97fb99e,DVasfUqhKw4o2ciMA7VFWFuq7FGKvoUb4naG6EijwLLR,DVasfUqh,completed,2025-11-30T00:02:21.725380,2025-11-30T00:19:49.490150,17.462746166666665,0.7495289999999999,0.774972,2.087,0.7495289999999999,45.493184534671784,58.70300415327493,0.20337733606920855,1.4935805346717803,3.3945317659490306,True,trailing_stop,0,0,0,0,0,46087.84,0,0,0,False,False,False,False,0.351,0.3,0.2,1.0,0.3,0.9,0.5,0,0,up,0.27999999999999997,15.125000000000002,,,22368.856537284282,12,9,0.0,0.0,jupiter,True,10.0,62.86669861044562,False,100,1,1.0,True,
eb571efe-c0b7-4614-bb83-be4a5444758e,54jtLfkMia55mD9AKby2ErQV1Bm97SDmchEho4eZQwQv,54jtLfkM,completed,2025-11-29T22:49:53.618280,2025-11-30T00:20:37.469770,90.73085816666666,0.00018089999999999998,0.000559746,0.0005654,0.00018089999999999998,109.91251874540629,196361.41883176708,0.4918393958126037,74.39073807873962,209.4228855721393,True,low_liquidity,0,0,0,0,0,28.2,0,0,0,False,False,False,False,0.3148333333333333,0.2,0.2,1.0,0.3,0.9,0.5,0,0,up,0.30333333333333334,17.375000000000004,,,22347.237671722454,11,10,0.0,0.0,jupiter,True,10.0,1.000000000000002,False,"200,100",2,1.0,True,
67867ab2-e1e6-4713-90de-f056ac45241a,H1zaSzfpsuoTuuzAsYk3ds3FZDfXZx8JYtJDp2PPkvBY,H1zaSzfp,completed,2025-11-30T00:14:48.317211,2025-11-30T00:24:32.655435,9.7389704,0.5375745,0.44748,1.88,0.5375745,28.0077466004805,62.58994055707629,0.12412633963207823,-5.639009399519508,-16.75944450490118,False,stop_loss,0,0,0,0,0,35056.02,0,0,0,False,False,False,False,0.351,0.3,0.2,1.0,0.3,0.9,0.5,0,0,up,0.27999999999999997,15.125000000000002,,,22563.902781229197,14,11,0.0,0.0,jupiter,True,10.0,76.19787234042552,False,"200,100",2,1.0,True,
8e5098e6-ef12-4e7b-8264-35f2577c3028,H6GvpoUjAZRPvxA5rmqQU73zqZvaHSghCPQw1TcJ1YyT,H6GvpoUj,completed,2025-11-30T00:21:59.921963,2025-11-30T00:24:32.744780,2.54704695,0.45787799999999995,0.22176,0.5654,0.45787799999999995,25.070516299975107,113.05247249267273,0.11109615663435067,-26.693723700024893,-51.567884895103056,False,stop_loss,0,0,0,0,0,24681.57,0,0,0,False,False,False,False,0.351,0.3,0.2,1.0,0.3,0.9,0.5,0,0,up,0.27999999999999997,15.125000000000002,,,22566.501902031923,13,12,0.0,0.0,jupiter,True,10.0,60.778210116731515,False,,0,1.0,True,
dd1e91a2-db98-465e-a0a6-95e95b91f2fd,7fWstooqvA9nSBLLCXQFvDhBBkpKjW2ToXhopcZUKgtb,7fWstooq,completed,2025-11-30T00:05:53.952729,2025-11-30T00:24:46.233420,18.87134485,0.6301349999999999,1.2177,1.23,0.6301349999999999,100.03144571877456,82.14785720520207,0.4447728939889226,48.26720571877456,93.24430479183036,True,low_liquidity,0,0,0,0,0,30985.18,0,0,0,False,False,False,False,0.351,0.3,0.2,1.0,0.3,0.9,0.5,0,0,up,0.27999999999999997,15.125000000000002,,,22490.454582707982,12,13,0.0,0.0,jupiter,True,10.0,0.9999999999999981,False,,0,1.0,True,
66703545-2cd8-450e-a9b2-f8134413e869,eZQFcm57gKvjgpjkqDcqiSrvmB83KLwsCYW93A7XNoV,eZQFcm57,completed,2025-11-30T00:23:34.830187,2025-11-30T00:26:39.200313,3.072835433333333,0.00020270849999999997,0.00020285099999999999,0.0002049,0.00020270849999999997,54.68731040661838,269593.4967371045,0.24282489258023116,0.038417073285043075,0.07029798947751136,True,low_liquidity,0,0,0,0,0,1.43,0,0,0,False,False,False,False,0.3148333333333333,0.2,0.2,1.0,0.3,0.9,0.5,0,0,up,0.30333333333333334,17.375000000000004,,,22521.295006256118,12,14,0.0,0.0,jupiter,True,10.0,1.0000000000000036,False,,0,1.0,True,
589ddf97-e6b5-4884-92c0-510fb9c37ead,233h5auB7BVUXnfMiRyPhDTJdPczhZZmUCBKd2dERbp7,233h5auB,completed,2025-11-30T00:13:36.542332,2025-11-30T00:26:39.312609,13.046171283333333,0.7071179999999999,1.7622,2.64,0.7071179999999999,83.85066342986602,47.58294372367837,0.3728167708664129,50.20390742986602,149.20876006550537,True,trailing_stop,0,0,0,0,0,69600.25,0,0,0,False,False,False,False,0.351,0.3,0.2,1.0,0.3,0.9,0.5,0,0,up,0.27999999999999997,15.125000000000002,,,22491.11895771214,11,15,0.0,0.0,jupiter,True,10.0,33.25,False,"200,100",2,1.0,True,
a8df148c-32f5-4006-9b4a-d2a127dde390,GJQg9jhVgDJPo5q1y9k5sHGDTJFm6AE3jqQXQDWcEzDx,GJQg9jhV,completed,2025-11-30T00:17:13.506617,2025-11-30T00:26:39.393009,9.431439866666667,0.480189,0.85239,1.77,0.480189,59.72681245684512,70.06981834236103,0.265282890724767,26.080056456845117,77.51135490400655,True,trailing_stop,0,0,0,0,0,48413.4,0,0,0,False,False,False,False,0.351,0.3,0.2,1.0,0.3,0.9,0.5,0,0,up,0.27999999999999997,15.125000000000002,,,22514.38541462975,10,16,0.0,0.0,jupiter,True,10.0,51.842372881355935,False,"200,100",2,1.0,True,
9998c67a-6d89-4b97-9dcc-367206bf004f,D7erNEenZqxb83eWQgxb47YpHTUFXzRkb9sYuLKSk4nA,D7erNEen,completed,2025-11-30T00:21:31.930895,2025-11-30T00:32:08.780240,10.61415575,0.293058,0.709434,0.9304,0.293058,81.45197433990542,114.8126172975998,0.36021422063562014,47.805218339905416,142.079724832627,True,trailing_stop,0,0,0,0,0,44154.59,0,0,0,False,False,False,False,0.351,0.3,0.2,1.0,0.3,0.9,0.5,0,0,up,0.27999999999999997,15.125000000000002,,,22612.092936302848,10,17,0.0,0.0,jupiter,True,10.0,23.74957007738607,False,"200,100",2,1.0,True,
27e4bc7b-3cb1-4c8a-b6c0-cc1fb526bb5a,ANRWPrsGbtNr8XS6Pjpes2AYxFivgY8HavyNuk1iK1mU,ANRWPrsG,completed,2025-11-30T00:35:37.798890,2025-11-30T00:36:26.346675,0.80912975,5.2400699999999995e-05,2.80368e-05,5.2400699999999995e-05,5.2400699999999995e-05,30.018511573776696,1070682.5163277085,0.13226745116039818,-26.086001759556652,-46.495371245040616,False,low_liquidity,0,0,0,0,0,0.0,0,0,0,False,False,False,False,0.2965833333333333,0.2,0.2,0.6,0.3,0.9,0.5,0,0,sideways,0.2683333333333333,0.0,,,22695.312649046085,11,18,0.0,0.0,jupiter,True,10.0,46.495371245040616,False,,0,1.0,True,
d121e194-8ae1-47fb-a910-d204cc72e6b1,8HdKqCorddpRMsnfWrsDrMmc321EjnjH2uD2ibXun7Cm,8HdKqCor,completed,2025-11-30T00:19:15.091158,2025-11-30T00:38:45.349169,19.50430018333333,0.4820985,0.6863670000000001,1.97,0.4820985,36.8485549281734,53.68637322041036,0.1626677934406662,10.966434928173397,42.37069810422561,True,trailing_stop,0,0,0,0,0,43423.28,0,0,0,False,False,False,False,0.351,0.3,0.2,1.0,0.3,0.9,0.5,0,0,up,0.27999999999999997,15.125000000000002,,,22652.643248409262,10,19,0.0,0.0,jupiter,True,10.0,65.15903553299492,False,"200,100,300",3,1.0,True,
e8153d83-593a-416d-8e66-344fbd6a9f23,7WxBKywCJQQEuxTgNwKbSFoLDspTaoYtfFcn7H729Sco,7WxBKywC,completed,2025-11-30T00:35:52.978583,2025-11-30T00:40:35.108443,4.702164333333333,0.6503355,0.704088,0.7112,0.6503355,56.04273519301961,79.5962084185778,0.24730783961691027,4.2784951930196105,8.265349192839711,True,low_liquidity,0,0,0,0,0,13435.17,0,0,0,False,False,False,False,0.351,0.3,0.2,1.0,0.3,0.9,0.5,0,0,up,0.27999999999999997,15.125000000000002,,,22661.123593911154,13,20,0.0,0.0,jupiter,True,10.0,1.0000000000000009,False,,0,1.0,True,
69454ef4-daf6-4574-aa1f-cb549637439d,47PSLGXePzGLtqLHYQLXDFr4Uyu7cRufD1sHRDNUG8Bn,47PSLGXe,completed,2025-11-30T00:39:40.330255,2025-11-30T00:41:10.899606,1.5094891833333333,0.5483279999999999,0.111672,0.6076,0.5483279999999999,10.542259759268177,94.4037875140427,0.04649702656081843,-41.221980240731824,-79.63408762638421,False,stop_loss,0,0,0,0,0,17525.16,0,0,0,False,False,False,False,0.351,0.3,0.2,1.0,0.3,0.9,0.5,0,0,up,0.27999999999999997,15.125000000000002,,,22672.976185861753,12,21,0.0,0.0,jupiter,True,10.0,81.62080315997366,False,,0,1.0,True,
c56a120c-7cb9-4fac-b26a-45c49be6af33,2n9zHHw5dXb2QTnZWRr7g5ZgAGyd2WDQmqFeYkv48NNY,2n9zHHw5,completed,2025-11-30T00:21:10.085682,2025-11-30T00:42:50.572456,21.674779566666665,0.00141906,0.00034570799999999996,0.001563,0.00141906,13.959511329076994,40379.48595079372,0.06160169776762384,-43.341402004256345,-75.6382393979113,False,stop_loss,0,0,0,0,0,76639.16,0,0,0,False,False,False,False,0.28158333333333335,0.1,0.2,1.0,0.3,0.9,0.5,0,0,up,0.2683333333333333,16.25,,,22660.91980408652,12,22,0.0,0.0,jupiter,True,10.0,77.88176583493282,False,,0,1.0,True,
aea6c1e5-f527-49df-bd83-48c52ddafe01,7W5RmbMTYLdRyfst8r6xd74ZUVRbkRxPbcSCyXq5b2rV,7W5RmbMT,completed,2025-11-29T21:20:59.248749,2025-11-30T00:49:35.577683,208.60548223333333,0.00014150399999999998,0.000347985,0.0003931,0.00014150399999999998,126.34835216651123,363085.6277325495,0.5572634492800118,74.97028349984456,145.9188432835821,True,trailing_stop,0,0,0,0,0,491817.24,0,0,0,False,False,False,False,0.24216666666666667,0.1,0.2,0.2,0.3,0.9,0.5,0,0,up,0.25666666666666665,15.125000000000002,,,22673.001850337423,14,23,0.0,0.0,jupiter,True,10.0,11.476723480030534,False,100,1,1.0,True,
0d5a50e6-5f00-483c-bac7-bf473ab1a834,AkQSdAB7ZHrpvvT7pQGFZiXB9YTzMGk8u7BFWZ7PcbCN,AkQSdAB7,completed,2025-11-30T00:39:58.794752,2025-11-30T00:49:35.678669,9.61473195,0.5323484999999999,1.07712,1.7,0.5323484999999999,68.0786999920541,63.20437833486899,0.2995076906563155,34.431943992054094,102.33362167828035,True,trailing_stop,0,0,0,0,0,54436.61,0,0,0,False,False,False,False,0.351,0.3,0.2,1.0,0.3,0.9,0.5,0,0,up,0.27999999999999997,15.125000000000002,,,22730.200965081152,13,24,0.0,0.0,jupiter,True,10.0,36.63999999999999,False,"200,100",2,1.0,True,
e2e6c59f-a014-4040-aabd-73412d8d95b7,2GvzkZz3HJuuxM8creSXbRUoaakopM5NCNoP1JM1wRyr,2GvzkZz3,completed,2025-11-30T00:13:16.739568,2025-11-30T00:49:48.790394,36.53418043333333,0.6613905,2.7621,2.79,0.6613905,108.08894843817684,39.13288745453707,0.476334274405763,82.20682843817684,317.62015027430846,True,low_liquidity,0,0,0,0,0,69819.26,0,0,0,False,False,False,False,0.351,0.3,0.2,1.0,0.3,0.9,0.5,0,0,up,0.27999999999999997,15.125000000000002,,,22691.826779212995,12,25,0.0,0.0,jupiter,True,10.0,0.9999999999999932,False,"200,100,300",3,1.0,True,
839071a3-bfd8-4824-afa9-47e3a685b287,42EhWRXx1SF487ubsnXRESKeVYC9EWRKyGKUjT4LLn7v,42EhWRXx,completed,2025-11-29T22:37:39.273860,2025-11-30T00:51:27.148441,133.79790968333333,0.00011366549999999998,0.00032274,0.000326,0.00011366549999999998,145.88206519550792,452011.10861841706,0.641610962948759,94.50399652884124,183.93839819470293,True,low_liquidity,0,0,0,0,0,81.02,0,0,0,False,False,False,False,0.24216666666666667,0.1,0.2,0.2,0.3,0.9,0.5,0,0,up,0.25666666666666665,15.125000000000002,,,22736.841110858408,12,26,0.0,0.0,jupiter,True,10.0,0.9999999999999976,False,100,1,1.0,True,
4a0bd380-4cd7-455e-ae8a-ebfa28bf8e5e,EgvgxC5Vev919hXCHvV6rMTFFupEb73zVqxCVmZCySQb,EgvgxC5V,completed,2025-11-30T00:40:20.308945,2025-11-30T00:51:27.244544,11.115593316666667,1.2773549999999999e-05,1.2741300000000001e-05,1.319e-05,1.2773549999999999e-05,54.63025656610732,4287651.696931029,0.23932194139028723,-0.13827676722601653,-0.2524748405885433,False,low_liquidity,0,0,0,0,0,24577.04,0,0,0,False,False,False,False,0.31333333333333335,0.3,0.2,0.2,0.3,0.9,0.5,0,0,sideways,0.23333333333333334,0.0,,,22827.099031850183,11,27,0.0,0.0,jupiter,True,10.0,3.4018195602729313,False,,0,1.0,True,
8d2e877b-e47a-4062-a491-738615fcaea1,5rJxntNsGRfBXBp1DYXBCvVtL4YDucYvCsWTy1i4sw4P,5rJxntNs,completed,2025-11-29T22:31:14.804823,2025-11-30T00:53:46.010525,142.52009503333332,3.68634e-05,3.6323100000000005e-05,9.633e-05,3.68634e-05,48.36488448223442,1331518.6336583172,0.2127025193542351,-0.7194195177655782,-1.4656814075749718,False,low_liquidity,0,0,0,0,0,82.14,0,0,0,False,False,False,False,0.27599999999999997,0.2,0.2,0.2,0.3,0.9,0.5,0,0,up,0.27999999999999997,15.125000000000002,,,22738.275328881966,11,28,0.0,0.0,jupiter,True,10.0,62.29305512301463,False,100,1,1.0,True,
421b5265-f27d-4be0-9bd9-992b7572006b,5Nqwxe1WDakKKwWqg5FsvEZur75vQXTRY6UvdWho7rPU,5Nqwxe1W,completed,2025-11-30T00:27:13.631384,2025-11-30T00:53:46.130527,26.541652383333332,4.289339999999999e-05,0.000135135,0.0001365,4.289339999999999e-05,152.50344566856444,1128526.6264740033,0.6738265067539576,104.09710166856445,215.04846899523017,True,low_liquidity,0,0,0,0,0,0.0,0,0,0,False,False,False,False,0.286,0.2,0.2,0.4,0.3,0.9,0.5,0,0,up,0.27999999999999997,15.125000000000002,,,22632.44976859449,10,29,0.0,0.0,jupiter,True,10.0,0.9999999999999984,False,100,1,1.0,True,
9e10fbce-3ddc-422a-9dbe-b4cd39962392,Cz3VKn7DrvaVQfTX8aUuPbLEbZWE9jLEpKc9DxqtHXWr,Cz3VKn7D,completed,2025-11-30T00:50:15.923735,2025-11-30T00:53:46.209809,3.5047679,0.266526,0.21324600000000002,0.3655,0.266526,41.41628630242453,194.2183501797198,0.1821083935094112,-10.347953697575464,-19.990545012494078,False,stop_loss,0,0,0,0,0,24231.07,0,0,0,False,False,False,False,0.351,0.3,0.2,1.0,0.3,0.9,0.5,0,0,up,0.27999999999999997,15.125000000000002,,,22742.656449980805,9,30,0.0,0.0,jupiter,True,10.0,41.6563611491108,False,,0,1.0,True,
029a9f0b-ba50-4e12-ac2b-ce9d40d4fa72,ARy7B9ZcyXYRM1k3KA2CMtaLENxYfGb8LkAXVfpFBK5m,ARy7B9Zc,completed,2025-11-30T00:52:17.667577,2025-11-30T00:53:46.289964,1.4770397833333333,0.0008991734999999999,0.000678942,0.0008991734999999999,0.0008991734999999999,39.12093221408327,57620.43328308349,0.1720022451851518,-12.689834452583398,-24.492659091932754,False,stop_loss,0,0,0,0,0,22270.26,0,0,0,False,False,False,False,0.35041666666666665,0.3,0.2,1.0,0.3,0.9,0.5,0,0,up,0.2916666666666667,16.25,,,22744.431139239805,8,31,0.0,0.0,jupiter,True,10.0,24.492659091932754,False,,0,1.0,True,
31bd583e-392f-486e-9058-c296318748e2,7G7FzSqC2xjLfX2h46DCKTDmmMMqjKkwQE4iXH3Ci37z,7G7FzSqC,completed,2025-11-29T23:30:00.497794,2025-11-30T00:55:08.080539,85.12637908333333,4.74963e-06,9.9693e-06,1.007e-05,4.74963e-06,99.93110851820038,10023884.176241098,0.44024972591883893,52.32136751820037,109.89634982093341,True,low_liquidity,0,0,0,0,0,23.69,0,0,0,False,False,False,False,0.29774999999999996,0.2,0.2,0.6,0.3,0.9,0.5,0,0,sideways,0.24500000000000005,0.0,,,22698.732704406706,8,32,0.0,0.0,jupiter,True,10.0,1.0000000000000058,False,100,1,1.0,True,
caf0d906-7a9c-418a-954d-5cc725586f84,Gfw8i3gbebwuRFCWGGiX1rjYp74sR64ayWmkR8GtkTFh,Gfw8i3gb,completed,2025-11-30T00:25:28.967122,2025-11-30T00:55:41.493837,30.208778583333334,0.00016441799999999997,0.000232848,0.0002352,0.00016441799999999997,77.39350627595519,332377.8012950732,0.3404933161342407,22.744612942621863,41.619530708316624,True,low_liquidity,0,0,0,0,0,8.59,0,0,0,False,False,False,False,0.3148333333333333,0.2,0.2,1.0,0.3,0.9,0.5,0,0,up,0.30333333333333334,17.375000000000004,,,22729.816595120043,7,33,0.0,0.0,jupiter,True,10.0,1.000000000000003,False,,0,1.0,True,
3ac3d1ac-ce6b-477a-bddb-8d420c0be65e,2sMkD63DZbwayQ3So9hwrmFW86m3o3g6Cg6dfVCNE2js,2sMkD63D,completed,2025-11-30T00:40:29.813986,2025-11-30T00:55:41.589702,15.196261933333334,6.737519999999998e-05,0.000141174,0.0001426,6.737519999999998e-05,98.75240091849822,699508.4145699508,0.434894171260076,51.62288158516488,109.5340718840167,True,low_liquidity,0,0,0,0,0,0.0,0,0,0,False,False,False,False,0.30483333333333335,0.2,0.2,0.8,0.3,0.9,0.5,0,0,up,0.30333333333333334,17.375000000000004,,,22707.225675701728,6,34,0.0,0.0,jupiter,True,10.0,1.0000000000000069,False,100,1,1.0,True,
cf1acb4a-4521-4a5c-9dbf-c8f832006224,rNWjfJ7dhLA3NBqAQNP1oG1NKTAekX8CamJqXp5fh3b,rNWjfJ7d,completed,2025-11-30T00:46:42.230440,2025-11-30T00:55:41.678530,8.9908015,0.7601819999999999,0.8588250000000001,0.8675,0.7601819999999999,58.481289241260654,68.0945352560308,0.2570989585842209,6.717049241260656,12.976234638547105,True,low_liquidity,0,0,0,0,0,1834.09,0,0,0,False,False,False,False,0.351,0.3,0.2,1.0,0.3,0.9,0.5,0,0,up,0.27999999999999997,15.125000000000002,,,22746.606817585867,5,35,0.0,0.0,jupiter,True,10.0,0.9999999999999987,False,,0,1.0,True,
d334f5cd-4ad2-4714-aa28-7d27b34a400d,2sRmh5Uu46ABBWgPE47NFiNt7cudZpsaGtao8sWxNJYe,2sRmh5Uu,completed,2025-11-30T00:54:10.575538,2025-11-30T00:59:42.900522,5.538749733333333,4.30944e-05,2.68785e-05,5.79e-05,4.30944e-05,35.43249979602919,1318246.9183931095,0.155451852696963,-21.376560203970822,-37.62878703497438,False,low_liquidity,0,0,0,0,0,0.0,0,0,0,False,False,False,False,0.28775,0.2,0.2,0.4,0.3,0.9,0.5,0,0,sideways,0.245,0.0,,,22793.230946627005,8,36,0.0,0.0,jupiter,True,10.0,53.577720207253876,False,,0,1.0,True,
83461040-a6a6-4584-9819-a683853046a0,795qB6jWhdJzNC9ZX8HkhoEjJbVd5coWLhLMTuKLe3JB,795qB6jW,completed,2025-11-30T00:44:06.584165,2025-11-30T01:00:05.859716,15.98792585,0.24471749999999998,0.319077,0.3223,0.24471749999999998,67.49324591204144,211.5265152676045,0.2965448084440563,15.729005912041442,30.38585307548501,True,low_liquidity,0,0,0,0,0,8054.42,0,0,0,False,False,False,False,0.351,0.3,0.2,1.0,0.3,0.9,0.5,0,0,up,0.27999999999999997,15.125000000000002,,,22759.881134379786,7,37,0.0,0.0,jupiter,True,10.0,0.9999999999999926,False,,0,1.0,True,
dc4e90a5-87e5-444b-bd7e-e0022b3ba4c3,5CEjXFomXkDsGqQ9CJs79nxmswih3F2S3xXZftTsaN7Y,5CEjXFom,completed,2025-11-30T00:58:21.622579,2025-11-30T01:02:05.961024,3.7389740833333334,0.1420065,0.17552700000000002,0.1973,0.1420065,56.90950308204203,324.2207927101929,0.24930355901964255,10.868043082042023,23.60490540925944,True,trailing_stop,0,0,0,0,0,17448.79,0,0,0,False,False,False,False,0.42275,0.5,0.2,1.0,0.3,0.9,0.5,0,0,sideways,0.24499999999999997,0.0,,,22827.392960546604,7,38,0.0,0.0,jupiter,True,10.0,11.035478966041554,False,,0,1.0,True,
f31df29c-f5cc-4b49-9cd0-32c133de3497,3n38xZAYBT8eib2pe6X87cEbaU5ZCDcpjFo2hNEYBs5v,3n38xZAY,completed,2025-11-29T22:28:34.639950,2025-11-30T01:37:37.977917,189.05563278333332,0.00017135249999999998,0.000827739,0.0008383,0.00017135249999999998,131.65691924313919,159056.07835699318,0.572329317001166,104.4022625764725,383.0621088107848,True,low_liquidity,0,0,0,0,0,151580.69,0,0,0,False,False,False,False,0,0,0,0,0,0,0.5,0,0,,0,0,,,23003.700025884045,10,39,0.0,0.0,jupiter,True,10.0,1.2598115233210159,False,"200,100,300",3,1.0,True,
63c34e61-83fc-41e0-a5f4-e8b49a313a8c,H53YzXZUbwqKQtooMMuh1ptn5SsxiWrYpptjP2GYkgYT,H53YzXZU,completed,2025-11-30T00:49:30.756901,2025-11-30T01:37:38.095643,48.12231236666666,1.2431849999999999e-05,1.37808e-05,1.392e-05,1.2431849999999999e-05,60.86606001713343,4416729.073575803,0.263792317520986,5.957946683800087,10.850758334439378,True,low_liquidity,0,0,0,0,0,0.0,0,0,0,False,False,False,False,0,0,0,0,0,0,0.5,0,0,,0,0,,,23073.47711606167,9,40,0.0,0.0,jupiter,True,10.0,1.000000000000002,False,,0,1.0,True,
f68724b4-c449-49a9-9734-19eef6738565,2bcS4KtiC9TrBvjhQgX5Zh9MXfskptqiSX9Ho8LZNx4D,2bcS4Kti,completed,2025-11-30T00:59:13.515268,2025-11-30T01:37:38.221337,38.41176781666666,1.295445e-05,1.3018499999999999e-05,1.315e-05,1.295445e-05,54.237778956266006,4166208.00831632,0.23500542551817527,0.2668456229326596,0.4944246957609149,True,low_liquidity,0,0,0,0,0,0.0,0,0,0,False,False,False,False,0,0,0,0,0,0,0.5,0,0,,0,0,,,23079.37309816333,8,41,0.0,0.0,jupiter,True,10.0,1.0000000000000027,False,,0,1.0,True,
27a8751c-c5f4-4c18-8929-3b1bb4a29f00,3TMhUeoGQ6NdA7bxWBkgQsjGJ47LTedSyqqyMosziTcV,3TMhUeoG,completed,2025-11-30T01:03:20.988047,2025-11-30T01:37:38.303953,34.28859843333333,0.8483204999999999,0.8398372949999999,0.8483204999999999,0.8483204999999999,51.2465976,61.01967357855905,0.2220228013619708,-0.5176423999999996,-0.9999999999999993,False,low_liquidity,0,0,0,0,0,0.0,0,0,0,False,False,False,False,0,0,0,0,0,0,0.5,0,0,,0,0,,,23081.682280213667,7,42,0.0,0.0,jupiter,True,10.0,0.9999999999999993,False,,0,1.0,True,
18987591-2489-4a26-b8a8-c5ba90b976ed,YD97bPkoF3GCmWXKQD7LfG1SghHTvpE6nNR785oxNnR,YD97bPko,completed,2025-11-30T01:34:16.215671,2025-11-30T01:37:38.386997,3.3695220999999997,0.1878345,0.185031,0.1878345,0.1878345,50.99163940298507,275.5843042678528,0.22092218625228485,-0.7726005970149217,-1.4925373134328286,False,low_liquidity,0,0,0,0,0,38.77,0,0,0,False,False,False,False,0.351,0.3,0.2,1.0,0.3,0.9,0.5,0,0,up,0.27999999999999997,15.125000000000002,,,23081.266878626004,6,43,0.0,0.0,jupiter,True,10.0,1.4925373134328286,False,,0,1.0,True,
0f5f3b82-6d8c-41a1-be38-097cd27c9552,3yhBnebP6YYGf6gpAzT1czVig4gTmv9baYFZ23bioBoi,3yhBnebP,completed,2025-11-30T01:38:04.032584,2025-11-30T01:39:11.868153,1.1305928166666668,4.9164599999999993e-05,2.91654e-05,6.469e-05,4.9164599999999993e-05,33.28229199814502,1141156.7130279378,0.14422481156891512,-22.822221335188324,-40.67804884001903,False,low_liquidity,0,0,0,0,0,0.0,0,0,0,False,False,False,False,0.2965833333333333,0.2,0.2,0.6,0.3,0.9,0.5,0,0,sideways,0.2683333333333333,0.0,,,23076.675667724277,7,44,0.0,0.0,jupiter,True,10.0,54.915133714639055,False,,0,1.0,True,
c9752c05-fbfc-46d7-9826-4f1cee1bca4b,8YzcvCk3LYnXU4kD9zJcLpVYtBxdxgDCmska1VQWehjc,8YzcvCk3,completed,2025-11-30T01:37:54.565927,2025-11-30T01:43:26.689587,5.535394333333333,0.0017105099999999997,0.00169092,0.0017105099999999997,0.0017105099999999997,56.64466175210904,33499.31501910737,0.24414116041370218,-0.6562515812243023,-1.1452724625988548,False,low_liquidity,0,0,0,0,0,204530.84,0,0,0,False,False,False,False,0.28158333333333335,0.1,0.2,1.0,0.3,0.9,0.5,0,0,up,0.2683333333333333,16.25,,,23201.602571284377,10,45,0.0,0.0,jupiter,True,10.0,1.1452724625988548,False,,0,1.0,True,
530039f9-1f66-43ea-8b5d-dfed229b0410,CRpCAr7ZdXeeETn6WQ1Y8QhCsSv4ST31YdacrBrWaeYt,CRpCAr7Z,completed,2025-11-30T01:35:34.508063,2025-11-30T01:51:55.190004,16.344699016666667,0.0001245195,0.00013850100000000002,0.0001429,0.0001245195,64.12669506800141,463005.2856513773,0.27518764563951426,6.473508401334741,11.228361822847042,True,low_liquidity,0,0,0,0,0,5.4,0,0,0,False,False,False,False,0.2771666666666667,0.2,0.2,0.2,0.3,0.9,0.5,0,0,sideways,0.25666666666666665,0.0,,,23302.897526150224,14,46,0.0,0.0,jupiter,True,10.0,3.0783764870538715,False,,0,1.0,True,
18b6c8e0-1837-4252-8d88-50a641617169,FWBR9zsGVPiZwuaHmJqEd6BUhDHfUtqJAfu9bnaEbgsj,FWBR9zsG,completed,2025-11-30T01:44:51.332651,2025-11-30T01:51:55.317982,7.066422183333333,1.343685e-05,1.29888e-05,1.343685e-05,1.343685e-05,52.1712796436665,4016635.843470259,0.22377534989948974,-1.7996536896668491,-3.334486877504771,False,low_liquidity,0,0,0,0,0,0.0,0,0,0,False,False,False,False,0.3233333333333333,0.3,0.2,0.4,0.3,0.9,0.5,0,0,sideways,0.23333333333333334,0.0,,,23314.131635633505,13,47,0.0,0.0,jupiter,True,10.0,3.334486877504771,False,,0,1.0,True,
ea4c4bbc-8b58-4ac1-8a14-76596324163b,A4AL9ox8sSdf2urJN96qyq4soYHJ3mARQ69Sfz32NK4K,A4AL9ox8,completed,2025-11-30T01:40:09.547144,2025-11-30T01:51:55.415270,11.764468766666665,0.478983,1.1781,1.46,0.478983,82.75709835964952,70.24624255975684,0.35544685608146626,49.11034235964952,145.95862483637205,True,trailing_stop,0,0,0,0,0,57076.37,0,0,0,False,False,False,False,0.351,0.3,0.2,1.0,0.3,0.9,0.5,0,0,up,0.27999999999999997,15.125000000000002,,,23282.55179184426,12,48,0.0,0.0,jupiter,True,10.0,19.308219178082194,False,"200,100",2,1.0,True,
b2f2fb5a-9130-41b0-b84f-e354245c12f2,DjVAFSu2VQZktrZZSWYLxipQDGMv3PTvaiyeeR9KbE7G,DjVAFSu2,completed,2025-11-30T01:40:49.589172,2025-11-30T01:51:55.502357,11.098553083333334,0.715359,1.4751,1.84,0.715359,90.72901278994185,61.507025144018606,0.38983974623370704,46.72940878994184,106.20415763274107,True,trailing_stop,0,0,0,0,0,63683.83,0,0,0,False,False,False,False,0.351,0.3,0.2,1.0,0.3,0.9,0.5,0,0,up,0.27999999999999997,15.125000000000002,,,23273.412643653384,11,49,0.0,0.0,jupiter,True,10.0,19.831521739130434,False,100,1,1.0,True,
7f554f99-e3df-4ad1-a4d7-4486bba6dee0,3HrpLMeT2j8MD7jC9j11aisuDGN9AHRVf6iv5FjWNrCu,3HrpLMeT,completed,2025-11-30T01:42:21.151817,2025-11-30T01:51:55.592508,9.574011516666667,0.543102,0.847737,1.1,0.543102,68.67971816739397,81.01535991397564,0.29483241974474195,24.68011416739397,56.09167338731951,True,trailing_stop,0,0,0,0,0,48260.47,0,0,0,False,False,False,False,0.351,0.3,0.2,1.0,0.3,0.9,0.5,0,0,up,0.27999999999999997,15.125000000000002,,,23294.493267346596,10,50,0.0,0.0,jupiter,True,10.0,22.93300000000001,False,100,1,1.0,True,
e373284c-37d0-45ad-a57a-f66ec449fa10,G9evhWSkLVDfqRsr41DM3GYN91UpCgy5a8KwYo3x9g9b,G9evhWSk,completed,2025-11-30T01:44:08.757351,2025-11-30T01:51:55.674456,7.78195175,0.5616944999999999,0.5341049999999999,0.721,0.5616944999999999,49.22166659135883,92.1572847873711,0.2111317599025805,-2.542573408641169,-4.911833745924152,False,trailing_stop,0,0,0,0,0,38307.99,0,0,0,False,False,False,False,0.351,0.3,0.2,1.0,0.3,0.9,0.5,0,0,up,0.27999999999999997,15.125000000000002,,,23313.24601001312,9,51,0.0,0.0,jupiter,True,10.0,25.921636615811376,False,,0,1.0,True,
397d0888-0691-430f-84ad-42f29ccee1b1,4W3AoPfeZeEM5MP8T37397d9w72BJQtm3yMbg3tmoRLX,4W3AoPfe,completed,2025-11-30T01:45:00.922665,2025-11-30T01:51:55.756409,6.913895733333334,0.5926484999999999,0.29165399999999997,0.6832,0.5926484999999999,25.474202082617268,87.34391464755248,0.10915993019706947,-26.29003791738273,-50.78803034176245,False,stop_loss,0,0,0,0,0,28307.66,0,0,0,False,False,False,False,0.351,0.3,0.2,1.0,0.3,0.9,0.5,0,0,up,0.27999999999999997,15.125000000000002,,,23336.58700278388,8,52,0.0,0.0,jupiter,True,10.0,57.31059718969556,False,,0,1.0,True,
e2b00a12-8eb3-4f3d-800f-275d2fe61e97,Dq3k1nu3KtpJDFPun3fztnFbWN3fPzPpVssJqdsBh5P3,Dq3k1nu3,completed,2025-11-30T01:45:13.707066,2025-11-30T01:51:55.838244,6.702186299999999,0.8325419999999999,0.756063,0.8893,0.8325419999999999,47.00907171904842,62.176130453478635,0.20163019373545116,-4.755168280951583,-9.186203218576344,False,stop_loss,0,0,0,0,0,45578.22,0,0,0,False,False,False,False,0.351,0.3,0.2,1.0,0.3,0.9,0.5,0,0,up,0.27999999999999997,15.125000000000002,,,23314.500099487414,7,53,0.0,0.0,jupiter,True,10.0,14.982233217137066,False,,0,1.0,True,
886143b9-c399-449c-bd33-1e9447f2141a,5U6kdrj4phzwUJti1QW9A8V22fe6egXhf8MHAvVvUCo1,5U6kdrj4,completed,2025-11-30T00:56:59.914749,2025-11-30T01:53:59.012789,56.98496733333333,0.672345,1.8414000000000001,1.86,0.672345,120.504905674319,65.44200373320245,0.5174183698884086,76.50530167431901,173.87725051870694,True,low_liquidity,0,0,0,0,0,46844.39,0,0,0,False,False,False,False,0,0,0,0,0,0,0.5,0,0,,0,0,,,23289.64580447893,8,54,0.0,0.0,jupiter,True,10.0,0.9999999999999972,False,100,1,1.0,True,
2f23e3c4-664f-4dcc-82d7-67a470cac146,J9PXFXZX9n3roKSeaDo1voyLx8nLGbbXRYDRLUjF3taN,J9PXFXZX,completed,2025-11-30T00:59:09.765673,2025-11-30T01:53:59.123667,54.822633233333335,0.7403835,1.5543,1.57,0.7403835,92.36913639647561,59.42812609951464,0.39615380616420304,48.36953239647561,109.93174483223898,True,low_liquidity,0,0,0,0,0,39508.94,0,0,0,False,False,False,False,0,0,0,0,0,0,0.5,0,0,,0,0,,,23316.48338579618,7,55,0.0,0.0,jupiter,True,10.0,1.0000000000000029,False,100,1,1.0,True,
907b23e5-b7ca-405c-a794-e9f4b6a5b441,61uAr4H6x12n2TPNmJMGzZARXnHg9Qbn6kZ2SKnxSbN3,61uAr4H6,completed,2025-11-30T01:01:31.392035,2025-11-30T01:53:59.207815,52.463596333333335,0.7995779999999999,2.8908,2.92,0.7995779999999999,121.64672145156574,42.0806425389393,0.5224096178988247,87.99996545156573,261.540712725963,True,low_liquidity,0,0,0,0,0,73110.12,0,0,0,False,False,False,False,0,0,0,0,0,0,0.5,0,0,,0,0,,,23285.69713950502,6,56,0.0,0.0,jupiter,True,10.0,0.9999999999999963,False,"200,100",2,1.0,True,
7a3dab4b-e1f6-4b4a-82fe-3212a8afa7cb,E7gA5cyx25SPJKpkyeNo2xXnivFiGyhSt8dW6mFDhcoa,E7gA5cyx,completed,2025-11-30T01:03:11.551552,2025-11-30T01:53:59.288480,50.79561546666666,0.000179493,0.00036620099999999997,0.0003699,0.000179493,94.77031126242248,258793.15256490966,0.40654328200668505,48.318751929089146,104.01965536260467,True,low_liquidity,0,0,0,0,0,15.62,0,0,0,False,False,False,False,0,0,0,0,0,0,0.5,0,0,,0,0,,,23311.247647394186,5,57,0.0,0.0,jupiter,True,10.0,1.0000000000000053,False,100,1,1.0,True,
0e48131e-be20-4287-bae5-33c42db31f23,4d2iYSvwczC6im313dYJ3vYZoNqPdpdbMoCQQgMSy7ja,4d2iYSvw,completed,2025-11-30T01:53:10.702596,2025-11-30T01:53:59.369154,0.8111093,5.792819999999999e-05,2.78289e-05,5.792819999999999e-05,5.792819999999999e-05,26.636679861000346,957158.9197201595,0.1139350665268717,-28.809813472332987,-51.95966731229349,False,low_liquidity,0,0,0,0,0,0.0,0,0,0,False,False,False,False,0.30483333333333335,0.2,0.2,0.8,0.3,0.9,0.5,0,0,up,0.30333333333333334,17.375000000000004,,,23378.825038661875,4,58,0.0,0.0,jupiter,True,10.0,51.95966731229349,False,,0,1.0,True,
64c9f6bb-a4e0-4f32-b9db-572d97fd2d94,J2TwgFUrNn1RVqcHzPyPf6VkZybSBCz5XUzMQF7WrgRh,J2TwgFUr,completed,2025-11-30T01:42:08.880711,2025-11-30T01:58:05.252264,15.939525883333333,0.28873649999999995,1.3365,1.78,0.28873649999999995,95.84227385176449,71.71139083558884,0.4102985157341101,75.1365778517645,362.8787839431455,True,trailing_stop,0,0,0,0,0,60719.51,0,0,0,False,False,False,False,0.351,0.3,0.2,1.0,0.3,0.9,0.5,0,0,up,0.27999999999999997,15.125000000000002,,,23359.156852001415,4,59,0.0,0.0,jupiter,True,10.0,24.91573033707865,False,"200,100,500,300",4,1.0,True,
a71a5be2-72dc-4270-ae7c-e83e61d5988a,9MRad68UMifB4W8ZMHhEUTK1tyn27C7Mivv2TCa4E6Qg,9MRad68U,completed,2025-11-30T01:53:06.761265,2025-11-30T02:00:16.034374,7.154551816666666,0.6458129999999999,1.188,1.2,0.6458129999999999,95.22248254525694,80.15360483607486,0.40755773008281787,43.45824254525693,83.95417868639996,True,low_liquidity,0,0,0,0,0,2491.45,0,0,0,False,False,False,False,0.351,0.3,0.2,1.0,0.3,0.9,0.5,0,0,up,0.27999999999999997,15.125000000000002,,,23364.170402535914,4,60,0.0,0.0,jupiter,True,10.0,1.0000000000000009,False,,0,1.0,True,
65d9ab83-4e97-428a-bd3d-e113f4648903,3qYK4jMRVg24kAQcgpQuDawp1EcAFxWQcxXJKwgpmfKM,3qYK4jMR,completed,2025-11-30T01:59:20.626844,2025-11-30T02:00:16.129826,0.9250497000000001,0.42099449999999994,0.414711,0.42099449999999994,0.42099449999999994,50.99163940298508,122.95704575712986,0.21784225881915711,-0.7726005970149183,-1.4925373134328224,False,low_liquidity,0,0,0,0,0,37.29,0,0,0,False,False,False,False,0.351,0.3,0.2,1.0,0.3,0.9,0.5,0,0,up,0.27999999999999997,15.125000000000002,,,23407.597625636103,3,61,0.0,0.0,jupiter,True,10.0,1.4925373134328224,False,,0,1.0,True,
3378f06b-c91f-4fdf-81ac-49f90cc47217,57BgTnfQpUpMcjaqajATgufVKFaJffrejCXp2kf17ao,57BgTnfQ,completed,2025-11-30T02:01:52.206419,2025-11-30T02:05:04.398884,3.20320775,0.9462074999999999,0.5131169999999999,1.71,0.9462074999999999,29.61020978685965,57.70654604478053,0.12604298446794523,-24.99215687980702,-45.77119712113886,False,stop_loss,0,0,0,0,0,37557.04,0,0,0,False,False,False,False,0.3154166666666667,0.2,0.2,1.0,0.3,0.9,0.5,0,0,up,0.2916666666666667,16.25,,,23492.15223032901,10,62,0.0,0.0,jupiter,True,10.0,69.99315789473685,False,,0,1.0,True,
3911bbe3-c6ca-4f2a-8219-dcce81362305,BZNxAgt3g68hDBHzrdASXzStJdod259pZDCqMhW7sFpk,BZNxAgt3,completed,2025-11-30T02:04:01.149141,2025-11-30T02:06:41.727758,2.6763102833333337,0.08502299999999999,0.08729819999999999,0.1009,0.08502299999999999,53.14944163776861,608.8263175846537,0.22588718266293237,1.3852016377686072,2.6759817931618564,True,trailing_stop,0,0,0,0,0,20691.73,0,0,0,False,False,False,False,0.351,0.3,0.2,1.0,0.3,0.9,0.5,0,0,up,0.27999999999999997,15.125000000000002,,,23529.197633616037,11,63,0.0,0.0,jupiter,True,10.0,13.48047571853321,False,,0,1.0,True,
72eccd66-4a97-4d15-ade5-892f3e2d3681,3Jdjfsc76Dx2GZuWtWFxKgWJjEueokSS3Dpf8pGDVGed,3Jdjfsc7,completed,2025-11-30T02:05:23.377953,2025-11-30T02:06:41.809280,1.3071887833333333,0.5076255,0.10632599999999999,0.5076255,0.5076255,10.842411545992075,101.9732854239986,0.04599848911885635,-40.92182845400792,-79.0542437288907,False,stop_loss,0,0,0,0,0,17114.76,0,0,0,False,False,False,False,0.351,0.3,0.2,1.0,0.3,0.9,0.5,0,0,up,0.27999999999999997,15.125000000000002,,,23571.234085485212,10,64,0.0,0.0,jupiter,True,10.0,79.0542437288907,False,,0,1.0,True,
a51f13d6-40aa-47e6-a293-27911342daf1,8dyXSY25Tvbs3HqJe7vMSZSFj22sCppcMfR4P5qZ59Ut,8dyXSY25,completed,2025-11-30T00:42:18.948162,2025-11-30T02:10:48.568602,88.493674,0.000131454,0.000244431,0.0002469,0.000131454,112.65307505819526,460878.83721048175,0.47767654767230877,52.06870839152858,85.94413254826782,True,low_liquidity,0,0,0,0,0,0.0,0,0,0,False,False,False,False,0,0,0,0,0,0,0.5,0,0,,0,0,,,23583.54740402212,11,65,0.0,0.0,jupiter,True,10.0,1.0000000000000027,False,,0,1.0,True,
77829c03-fd2b-4e52-a745-ec2adb74bec8,8iBEeDxMHSHd4kBN9M9FBCNMmLghzPPBZvDzitby8GE7,8iBEeDxM,completed,2025-11-30T02:04:07.593547,2025-11-30T02:12:38.990365,8.5232803,0.0006726464999999999,0.000581526,0.0007749,0.0006726464999999999,44.79218712444055,77025.25273924219,0.18884178988753184,-7.018579542226113,-13.54656569238076,False,stop_loss,0,0,0,0,0,28435.71,0,0,0,False,False,False,False,0.35041666666666665,0.3,0.2,1.0,0.3,0.9,0.5,0,0,up,0.2916666666666667,16.25,,,23719.42521362319,12,66,0.0,0.0,jupiter,True,10.0,24.95470383275262,False,,0,1.0,True,
0a5a2c87-52d4-4daa-93ef-10aa62d3e91a,6bFT2pkZwa6TMKbm94ovBvDd36kKNpJwkw6jNftiznRr,6bFT2pkZ,completed,2025-11-30T02:03:07.758146,2025-11-30T02:16:56.805705,13.817459316666666,4.16874e-05,2.9125799999999998e-05,7.559e-05,4.16874e-05,39.78839406899927,1366087.5948128214,0.16712787554812522,-17.160245931000734,-30.13284589588221,False,low_liquidity,0,0,0,0,0,0.0,0,0,0,False,False,False,False,0.286,0.2,0.2,0.4,0.3,0.9,0.5,0,0,up,0.27999999999999997,15.125000000000002,,,23807.15601063332,11,67,0.0,0.0,jupiter,True,10.0,61.468712792697445,False,,0,1.0,True,
3b824128-e81a-4b0a-b7d0-291eb6afe97a,28sSzmEGE9m7Bg5ZqxGV5VLbk3GoGBAdUwqbuhZ385M9,28sSzmEG,completed,2025-11-30T02:03:48.776476,2025-11-30T02:16:56.919364,13.135714799999999,0.32823299999999994,0.8925839999999999,2.3,0.32823299999999994,28.153130487281885,31.541155215959378,0.11819915127444536,17.800282487281894,171.93609417700236,True,trailing_stop,0,0,0,0,0,49586.15,0,0,0,False,False,False,False,0.351,0.3,0.2,1.0,0.3,0.9,0.5,0,0,up,0.27999999999999997,15.125000000000002,,,23818.38632826849,10,68,0.0,0.0,jupiter,True,10.0,61.192,False,"400,100,500,200,600,300",6,1.0,True,
38cb4d74-ad8d-490f-b46f-dc76ba38a907,8B6wpHgyNRvg5HydtZtfYFcpEWVrGCLarCmiqwqqDqgc,8B6wpHgy,completed,2025-11-30T02:10:15.780617,2025-11-30T02:16:57.003413,6.6870466,0.5847089999999999,0.619344,1.38,0.5847089999999999,46.60590266230895,75.25043055605438,0.19582824259826975,2.6062986623089497,5.923459361836415,True,trailing_stop,0,0,0,0,0,41304.88,0,0,0,False,False,False,False,0.351,0.3,0.2,1.0,0.3,0.9,0.5,0,0,up,0.27999999999999997,15.125000000000002,,,23799.377476883277,9,69,0.0,0.0,jupiter,True,10.0,55.11999999999999,False,100,1,1.0,True,
cc021e5f-5bb8-42af-bbd2-3af53c07c466,EFAeAXh9VBgn6REg457dM5NvnuZAaoacn1i5s9ghSpzT,EFAeAXh9,completed,2025-11-30T02:18:09.539080,2025-11-30T02:18:42.892963,0.55589805,0.0010190699999999997,0.000767646,0.0010190699999999997,0.0010190699999999997,38.99301498330832,50795.568508542114,0.16351954804579794,-12.77122501669168,-24.671906738496848,False,stop_loss,0,0,0,0,0,24938.27,0,0,0,False,False,False,False,0.351,0.3,0.2,1.0,0.3,0.9,0.5,0,0,up,0.27999999999999997,15.125000000000002,,,23846.087791526494,10,70,0.0,0.0,jupiter,True,10.0,24.671906738496848,False,,0,1.0,True,
60b8ff6b-4abf-43ef-874c-91cfdf7b58b8,AqyikttsLe6o6zCRfRtohjVgBifvUHyxv4wt3ZDH5Qgt,Aqyiktts,completed,2025-11-30T02:11:48.811288,2025-11-30T02:19:27.223669,7.64020635,0.5744579999999999,0.659637,1.94,0.5744579999999999,38.63580137724952,58.57130721480075,0.1627125646556337,4.98904537724952,14.827715864345196,True,trailing_stop,0,0,0,0,0,42638.85,0,0,0,False,False,False,False,0.351,0.3,0.2,1.0,0.3,0.9,0.5,0,0,up,0.27999999999999997,15.125000000000002,,,23744.817407935687,9,71,0.0,0.0,jupiter,True,10.0,65.99809278350514,False,"200,100",2,1.0,True,
6e4db9ad-13ee-449f-97d8-4f7a55af57b7,8hLu5es1BPUwh9vTeUUGovY4N4E44mrCStQU3kgbRbGY,8hLu5es1,completed,2025-11-30T02:12:34.514637,2025-11-30T02:19:27.324486,6.88016415,0.8636969999999999,1.2078,1.75,0.8636969999999999,61.529357762270806,50.94333313650505,0.2593856802502736,17.5297537622708,39.840708026078595,True,trailing_stop,0,0,0,0,0,57810.85,0,0,0,False,False,False,False,0.351,0.3,0.2,1.0,0.3,0.9,0.5,0,0,up,0.27999999999999997,15.125000000000002,,,23721.185264700405,8,72,0.0,0.0,jupiter,True,10.0,30.982857142857146,False,100,1,1.0,True,
6cdba230-ed26-43c0-849d-042c6c9e8ab5,83ECDubaiD7czyc6CUxerBqsisGMdrG5ZBgpNKzaVrmD,83ECDuba,completed,2025-11-30T02:02:01.231271,2025-11-30T02:21:14.419616,19.21980575,3.63609e-05,4.88466e-05,5.685e-05,3.63609e-05,75.55733574845507,1546828.9655463242,0.31841588563512574,19.313242415121742,34.33825895398629,True,trailing_stop,0,0,0,0,0,77340.88,0,0,0,False,False,False,False,0.29483333333333334,0.2,0.2,0.6,0.3,0.9,0.5,0,0,up,0.30333333333333334,17.375000000000004,,,23729.135120801282,9,73,0.0,0.0,jupiter,True,10.0,14.078100263852242,False,,0,1.0,True,
b01a2cdb-d765-4ea4-9c39-e8fe0af598c4,7N2bJ8ePqvzS8Rex3e9VtiFqGbqypzDLkCtcko5QxMV3,7N2bJ8eP,completed,2025-11-30T02:03:36.267180,2025-11-30T02:21:48.629683,18.206041716666668,0.4587825,0.984753,0.9947,0.4587825,94.44288314792303,95.90514895402505,0.3976949981955985,50.443279147923036,114.64484804891207,True,low_liquidity,0,0,0,0,0,24870.89,0,0,0,False,False,False,False,0.351,0.3,0.2,1.0,0.3,0.9,0.5,0,0,up,0.27999999999999997,15.125000000000002,,,23747.56624459057,8,74,0.0,0.0,jupiter,True,10.0,1.0000000000000038,False,100,1,1.0,True,
edd72629-9a83-4c7b-b069-ee82342aeaf6,12zJuqRz7VTec5sNyf2QoYj9SYZg5S4mnxqqbj1f1ekR,12zJuqRz,completed,2025-11-30T02:18:12.663731,2025-11-30T02:25:18.202657,7.092315433333334,0.05870204999999999,0.0742005,0.0987,0.05870204999999999,58.373706855552754,786.7023383340106,0.2442869120805732,12.192666855552755,26.401888860780865,True,trailing_stop,0,0,0,0,0,14292.64,0,0,0,False,False,False,False,0.421,0.5,0.2,1.0,0.3,0.9,0.5,0,0,sideways,0.27999999999999997,0.0,,,23895.552307075435,14,75,0.0,0.0,jupiter,True,10.0,24.822188449848017,False,,0,1.0,True,
466ade90-5141-4454-ad91-101e252d2b6e,ARy5ro8Eb5dTX6V7SXVReivuHU4VdqKtpTZbeJ3qbEvQ,ARy5ro8E,completed,2025-11-30T02:22:35.389067,2025-11-30T02:25:18.291494,2.7150404499999996,0.0004937564999999999,0.000360657,0.0004937564999999999,0.0004937564999999999,33.76622993580845,93624.21895542981,0.14116528244265653,-12.461336730858218,-26.956505889036375,False,stop_loss,0,0,0,0,0,14895.49,0,0,0,False,False,False,False,0.42041666666666666,0.5,0.2,1.0,0.3,0.9,0.5,0,0,sideways,0.2916666666666667,0.0,,,23919.64182094475,13,76,0.0,0.0,jupiter,True,10.0,26.956505889036375,False,,0,1.0,True,
145f0a24-c938-47a6-9e6d-771f0a2960e7,DggzHwA5RQWiHWFpjBU2eh93DYw3cLcq54UWJDhA5Cze,DggzHwA5,completed,2025-11-30T02:25:06.578311,2025-11-30T02:25:55.052412,0.8079016833333333,0.18089999999999998,0.11295899999999999,0.18089999999999998,0.18089999999999998,32.323033643781095,286.1483692647872,0.1350726407757281,-19.441206356218906,-37.557213930348254,False,stop_loss,0,0,0,0,0,17628.01,0,0,0,False,False,False,False,0.351,0.3,0.2,1.0,0.3,0.9,0.5,0,0,up,0.27999999999999997,15.125000000000002,,,23930.111574148916,12,77,0.0,0.0,jupiter,True,10.0,37.557213930348254,False,,0,1.0,True,
6786a5fc-91f6-4b42-b5bc-7774d15b6c3c,3jSQshvcSTrbf9g3CW2vLC5qbAYXGFtKL1U611iS17w8,3jSQshvc,completed,2025-11-30T02:24:32.149859,2025-11-30T02:27:25.499738,2.8891646499999997,0.6559634999999999,0.394713,0.8322,0.6559634999999999,31.148102696445765,78.91329319390485,0.13008602534713387,-20.616137303554233,-39.82698732475206,False,stop_loss,0,0,0,0,0,32940.2,0,0,0,False,False,False,False,0.351,0.3,0.2,1.0,0.3,0.9,0.5,0,0,up,0.27999999999999997,15.125000000000002,,,23944.234296748804,13,78,0.0,0.0,jupiter,True,10.0,52.56993511175199,False,,0,1.0,True,
3243bb66-0465-4d0c-bcd7-38a77f441b19,4x7oQKm2DKz4TJTG6BnS5Y4n6ULpsQqKiCYkGcHUpq4K,4x7oQKm2,completed,2025-11-30T02:22:17.095549,2025-11-30T02:29:30.545815,7.2241711,0.34973999999999994,0.350262,0.6148,0.34973999999999994,51.84150005970151,148.00777720592444,0.21641776713200314,0.0772600597015041,0.14925373134330588,True,trailing_stop,0,0,0,0,0,50088.79,0,0,0,False,False,False,False,0.351,0.3,0.2,1.0,0.3,0.9,0.5,0,0,up,0.27999999999999997,15.125000000000002,,,23954.364166450807,13,79,0.0,0.0,jupiter,True,10.0,43.028301886792455,False,,0,1.0,True,
143c206a-368c-4292-a7d4-14d262d1e232,7SGhuXfRChH62GULB5APjRBRG8HRpxGXFWj1WNc57ibp,7SGhuXfR,completed,2025-11-30T01:44:32.964173,2025-11-30T02:31:33.983958,47.016996416666665,9.326399999999998e-06,1.22364e-05,1.236e-05,9.326399999999998e-06,78.13606505404017,6385543.546634645,0.32610468068270204,18.581931720706834,31.20174987133303,True,low_liquidity,0,0,0,0,0,6.91,0,0,0,False,False,False,False,0.2533333333333333,0.1,0.2,0.4,0.3,0.9,0.5,0,0,sideways,0.23333333333333334,0.0,,,23960.424269428415,14,80,0.0,0.0,jupiter,True,10.0,0.9999999999999997,False,,0,1.0,True,
79c2f664-18e3-439a-be3d-b4900cf96cb6,Ddfu6PqC7TtfgLXhKPm8Fy3wfsA7TZJgtUWrexm7p3Uz,Ddfu6PqC,completed,2025-11-30T02:24:48.027787,2025-11-30T02:31:34.090784,6.767716616666666,6.0671849999999994e-05,2.88486e-05,6.976e-05,6.0671849999999994e-05,26.364017375042962,913875.1057258571,0.10979657749990979,-29.082475958290377,-52.45142516669592,False,low_liquidity,0,0,0,0,0,0.0,0,0,0,False,False,False,False,0.30483333333333335,0.2,0.2,0.8,0.3,0.9,0.5,0,0,up,0.30333333333333334,17.375000000000004,,,24011.693237946896,13,81,0.0,0.0,jupiter,True,10.0,58.64592889908257,False,,0,1.0,True,
1614dc5a-4ca7-4d26-9c80-50bea6e87c29,CJk1ACEBGvbacNu4jWNbTbzZYrHhgou5cQGFojFdUnJt,CJk1ACEB,completed,2025-11-30T02:08:20.464444,2025-11-30T02:31:34.192998,23.228809233333333,0.14260949999999997,0.245025,0.2775,0.14260949999999997,93.81524297119057,382.8802896487729,0.39182392573020186,39.2128763045239,71.81534189517531,True,trailing_stop,0,0,0,0,0,87363.92,0,0,0,False,False,False,False,0.3154166666666667,0.2,0.2,1.0,0.3,0.9,0.5,0,0,up,0.2916666666666667,16.25,,,23943.214492672127,12,82,0.0,0.0,jupiter,True,10.0,11.702702702702714,False,,0,1.0,True,
7a44eead-3a05-43ad-b919-37b557e4f85d,5S1QCTiBWPtNogza3mdbHoTY6FxtBDrHRAs79roe99MF,5S1QCTiB,completed,2025-11-30T02:24:15.920879,2025-11-30T02:31:34.274753,7.305897900000001,0.0009049019999999999,0.0010899899999999999,0.001496,0.0009049019999999999,65.6586088219498,60237.80844039835,0.273915095798907,11.149295488616453,20.453927607630444,True,trailing_stop,0,0,0,0,0,55998.57,0,0,0,False,False,False,False,0.3165833333333333,0.2,0.2,1.0,0.3,0.9,0.5,0,0,sideways,0.2683333333333333,0.0,,,23970.423619935373,11,83,0.0,0.0,jupiter,True,10.0,27.139705882352942,False,,0,1.0,True,
eb6d4e4a-b7e7-4a07-b46e-7b785ebc4cec,72TqZBjj6s2tUoBWSmagYazRJuzDTaYNLnaj9yYZo1Lx,72TqZBjj,completed,2025-11-30T02:35:23.834158,2025-11-30T02:35:54.849635,0.5169246166666667,0.0011487149999999998,0.000793287,0.0011487149999999998,0.0011487149999999998,37.61126184165787,47411.92259756919,0.15528764870040235,-16.85152482500881,-30.941356211070612,False,stop_loss,0,0,0,0,0,47757.87,0,0,0,False,False,False,False,0.31716666666666665,0.2,0.2,1.0,0.3,0.9,0.5,0,0,sideways,0.25666666666666665,0.0,,,24220.382082171625,12,84,0.0,0.0,jupiter,True,10.0,30.941356211070612,False,,0,1.0,True,
356e6195-3e77-40d8-b0a1-6a8c6a36965e,D3QZoE2C75LNpbMSReQCmcAko568gP1APaxvSm8y1XmQ,D3QZoE2C,completed,2025-11-30T02:29:22.248501,2025-11-30T02:36:29.480412,7.120531850000001,0.9040979999999998,1.6928999999999998,2.024,0.9040979999999998,82.3881145756323,48.66685248723038,0.34049163938197574,38.388510575632296,87.24740017122039,True,trailing_stop,0,0,0,0,0,68382.25,0,0,0,False,False,False,False,0.351,0.3,0.2,1.0,0.3,0.9,0.5,0,0,up,0.27999999999999997,15.125000000000002,,,24196.80986152096,11,85,0.0,0.0,jupiter,True,10.0,16.35869565217392,False,100,1,1.0,True,
3d4ea39a-0be3-48cc-b1c8-c357a7a36ef1,67ts3n41JRQgkuXgWx7DnZFkLCf2wcCS8Zx1H5fYDuwK,67ts3n41,completed,2025-11-30T02:31:15.446979,2025-11-30T02:40:09.755088,8.90513515,1.3014749999999998e-05,1.29591e-05,1.318e-05,1.3014749999999998e-05,53.879141231141595,4157629.8686746457,0.2210409346873833,-0.2313721021917372,-0.4275917708753404,False,low_liquidity,0,0,0,0,0,24812.78,0,0,0,False,False,False,False,0.32158333333333333,0.3,0.2,0.4,0.3,0.9,0.5,0,0,sideways,0.2683333333333333,0.0,,,24375.187024675994,12,86,0.0,0.0,jupiter,True,10.0,1.6760242792109248,False,,0,1.0,True,
129afa3c-232a-4e87-a499-c124c0e191e6,7pATUiZz143MV8LcyW5hESWBmv8YJgm2tKgTjUmSJUj1,7pATUiZz,completed,2025-11-30T02:21:01.332866,2025-11-30T02:40:09.936771,19.143398416666667,0.07044044999999999,1.0989,1.58,0.07044044999999999,72.0443223403599,65.5603988901264,0.2957954314465516,67.4262183403599,1460.041141134107,True,trailing_stop,0,0,0,0,0,55202.91,0,0,0,False,False,False,False,0.421,0.5,0.2,1.0,0.3,0.9,0.5,0,0,sideways,0.27999999999999997,0.0,,,24356.130853014158,11,87,0.0,0.0,jupiter,True,10.0,30.449367088607598,False,"400,700,100,500,200,600,300",7,1.0,True,
241b0b96-5ea2-4d75-b8f9-a853eaa09c15,6Ni8VuXpXDV1aWvdzgNvLXbBDeCmoC44c46semtjFkZ2,6Ni8VuXp,completed,2025-11-30T02:19:52.793242,2025-11-30T02:42:13.526096,22.345547566666667,4.3958699999999996e-05,5.41134e-05,9.596e-05,4.3958699999999996e-05,59.68584086472987,1102977.0974422207,0.244718012905408,11.200401531396524,23.100546649468722,True,trailing_stop,0,0,0,0,0,99533.59,0,0,0,False,False,False,False,0.2848333333333333,0.2,0.2,0.4,0.3,0.9,0.5,0,0,up,0.30333333333333334,17.375000000000004,,,24389.639387845353,14,88,0.0,0.0,jupiter,True,10.0,43.608378491037925,False,100,1,1.0,True,
fd2a3b14-d105-40aa-a64e-e8d739b55da9,6vzyhrX9MrT9GYAeJX8bpoCFoxzdmKsYinLrLmkis2eb,6vzyhrX9,completed,2025-11-30T02:36:41.652539,2025-11-30T02:42:13.618151,5.5327602,0.0009329414999999999,0.0007488359999999999,0.001194,0.0009329414999999999,42.114662422370536,56240.16797051763,0.17255437055322087,-10.354124244296134,-19.73387398888355,False,stop_loss,0,0,0,0,0,42198.75,0,0,0,False,False,False,False,0.3421666666666667,0.3,0.2,0.8,0.3,0.9,0.5,0,0,sideways,0.25666666666666665,0.0,,,24406.604299472743,13,89,0.0,0.0,jupiter,True,10.0,37.28341708542714,False,,0,1.0,True,
0bc4b891-9c87-4cfb-8173-531c3496265a,5PKLFT3WD2Nz5Dp4y9dLER8sGZCQarGFJiAz98yJiap6,5PKLFT3W,completed,2025-11-30T02:40:53.955410,2025-11-30T02:42:48.753152,1.9132957,3.7586999999999997,3.8511,3.89,3.7586999999999997,53.036758630377534,13.771846649107406,0.21770437621090993,1.2725186303775309,2.4582967515364484,True,low_liquidity,0,0,0,0,0,0.0,0,0,0,False,False,False,False,0.351,0.3,0.2,1.0,0.3,0.9,0.5,0,0,up,0.27999999999999997,15.125000000000002,,,24361.82476138928,12,90,0.0,0.0,jupiter,True,10.0,0.9999999999999983,False,,0,1.0,True,
b61688f8-a5ca-40b4-8ab1-62cd62e54fa2,626vhNZbBTAErfBq58EouTt7tLx241MzGfALkQyyab81,626vhNZb,completed,2025-11-30T02:41:22.634947,2025-11-30T02:42:48.867447,1.4372083333333334,0.7655084999999999,0.339966,0.8448,0.7655084999999999,22.98874750030862,67.6207253087327,0.09424908880447239,-28.77549249969138,-55.5895199073557,False,stop_loss,0,0,0,0,0,30615.1,0,0,0,False,False,False,False,0.351,0.3,0.2,1.0,0.3,0.9,0.5,0,0,up,0.27999999999999997,15.125000000000002,,,24391.47984549824,11,91,0.0,0.0,jupiter,True,10.0,59.75781249999999,False,,0,1.0,True,
50c7e31f-8d49-4e1e-99ed-ea720d5f8a3b,7mYfmptMYULSN7WeAsbfyo1JxmLo4iwPbDhFPFi6LqB3,7mYfmptM,completed,2025-11-30T02:41:31.802578,2025-11-30T02:42:48.954844,1.2858711,0.40591949999999993,0.28294199999999997,0.5069,0.40591949999999993,36.0817294908966,127.52341289344318,0.1480096785715058,-15.682510509103404,-30.296031602325087,False,stop_loss,0,0,0,0,0,22179.78,0,0,0,False,False,False,False,0.351,0.3,0.2,1.0,0.3,0.9,0.5,0,0,up,0.27999999999999997,15.125000000000002,,,24377.95273872239,10,92,0.0,0.0,jupiter,True,10.0,44.1818899191162,False,,0,1.0,True,
fc5e8a2b-eca1-4a99-a03e-f7518182f27b,7L3S9LW56PiuNXLE5y6tfYQT23bqC1haG3nHtra357F4,7L3S9LW5,completed,2025-11-30T02:34:46.315894,2025-11-30T02:46:15.710816,11.489915366666667,0.49787699999999996,1.00287,1.86,0.49787699999999996,67.77441454359209,67.58045862733165,0.2774654955436139,34.1276585435921,101.42926867479318,True,trailing_stop,0,0,0,0,0,52573.34,0,0,0,False,False,False,False,0.351,0.3,0.2,1.0,0.3,0.9,0.5,0,0,up,0.27999999999999997,15.125000000000002,,,24426.24961738309,14,93,0.0,0.0,jupiter,True,10.0,46.08225806451613,False,"200,100",2,1.0,True,
b8f1a5d8-5b68-4514-82f5-81474f9e44d7,6HmcQEiHvk62yLbnqzcdNMQrcK98WifKZrY8w7CCX7ey,6HmcQEiH,completed,2025-11-30T02:44:01.253309,2025-11-30T02:46:51.357043,2.8350622333333333,0.0011386649999999999,0.00114147,0.00148,0.0011386649999999999,54.5969508998696,47830.38616859804,0.22312443482979508,0.13416423320291934,0.24634110998406367,True,trailing_stop,0,0,0,0,0,57316.17,0,0,0,False,False,False,False,0.31716666666666665,0.2,0.2,1.0,0.3,0.9,0.5,0,0,sideways,0.25666666666666665,0.0,,,24469.28367191945,13,94,0.0,0.0,jupiter,True,10.0,22.873648648648654,False,,0,1.0,True,
4dace20c-5c4c-4e16-9ffe-f3da20896e0b,HoRq41bfzyVTA2u4qFY2WGNJ5sJwcrTDyAqXKbGxUaZv,HoRq41bf,completed,2025-11-30T02:30:53.705732,2025-11-30T02:49:08.897745,18.253200216666666,0.664104,0.793386,2.9,0.664104,30.920626375266526,38.972992181947404,0.12582739124483158,5.0385063752665245,19.467131654078276,True,trailing_stop,0,0,0,0,0,46735.71,0,0,0,False,False,False,False,0.351,0.3,0.2,1.0,0.3,0.9,0.5,0,0,up,0.27999999999999997,15.125000000000002,,,24573.84363560554,14,95,0.0,0.0,jupiter,True,10.0,72.64186206896552,False,"200,100,300",3,1.0,True,
bb9508f2-bc14-4efa-978c-5782211b4c47,7zctsojosBqoSQrm1nzSjRV8HGyoVRxzK4MeswJW1z86,7zctsojo,completed,2025-11-30T02:03:17.443573,2025-11-30T02:52:44.057240,49.443561116666665,5.231024999999999e-05,7.33788e-05,7.412e-05,5.231024999999999e-05,78.89704361741727,1075202.1512673588,0.3223173355893206,22.65295028408393,40.276140909286454,True,low_liquidity,0,0,0,0,0,0.0,0,0,0,False,False,False,False,0.29483333333333334,0.2,0.2,0.6,0.3,0.9,0.5,0,0,up,0.30333333333333334,17.375000000000004,,,24478.063977900227,14,96,0.0,0.0,jupiter,True,10.0,0.9999999999999984,False,,0,1.0,True,
3c1db0fc-b773-4d9c-91b1-92ec4445c8e8,4w82HkiJoLMpZTV4YW5SvTPVCKrynb5h7c23DG4Jjzbs,4w82HkiJ,completed,2025-11-30T02:37:52.161763,2025-11-30T02:52:44.153026,14.86652105,6.571694999999999e-05,3.37095e-05,0.0001001,6.571694999999999e-05,28.441270737914653,843716.7782943874,0.11595433141839491,-27.005222595418683,-48.70501445973983,False,low_liquidity,0,0,0,0,0,0.0,0,0,0,False,False,False,False,0.30483333333333335,0.2,0.2,0.8,0.3,0.9,0.5,0,0,up,0.30333333333333334,17.375000000000004,,,24527.993383266363,13,97,0.0,0.0,jupiter,True,10.0,66.32417582417582,False,,0,1.0,True,
67da2791-16a1-4731-87ef-7fe079fedadc,4LXeHFoWiizu19QNqVT61taFvXxwmyWJdecmHzCgzdHj,4LXeHFoW,completed,2025-11-30T02:43:23.053664,2025-11-30T02:52:44.238726,9.353084366666668,0.5553629999999999,0.6603300000000001,2.27,0.5553629999999999,30.77399880726661,46.603968935633105,0.125478768680173,4.891878807266607,18.900610951755905,True,trailing_stop,0,0,0,0,0,42657.32,0,0,0,False,False,False,False,0.351,0.3,0.2,1.0,0.3,0.9,0.5,0,0,up,0.27999999999999997,15.125000000000002,,,24525.26362105531,12,98,0.0,0.0,jupiter,True,10.0,70.91057268722467,False,"200,100,300",3,1.0,True,
70205c3f-c3b5-4dfd-bf02-919cbe372d30,2Dkvbu6EoyjuSHGKP6Ztntiznn7cX2dGCjh5kFSu2Bx1,2Dkvbu6E,completed,2025-11-30T02:46:10.880497,2025-11-30T02:52:44.323419,6.557382033333334,0.7783724999999999,0.6664680000000001,2.044,0.7783724999999999,37.673900450840705,56.52769592964808,0.15365882044956158,-6.325703549159296,-14.37672836591733,False,stop_loss,0,0,0,0,0,42853.92,0,0,0,False,False,False,False,0.351,0.3,0.2,1.0,0.3,0.9,0.5,0,0,up,0.27999999999999997,15.125000000000002,,,24517.889920420897,11,99,0.0,0.0,jupiter,True,10.0,67.39393346379647,False,100,1,1.0,True,
82e0889d-fe0d-4e66-9e6d-d944afa2cb1f,EgGBwKyKDmPhsE6hGCmHuq2VHiUpxLi8AEZHPQqDtQfm,EgGBwKyK,completed,2025-11-30T02:49:37.350196,2025-11-30T02:57:02.237958,7.414796033333333,0.6977715,0.522522,1.66,0.6977715,32.94883938551231,63.05732463994302,0.13397256425380058,-11.05076461448769,-25.11560016423714,False,stop_loss,0,0,0,0,0,37935.8,0,0,0,False,False,False,False,0.351,0.3,0.2,1.0,0.3,0.9,0.5,0,0,up,0.27999999999999997,15.125000000000002,,,24593.72153472654,13,100,0.0,0.0,jupiter,True,10.0,68.52277108433734,False,100,1,1.0,True,
9409ed7f-0262-4a80-9464-f4bcc16d71ea,Afng8P8eVhAfoYg8EtySXKFeAMzdnXNCdTgNCs8vK8Xr,Afng8P8e,completed,2025-11-30T02:46:00.779588,2025-11-30T02:59:00.969525,13.003165616666667,0.736263,0.67122,1.83,0.736263,40.11258775312626,59.760715939820415,0.1633582891089956,-3.887016246873737,-8.834207341670023,False,stop_loss,0,0,0,0,0,42997.46,0,0,0,False,False,False,False,0.351,0.3,0.2,1.0,0.3,0.9,0.5,0,0,up,0.27999999999999997,15.125000000000002,,,24554.975429720875,14,101,0.0,0.0,jupiter,True,10.0,63.321311475409836,False,100,1,1.0,True,
ee29cc0c-3af2-4961-ae55-f5150da5cf0d,GFEncHzCr48fSxDkndoxpsfyKi1boSCP3KbeiFpRT59E,GFEncHzC,completed,2025-11-30T02:56:02.260266,2025-11-30T02:59:01.060004,2.979995633333333,0.6713399999999999,0.167211,0.7594,0.6713399999999999,12.89294595084458,77.10584800548158,0.05244884751626443,-38.871294049155416,-75.09294843149522,False,stop_loss,0,0,0,0,0,21463.05,0,0,0,False,False,False,False,0.351,0.3,0.2,1.0,0.3,0.9,0.5,0,0,up,0.27999999999999997,15.125000000000002,,,24581.943286449652,13,102,0.0,0.0,jupiter,True,10.0,77.98116934421911,False,,0,1.0,True,
dfcdb39a-fe41-48dd-9f0a-30497a71b2b7,3z6cyTQeTWE9ChoA8LfH9Cde1s5ox4zi3T7fpxcq9Lw7,3z6cyTQe,completed,2025-11-30T02:24:38.578592,2025-11-30T03:01:20.092890,36.69190496666667,0.000113766,0.000191862,0.0001944,0.000113766,100.82809122409155,525524.0288545494,0.4103530996013194,41.04132455742489,68.64616845103107,True,low_liquidity,0,0,0,0,0,0.0,0,0,0,False,False,False,False,0.2504166666666667,0.1,0.2,0.4,0.3,0.9,0.5,0,0,up,0.2916666666666667,18.5,,,24571.05632248217,14,103,0.0,0.0,jupiter,True,10.0,1.30555555555556,False,,0,1.0,True,
f0d4ec2e-d98c-4fed-bc94-14bc61858022,AhrgXAzNSLPKJDL8d4t2XHMPXSj5c7QmaSVJuKLJQt4J,AhrgXAzN,completed,2025-11-30T02:41:18.866398,2025-11-30T03:01:20.208493,20.02236825,0.594357,1.3167,1.33,0.594357,97.47387275122526,74.02891528155637,0.39666868146275913,53.47426875122527,121.53352278176246,True,low_liquidity,0,0,0,0,0,33408.0,0,0,0,False,False,False,False,0.351,0.3,0.2,1.0,0.3,0.9,0.5,0,0,up,0.27999999999999997,15.125000000000002,,,24573.12041671142,13,104,0.0,0.0,jupiter,True,10.0,1.0000000000000067,False,100,1,1.0,True,
6cce5fbd-1ec8-42a4-9927-ec1118986549,AgqNGuux8yzm5HBt4qu1jJgGyhaBaRfbs5ThRc51x8a8,AgqNGuux,completed,2025-11-30T02:47:38.690761,2025-11-30T03:03:03.569542,15.41464635,6.717419999999999e-06,7.76358e-06,7.842e-06,6.717419999999999e-06,68.82899661834456,8865625.989343133,0.2790741736999323,9.27486328501122,15.57383638361158,True,low_liquidity,0,0,0,0,0,2.15,0,0,0,False,False,False,False,0.2533333333333333,0.1,0.2,0.4,0.3,0.9,0.5,0,0,sideways,0.23333333333333334,0.0,,,24663.33437659884,13,105,0.0,0.0,jupiter,True,10.0,1.0000000000000064,False,,0,1.0,True,
c26ed92a-5093-4e2c-982f-b49b5d3dac42,8tqwqPFs9Mf7bpMAKeQ588RADLWegVDCg2eYZkqdFg9,8tqwqPFs,completed,2025-11-30T03:04:58.455208,2025-11-30T03:05:32.478176,0.5670494666666667,0.0014572499999999998,0.00102663,0.0014572499999999998,0.0014572499999999998,38.36893510077202,37373.67415794592,0.15458851642768576,-16.093851565894667,-29.55018013381368,False,stop_loss,0,0,0,0,0,54383.57,0,0,0,False,False,False,False,0.31716666666666665,0.2,0.2,1.0,0.3,0.9,0.5,0,0,sideways,0.25666666666666665,0.0,,,24820.04225632144,14,106,0.0,0.0,jupiter,True,10.0,29.55018013381368,False,,0,1.0,True,
1b44a39f-4e84-439f-91f1-732c21da42a4,G7MUGDEqwPyp9Mprm1bWkRWjz3ctrDgcXLWWYWxcfkGo,G7MUGDEq,completed,2025-11-30T02:46:04.563988,2025-11-30T03:07:36.851320,21.5381222,4.913445e-05,9.84258e-05,9.942e-05,4.913445e-05,112.66778974035529,1144697.7290543262,0.4532589910577261,56.42369640702196,100.31932788501754,True,low_liquidity,0,0,0,0,0,0.0,0,0,0,False,False,False,False,0.29483333333333334,0.2,0.2,0.6,0.3,0.9,0.5,0,0,up,0.30333333333333334,17.375000000000004,,,24857.265264045505,13,107,0.0,0.0,jupiter,True,10.0,0.9999999999999981,False,,0,1.0,True,
efcd0702-b5e2-4425-8525-bbc9efbc8c97,BzCSw2qHGiSqhLqHHvAdDVmo2wnQsnyYHLbyvoxAfesR,BzCSw2qH,completed,2025-11-30T02:47:57.873154,2025-11-30T03:09:36.643736,21.64617636666667,0.40029149999999997,0.352836,0.9952,0.40029149999999997,40.90975838462721,115.94553385886704,0.164807024024892,-5.5022532820394625,-11.855235497131462,False,stop_loss,0,0,0,0,0,57095.61,0,0,0,False,False,False,False,0.3154166666666667,0.2,0.2,1.0,0.3,0.9,0.5,0,0,up,0.2916666666666667,16.25,,,24822.82452867319,13,108,0.0,0.0,jupiter,True,10.0,64.54622186495176,False,100,1,1.0,True,
36ab5dfe-9e1a-4a32-a7b9-89f508cc8561,6GkdUt1Qs6G8GbzNkCywBzDxzjNyb6CGU1CswGCmJxrW,6GkdUt1Q,completed,2025-11-30T02:55:59.054552,2025-11-30T03:09:36.730530,13.627932966666666,0.6642045,1.7027999999999999,2.73,0.6642045,66.35316974817243,38.96709522443766,0.26758993073312193,40.47104974817244,156.3668267830164,True,trailing_stop,0,0,0,0,0,68651.74,0,0,0,False,False,False,False,0.351,0.3,0.2,1.0,0.3,0.9,0.5,0,0,up,0.27999999999999997,15.125000000000002,,,24796.586914306983,12,109,0.0,0.0,jupiter,True,10.0,37.626373626373635,False,"200,100,300",3,1.0,True,
1ff83a20-a856-4cd8-9879-08fb0811da93,EyJ5dph2Le2FZYu76jKAtt1mHteCkLThfhKZ1DDDCnaQ,EyJ5dph2,completed,2025-11-30T02:58:07.925415,2025-11-30T03:09:36.816717,11.4815217,0.506319,0.979902,1.61,0.506319,65.11808464211694,66.45367051206848,0.2626050786689634,31.471328642116934,93.5345108518543,True,trailing_stop,0,0,0,0,0,52014.4,0,0,0,False,False,False,False,0.351,0.3,0.2,1.0,0.3,0.9,0.5,0,0,up,0.27999999999999997,15.125000000000002,,,24796.963170770952,11,110,0.0,0.0,jupiter,True,10.0,39.13652173913044,False,"200,100",2,1.0,True,
dcabcf49-dbea-4af4-bff2-cbb7bbc9793b,DJFWQ5eTspXgfJe4UVN6ZHXMmsfSrfps1pbXKoY3QswS,DJFWQ5eT,completed,2025-11-30T03:10:58.462467,2025-11-30T03:12:03.987386,1.0920819833333333,0.001110525,0.000629739,0.00124,0.001110525,30.883897987600466,49042.37785431816,0.1239733652963826,-23.57888867906621,-43.293577362058485,False,stop_loss,0,0,0,0,0,42604.22,0,0,0,False,False,False,False,0.31716666666666665,0.2,0.2,1.0,0.3,0.9,0.5,0,0,sideways,0.25666666666666665,0.0,,,24911.720282632046,14,111,0.0,0.0,jupiter,True,10.0,49.214596774193545,False,,0,1.0,True,
2387c48f-b559-4595-8e5c-733d8e995494,CSGePAPThXg11c2Q4cuuMoYSWawpHQy5LcWCxN7j1L9k,CSGePAPT,completed,2025-11-30T03:00:33.175426,2025-11-30T03:13:45.645671,13.207837416666667,1.2743399999999999e-05,1.2672e-05,1.331e-05,1.2743399999999999e-05,54.46167070012714,4297795.983280235,0.2185245587257558,-0.30686263320620455,-0.5602900324873975,False,low_liquidity,0,0,0,0,0,24577.64,0,0,0,False,False,False,False,0.31333333333333335,0.3,0.2,0.2,0.3,0.9,0.5,0,0,sideways,0.23333333333333334,0.0,,,24922.448542031154,14,112,0.0,0.0,jupiter,True,10.0,4.7933884297520635,False,,0,1.0,True,
b86fc937-3d67-44d0-adcf-2b5c9cac0b69,BXBMiAv3HjBhS4QhqHo6CPvM9ZjXVUwAKSytu9THVuDY,BXBMiAv3,completed,2025-11-30T03:08:54.786968,2025-11-30T03:13:45.749872,4.849381733333333,0.7963619999999999,0.836253,1.26,0.7963619999999999,54.35719056499432,65.00089155434338,0.21811067285271551,2.59295056499432,5.00915412839891,True,trailing_stop,0,0,0,0,0,48046.81,0,0,0,False,False,False,False,0.351,0.3,0.2,1.0,0.3,0.9,0.5,0,0,up,0.27999999999999997,15.125000000000002,,,24921.83892426957,13,113,0.0,0.0,jupiter,True,10.0,33.630714285714284,False,,0,1.0,True,
3343f0db-418b-4927-aa6a-8a842b7a65b0,37849sLup82gd58iA988TE9Q3RygmM75XHYMrot2FTFw,37849sLu,completed,2025-11-30T02:58:01.586020,2025-11-30T03:14:21.441168,16.33091913333333,0.00039727649999999996,0.000494406,0.0004994,0.00039727649999999996,57.529670960653355,116361.19092537987,0.23059526819135157,11.302104293986684,24.44884104647519,True,low_liquidity,0,0,0,0,0,27792.98,0,0,0,False,False,False,False,0.42041666666666666,0.5,0.2,1.0,0.3,0.9,0.5,0,0,sideways,0.2916666666666667,0.0,,,24948.331078898955,12,114,0.0,0.0,jupiter,True,10.0,1.0000000000000053,False,,0,1.0,True,
2cc90b24-cb75-41d6-bba8-c66b0615c8f6,42Z8wThb9KSvj1pjHPCmxYTEATBHo9jN9Fb56kJeiMcu,42Z8wThb,completed,2025-11-30T03:10:27.924768,2025-11-30T03:17:59.204440,7.521327866666667,4.107435e-05,2.76408e-05,6.201e-05,4.107435e-05,38.22940267217863,1383078.7340517868,0.15268802564587175,-18.579657327821376,-32.70544756033875,False,low_liquidity,0,0,0,0,0,0.0,0,0,0,False,False,False,False,0.28775,0.2,0.2,0.4,0.3,0.9,0.5,0,0,sideways,0.245,0.0,,,25037.590544817056,12,115,0.0,0.0,jupiter,True,10.0,55.425253991291726,False,,0,1.0,True,
187000a5-2009-405d-b8d4-13efca8d1716,7uYTDA8yLVb7itB1awtVnhd5KsMXbRziVkTW4WtTonGu,7uYTDA8y,completed,2025-11-30T03:15:31.407382,2025-11-30T03:17:59.311822,2.465074,0.0010002764999999998,0.00103554,0.001046,0.0010002764999999998,58.226908670152724,56228.546140325554,0.23275039743527265,1.98281533681938,3.525375233747887,True,low_liquidity,0,0,0,0,0,0.0,0,0,0,False,False,False,False,0.29483333333333334,0.2,0.2,0.6,0.3,0.9,0.5,0,0,up,0.30333333333333334,17.375000000000004,,,25016.88904155169,11,116,0.0,0.0,jupiter,True,10.0,1.0000000000000109,False,,0,1.0,True,
c5d3fee1-731e-44b3-b448-d8abacecae2f,y7ch5ve1ou2MsBF3pK8gt1NszFNcFqvZDttmzx93LcX,y7ch5ve1,completed,2025-11-30T03:12:33.431936,2025-11-30T03:17:59.411900,5.4329994,0.4728524999999999,0.5930099999999999,0.817,0.4728524999999999,64.91815515916697,109.47227729577408,0.2595753773568704,13.153915159166976,25.411201167383073,True,trailing_stop,0,0,0,0,0,40465.9,0,0,0,False,False,False,False,0.351,0.3,0.2,1.0,0.3,0.9,0.5,0,0,up,0.27999999999999997,15.125000000000002,,,25009.36561094388,10,117,0.0,0.0,jupiter,True,10.0,27.416156670746638,False,,0,1.0,True,
4dde0209-0bc1-4f6f-9fba-45dd73140176,2uYMZP1QRJ1pgtRvLtduJsAE5UY9gYKp17sWAS8e5N8R,2uYMZP1Q,completed,2025-11-30T03:10:43.305918,2025-11-30T03:18:33.413136,7.8351203,0.4985804999999999,0.818037,1.8,0.4985804999999999,55.20531055260284,67.48510220516044,0.22120092626383123,21.558554552602843,64.07320382566107,True,trailing_stop,0,0,0,0,0,47514.62,0,0,0,False,False,False,False,0.351,0.3,0.2,1.0,0.3,0.9,0.5,0,0,up,0.27999999999999997,15.125000000000002,,,24957.088329168317,9,118,0.0,0.0,jupiter,True,10.0,54.5535,False,"200,100",2,1.0,True,
d29e3144-d25d-4587-97b8-3a9e06d45eed,Hv8CDFLsX8JrpjJtSTQU8Tqkc1vf9x8rEDUKNPTwepqj,Hv8CDFLs,completed,2025-11-30T03:02:38.834301,2025-11-30T03:22:21.513905,19.711326733333333,0.34843349999999995,1.287,1.3,0.34843349999999995,123.94505500475701,96.30540404410024,0.4963614562564332,90.38902600475701,269.36746897184116,True,low_liquidity,0,0,0,0,0,0.0,0,0,0,False,False,False,False,0.35275,0.3,0.2,1.0,0.3,0.9,0.5,0,0,sideways,0.24499999999999997,0.0,,,24970.725152503335,12,119,0.0,0.0,jupiter,True,10.0,1.0000000000000093,False,"200,100",2,1.0,True,
69a21b55-0d85-4843-af69-83213c216797,Axw5C6GUpgogxbHbxuN3TJqsGnfYM6CrUaA1eT71fGy4,Axw5C6GU,completed,2025-11-30T03:11:17.404711,2025-11-30T03:22:21.614159,11.070157466666666,0.0001223085,0.00014355,0.0001479,0.0001223085,70.27923783710862,489580.2008854659,0.28085513271924123,10.399417837108626,17.36714946222054,True,low_liquidity,0,0,0,0,0,0.0,0,0,0,False,False,False,False,0.24925,0.1,0.2,0.4,0.3,0.9,0.5,0,0,up,0.315,20.75,,,25023.30548730393,11,120,0.0,0.0,jupiter,True,10.0,2.9411764705882337,False,,0,1.0,True,
2190fb7a-32db-4903-b891-9304e768d6d1,AQutVnhYoamQYejCeezHuMn5cAVJkuokjv2ssRVTXL9j,AQutVnhY,completed,2025-11-30T02:55:49.746764,2025-11-30T03:24:16.102329,28.43925941666667,0.00014743349999999996,0.00022354200000000002,0.0002258,0.00014743349999999996,82.8598853959243,370668.0865158417,0.33026450135341334,28.21099206259096,51.62225681408912,True,low_liquidity,0,0,0,0,0,8.85,0,0,0,False,False,False,False,0.3148333333333333,0.2,0.2,1.0,0.3,0.9,0.5,0,0,up,0.30333333333333334,17.375000000000004,,,25088.946906605808,14,121,0.0,0.0,jupiter,True,10.0,0.9999999999999959,False,,0,1.0,True,
69c785b8-bb5f-4f27-89de-3efd6a986e4b,2AuLtTZ4xxHC2zNhy5KMTQpQL6e2szpKQg62BRTuvaVf,2AuLtTZ4,completed,2025-11-30T03:21:33.390186,2025-11-30T03:24:16.242627,2.71420735,0.0011537399999999999,0.000987426,0.001368,0.0011537399999999999,46.611863666961376,47205.424676848066,0.18552374669430904,-7.850922999705303,-14.415206198970296,False,stop_loss,0,0,0,0,0,53369.96,0,0,0,False,False,False,False,0.31716666666666665,0.2,0.2,1.0,0.3,0.9,0.5,0,0,sideways,0.25666666666666665,0.0,,,25124.473010867237,13,122,0.0,0.0,jupiter,True,10.0,27.819736842105264,False,,0,1.0,True,
c297c212-8de9-4b63-adbf-972c0cf1e5ad,HGGpdop76TupCGpBUi6XhXowY1PfG54KKcmZ6AgrrnW9,HGGpdop7,completed,2025-11-30T03:23:17.899696,2025-11-30T03:26:17.020007,2.9853385166666664,0.0011406749999999998,0.0005326199999999999,0.001489,0.0011406749999999998,25.430529672693805,47746.10354979875,0.10096774915468139,-29.032256993972872,-53.306594779406936,False,stop_loss,0,0,0,0,0,35482.02,0,0,0,False,False,False,False,0.31716666666666665,0.2,0.2,1.0,0.3,0.9,0.5,0,0,sideways,0.25666666666666665,0.0,,,25186.784775933287,12,123,0.0,0.0,jupiter,True,10.0,64.22968435191405,False,,0,1.0,True,
783aebb1-68b0-4586-bf07-03b6e35764ff,4E9zfkGovAme6vHP2bkjaLKQyQSHLLVY44rtkKystH5J,4E9zfkGo,completed,2025-11-30T03:23:30.671196,2025-11-30T03:26:17.113303,2.7740351166666666,0.6887264999999999,0.579942,0.7568,0.6887264999999999,43.58806706882921,75.15935570941441,0.17318768574378962,-8.176172931170788,-15.79502168132052,False,stop_loss,0,0,0,0,0,40012.86,0,0,0,False,False,False,False,0.351,0.3,0.2,1.0,0.3,0.9,0.5,0,0,up,0.27999999999999997,15.125000000000002,,,25168.10989282028,11,124,0.0,0.0,jupiter,True,10.0,23.369186046511636,False,,0,1.0,True,
c83a6e7b-0805-4341-890f-6995e3c1ec04,DjHXtatX4oZGnujJSvPKkn5EhkfCcpuTZCoKroZqSJEp,DjHXtatX,completed,2025-11-30T03:21:23.837417,2025-11-30T03:30:05.678731,8.697355233333333,0.5783775,0.6082559999999999,2.045,0.5783775,35.38491939526693,58.1743861059602,0.14044511000056442,1.738163395266927,5.1659167239389365,True,trailing_stop,0,0,0,0,0,40971.91,0,0,0,False,False,False,False,0.351,0.3,0.2,1.0,0.3,0.9,0.5,0,0,up,0.27999999999999997,15.125000000000002,,,25194.839033644337,13,125,0.0,0.0,jupiter,True,10.0,70.25643031784841,False,"200,100",2,1.0,True,
57922c46-efe9-4079-b919-4cd08c131ac9,E8YR3w9oDD4gGDjajjo5tU9cgahSjV1eTSdt78gMRd5K,E8YR3w9o,completed,2025-11-30T03:27:56.917645,2025-11-30T03:30:05.792701,2.1479176,0.3426044999999999,0.108207,0.3426044999999999,0.3426044999999999,17.245419397293382,159.37434174585178,0.06839974050273236,-37.35694726937328,-68.41635179923206,False,stop_loss,0,0,0,0,0,32934.25,0,0,0,False,False,False,False,0.3154166666666667,0.2,0.2,1.0,0.3,0.9,0.5,0,0,up,0.2916666666666667,16.25,,,25212.69711045831,12,126,0.0,0.0,jupiter,True,10.0,68.41635179923206,False,,0,1.0,True,
0c188194-6688-41ee-b8a7-51c9e930412d,DaLuisFAgxjB1sZoPPPrLYdso9RJWoWmGSgqEy64Fy57,DaLuisFA,completed,2025-11-30T03:23:34.145963,2025-11-30T03:34:53.918942,11.329549649999999,0.6398834999999999,0.808137,2.26,0.6398834999999999,42.49396718867106,52.58262793149065,0.16819578502503382,8.847211188671064,26.294395776731243,True,trailing_stop,0,0,0,0,0,47212.78,0,0,0,False,False,False,False,0.351,0.3,0.2,1.0,0.3,0.9,0.5,0,0,up,0.27999999999999997,15.125000000000002,,,25264.58506813733,11,127,0.0,0.0,jupiter,True,10.0,64.24172566371682,False,"200,100",2,1.0,True,
9ad65177-1f00-43a6-9a3d-a436770e62d8,8raDuH6M7fUZ18ZfywxKr3Q4aG83PRMVbR6ZzvDPBF7t,8raDuH6M,completed,2025-11-30T01:54:45.224591,2025-11-30T03:37:00.874602,102.26083351666666,0.00012190649999999998,0.000853281,0.0008619,0.00012190649999999998,80.51296331227626,94356.91561428914,0.31895560590934086,69.01024197894293,599.9470905981225,True,low_liquidity,0,0,0,0,0,27.64,0,0,0,False,False,False,False,0.27891666666666665,0.2,0.2,0.2,0.3,0.9,0.5,0,0,sideways,0.22166666666666668,0.0,,,25242.68638663183,11,128,0.0,0.0,jupiter,True,10.0,0.999999999999996,False,"400,100,500,200,600,300",6,1.0,True,
4f3e4532-e138-4641-a870-c4638e046892,B11cJSBDEsPnNaczSvKtfFt5eZ3VpcVNy1scJxyQk5J5,B11cJSBD,completed,2025-11-30T03:40:40.452772,2025-11-30T03:41:23.404359,0.7158597833333334,0.0013688099999999998,0.000769032,0.0013688099999999998,0.0013688099999999998,30.598567920924026,39788.41962483229,0.12021368982705974,-23.864218745742654,-43.817476494181065,False,stop_loss,0,0,0,0,0,46994.33,0,0,0,False,False,False,False,0.31716666666666665,0.2,0.2,1.0,0.3,0.9,0.5,0,0,sideways,0.25666666666666665,0.0,,,25453.4803523154,13,129,0.0,0.0,jupiter,True,10.0,43.817476494181065,False,,0,1.0,True,
12e2dee1-f406-479e-98dd-8d74f1aeeaee,4VCQPhbSFw2Hk2Xsdkg23JZk3K56VwKgo2Vt3whMkpA6,4VCQPhbS,completed,2025-11-30T03:19:46.021805,2025-11-30T03:42:56.252457,23.170510866666667,6.370694999999999e-05,0.000136917,0.0001383,6.370694999999999e-05,101.28930043836664,739786.1510138744,0.39769595752945086,54.159781105033304,114.9168968220893,True,low_liquidity,0,0,0,0,0,0.0,0,0,0,False,False,False,False,0.30483333333333335,0.2,0.2,0.8,0.3,0.9,0.5,0,0,up,0.30333333333333334,17.375000000000004,,,25469.02942327891,13,130,0.0,0.0,jupiter,True,10.0,1.0000000000000075,False,100,1,1.0,True,
561aa5c8-6b47-44ba-acc7-f3862c66ef46,C1zvPyc81cFgTHoQTcj7Gh2bRgC1fKi55pEo4x53A9pD,C1zvPyc8,completed,2025-11-30T03:36:13.753842,2025-11-30T03:44:57.357790,8.726732466666666,0.7657094999999999,0.43124399999999996,1.77,0.7657094999999999,24.780370659337517,57.46252854378848,0.09739646463541161,-19.219233340662484,-43.680468898453,False,stop_loss,0,0,0,0,0,34417.02,0,0,0,False,False,False,False,0.351,0.3,0.2,1.0,0.3,0.9,0.5,0,0,up,0.27999999999999997,15.125000000000002,,,25442.782499445897,14,131,0.0,0.0,jupiter,True,10.0,75.63593220338983,False,100,1,1.0,True,
4143d38f-cfcc-4cc9-8aba-00b18e61568a,DyGDXcUwtdeGWx4KdYbDV9vujhpseAcsveB7giEiiFkP,DyGDXcUw,completed,2025-11-30T03:37:47.548107,2025-11-30T03:44:57.445205,7.164951633333334,0.6346574999999999,0.686862,1.49,0.6346574999999999,47.61884323851527,69.3281084679532,0.1873327688204981,3.6192392385152696,8.22561775445813,True,trailing_stop,0,0,0,0,0,43435.38,0,0,0,False,False,False,False,0.351,0.3,0.2,1.0,0.3,0.9,0.5,0,0,up,0.27999999999999997,15.125000000000002,,,25419.38793641787,13,132,0.0,0.0,jupiter,True,10.0,53.90187919463087,False,100,1,1.0,True,
ab1fc7be-fa1c-4d2b-a669-2e21e3fbe104,J4q9D9vdazemhjb7ULEsxfJ81JmzGV1JhzrBCjVvuibk,J4q9D9vd,completed,2025-11-30T03:44:02.664020,2025-11-30T03:44:57.533029,0.9144834833333333,0.585513,0.288783,0.585513,0.585513,25.530829409287247,88.40835301692705,0.1003527981820462,-26.233410590712758,-50.678635657961465,False,stop_loss,0,0,0,0,0,28166.68,0,0,0,False,False,False,False,0.351,0.3,0.2,1.0,0.3,0.9,0.5,0,0,up,0.27999999999999997,15.125000000000002,,,25441.073763556382,12,133,0.0,0.0,jupiter,True,10.0,50.678635657961465,False,,0,1.0,True,
cff5f688-e64f-4e49-9052-a4317c95015f,8d5LjcEc4dKsrsj6FSE3Ba38bLxF5N59sfBgP8icQVbx,8d5LjcEc,completed,2025-11-30T03:29:48.714089,2025-11-30T03:47:18.887767,17.502894633333334,0.20793449999999997,0.231165,0.2335,0.20793449999999997,51.34039859474981,222.0941690772816,0.20218819488722262,5.1593585947498,11.172027729886116,True,low_liquidity,0,0,0,0,0,65015.74,0,0,0,False,False,False,False,0.421,0.5,0.2,1.0,0.3,0.9,0.5,0,0,sideways,0.27999999999999997,0.0,,,25392.381896176812,14,134,0.0,0.0,jupiter,True,10.0,1.0000000000000016,False,,0,1.0,True,
05d95dc0-7c95-4a2b-b02a-ee8fe2222f73,38N45nif38ve6fEsPS2LxksSciqGyti1P46PSoq68raA,38N45nif,completed,2025-11-30T03:19:00.550440,2025-11-30T03:47:18.994284,28.3073974,4.109445e-05,7.651709999999999e-05,0.0001807,4.109445e-05,52.88870546905969,691201.1232660372,0.20830408020176128,24.484175469059686,86.19813624467535,True,trailing_stop,0,0,0,0,0,119031.03,0,0,0,False,False,False,False,0.28775,0.2,0.2,0.4,0.3,0.9,0.5,0,0,sideways,0.245,0.0,,,25390.14378298889,13,135,0.0,0.0,jupiter,True,10.0,57.6551743220808,False,"200,100,300",3,1.0,True,
cf49e285-30d3-488e-9444-b0b2d719db1e,BxacpaXv8eeXbg3mM8yp9QJf3rfuMFRZitXh3ENXX5Eq,BxacpaXv,completed,2025-11-30T03:48:11.299270,2025-11-30T03:49:17.417693,1.1019737166666668,0.0014080049999999997,0.0013939249499999996,0.0014080049999999997,0.0014080049999999997,53.91815880000001,38680.81907853075,0.21180501468564533,-0.5446278666666707,-1.0000000000000073,False,low_liquidity,0,0,0,0,0,0.0,0,0,0,False,False,False,False,0.31716666666666665,0.2,0.2,1.0,0.3,0.9,0.5,0,0,sideways,0.25666666666666665,0.0,,,25456.507193667592,14,136,0.0,0.0,jupiter,True,10.0,1.0000000000000073,False,,0,1.0,True,
5af6a900-0721-4586-b826-dacfd2bd900a,ChCGH5G75Pqqhm9GKch2dDPhD3ciaEaREYcyTQUKFYjQ,ChCGH5G7,completed,2025-11-30T03:50:04.502471,2025-11-30T03:51:39.878837,1.5896061000000001,0.31556999999999996,0.343035,0.3465,0.31556999999999996,56.2694364749501,164.03409703076974,0.22047297018275339,4.505196474950094,8.703298792660906,True,low_liquidity,0,0,0,0,0,0.0,0,0,0,False,False,False,False,0.351,0.3,0.2,1.0,0.3,0.9,0.5,0,0,up,0.27999999999999997,15.125000000000002,,,25522.14742165786,14,137,0.0,0.0,jupiter,True,10.0,0.9999999999999988,False,,0,1.0,True,
57b96fd8-81b5-497d-acee-344b5b1c6741,J4q9D9vdazemhjb7ULEsxfJ81JmzGV1JhzrBCjVvuibk,J4q9D9vd,completed,2025-11-30T03:46:51.384768,2025-11-30T03:52:01.635564,5.1708466,0.2931585,0.288783,0.2931585,0.2931585,51.05056656716418,176.77829570010763,0.19998905590351118,-0.7734934328358168,-1.492537313432828,False,low_liquidity,0,0,0,0,0,60098.39,0,0,0,False,False,False,False,0.35025,0.3,0.2,1.0,0.3,0.9,0.5,0,0,up,0.295,15.125000000000002,,,25526.680115833227,13,138,0.0,0.0,jupiter,True,10.0,1.492537313432828,False,,0,1.0,True,
0138d1a0-e915-4eb0-b8df-db73c0b66b18,6pfrAcSmc3myqZzS3rz6yMmP4CX3zKvkd6CTzhkE91mr,6pfrAcSm,completed,2025-11-30T03:52:26.322271,2025-11-30T03:53:40.555852,1.23722635,0.001152735,0.000365409,0.001152735,0.001152735,17.26432563692436,47246.58023454365,0.06741922111891036,-37.19846102974231,-68.3006935679059,False,stop_loss,0,0,0,0,0,29306.69,0,0,0,False,False,False,False,0.31716666666666665,0.2,0.2,1.0,0.3,0.9,0.5,0,0,sideways,0.25666666666666665,0.0,,,25607.423744149288,14,139,0.0,0.0,jupiter,True,10.0,68.3006935679059,False,,0,1.0,True,
389a925c-82bd-47db-95df-8e6a875368f3,DXQDiS4LPzhcdHqRb7CpnvtMQJgBn2CHJZPsEXzCd7vN,DXQDiS4L,completed,2025-11-30T02:06:23.854603,2025-11-30T03:54:10.377884,107.77538801666667,4.740585e-06,1.10385e-05,1.104e-05,4.740585e-06,111.04393653220015,10059694.39074151,0.4351770768582662,63.355100198866815,132.85100889447187,True,manual_closeall,0,0,0,0,0,128451.24,0,0,0,False,False,False,False,0.2965833333333333,0.2,0.2,0.6,0.3,0.9,0.5,0,0,sideways,0.2683333333333333,0.0,,,25516.95446227888,13,140,0.0,0.0,jupiter,True,10.0,0.013586956521738233,False,100,1,1.0,True,
79ba4722-3f84-4fa8-bebb-2e94b7afffd7,AWthCrUcBHYMj26ixbpRf9gYjHm6an5YLjs4eKsYa8GB,AWthCrUc,completed,2025-11-30T02:26:14.993691,2025-11-30T03:54:10.984198,87.93317511666667,0.000129042,0.000254034,0.0002547,0.000129042,118.80931964476682,467690.62269132014,0.4657628955610649,58.45758631143348,96.86148695773468,True,manual_closeall,0,0,0,0,0,379142.04,0,0,0,False,False,False,False,0.24333333333333332,0.1,0.2,0.2,0.3,0.9,0.5,0,0,sideways,0.23333333333333334,0.0,,,25508.541100434235,12,141,0.0,0.0,jupiter,True,10.0,0.2614840989399386,False,,0,1.0,True,
51806559-b8d9-4cff-a675-b36ea83a5d68,EzYZaRRrSfDvALnuWvXcay41r7Nw7BfzZTYtXyDTZ8Hr,EzYZaRRr,completed,2025-11-30T02:26:31.069270,2025-11-30T03:54:11.323827,87.67090928333333,0.00013627799999999999,0.000545886,0.0005386,0.00013627799999999999,141.92544770162465,259991.0012376662,0.5568551602140117,106.49439403495798,300.5679566767931,True,manual_closeall,0,0,0,0,0,153519.64,0,0,0,False,False,False,False,0.3165833333333333,0.2,0.2,1.0,0.3,0.9,0.5,0,0,sideways,0.2683333333333333,0.0,,,25486.959238571046,11,142,0.0,0.0,jupiter,True,10.0,-1.3527664314890477,False,"200,100",2,1.0,True,
864de3de-baee-4ad0-9630-f940bbeb2d0c,5twGGqHLw9LW144FVG8Zqa7RWriCb1enaRcaP2XHXj53,5twGGqHL,completed,2025-11-30T03:00:02.583098,2025-11-30T03:54:11.624926,54.15069713333333,3.7195049999999996e-05,0.000121473,0.0001224,3.7195049999999996e-05,122.28710477918433,1006701.9401775238,0.4794588568789269,84.84277577918435,226.58377929321242,True,manual_closeall,0,0,0,0,0,129314.35,0,0,0,False,False,False,False,0.27775,0.2,0.2,0.2,0.3,0.9,0.5,0,0,sideways,0.245,0.0,,,25505.234291680696,10,143,0.0,0.0,jupiter,True,10.0,0.7573529411764705,False,"200,100",2,1.0,True,
d78178f0-4e1e-4b05-a49e-ed507bc31d11,AuZaT2mfBzqvvQXo2Xh58oEjCefEDieMBbdoZDjYuK3T,AuZaT2mf,completed,2025-11-30T03:04:55.265692,2025-11-30T03:54:11.824345,49.27597755,5.1104249999999994e-06,8.712e-06,8.751e-06,5.1104249999999994e-06,95.64420183448543,10978443.736740751,0.3746187296909789,39.539688501152085,70.47505833663543,True,manual_closeall,0,0,0,0,0,113439.52,0,0,0,False,False,False,False,0.2965833333333333,0.2,0.2,0.6,0.3,0.9,0.5,0,0,sideways,0.2683333333333333,0.0,,,25531.078468335483,9,144,0.0,0.0,jupiter,True,10.0,0.44566335275967456,False,,0,1.0,True,
29c285ef-405a-48a8-a763-5871340c08df,EHX7Z3y3inZktNuCeeC3LjomypkvknSPx7PNPtBMoyKT,EHX7Z3y3,completed,2025-11-30T03:23:21.201310,2025-11-30T03:54:12.184323,30.849716883333333,0.0008377679999999999,0.00211761,0.002084,0.0008377679999999999,122.35578121608846,57780.13005987338,0.47969488740370586,73.94943721608846,152.76806944165926,True,manual_closeall,0,0,0,0,0,139410.29,0,0,0,False,False,False,False,0.286,0.2,0.2,0.4,0.3,0.9,0.5,0,0,up,0.27999999999999997,15.125000000000002,,,25507.001310421558,8,145,0.0,0.0,jupiter,True,10.0,-1.61276391554702,False,100,1,1.0,True,
adc39de6-cb78-47a3-8f20-cb127443ac01,6wiEj3HSVKEPta5xDo9ZVtAb5YSySEwWBSzueVfMgF3m,6wiEj3HS,completed,2025-11-30T03:28:00.383356,2025-11-30T03:54:12.504662,26.202021766666668,0.000126027,0.000155232,0.0001569,0.000126027,72.77370067556953,468806.04949733004,0.2847680466814564,13.691480675569524,23.173605655930878,True,manual_closeall,0,0,0,0,0,264340.79,0,0,0,False,False,False,False,0.25925,0.1,0.2,0.6,0.3,0.9,0.5,0,0,up,0.315,20.75,,,25555.43064737692,7,146,0.0,0.0,jupiter,True,10.0,1.0630975143403432,False,,0,1.0,True,
69316978-bb0b-4e6e-81a1-b2bf0d1f068a,FaxVPrbq89LjytZwufrD4ojWnehnywCpk1yJnZJxREvq,FaxVPrbq,completed,2025-11-30T03:40:22.385900,2025-11-30T03:54:12.702486,13.838609766666668,0.0001494435,0.000174636,0.0001764,0.0001494435,63.86135319475253,365682.6381430663,0.24981481269040728,9.2124598614192,16.857541478886674,True,manual_closeall,0,0,0,0,0,80026.92,0,0,0,False,False,False,False,0.3148333333333333,0.2,0.2,1.0,0.3,0.9,0.5,0,0,up,0.30333333333333334,17.375000000000004,,,25563.47740431837,6,147,0.0,0.0,jupiter,True,10.0,0.9999999999999953,False,,0,1.0,True,
65de4c9f-aaaf-4439-9c3b-78044a41d9dd,5mJokBor8YwtMZBAcxtpXHcwMFP2AQMAgHexEgD2ioM6,5mJokBor,completed,2025-11-30T03:42:13.539660,2025-11-30T03:54:12.983308,11.990727466666668,0.8298284999999999,2.475,2.47,0.8298284999999999,131.2307541859553,53.022526943820324,0.5147075219178732,87.23115018595531,198.2543983485745,True,manual_closeall,0,0,0,0,0,82070.27,0,0,0,False,False,False,False,0.351,0.3,0.2,1.0,0.3,0.9,0.5,0,0,up,0.27999999999999997,15.125000000000002,,,25496.179596709782,5,148,0.0,0.0,jupiter,True,10.0,-0.20242914979756652,False,100,1,1.0,True,
0ccbfad7-f852-4f08-b56a-65cacdfa4284,DuFSVfPpwUri8qX2c5mRGyp3qr8aB2x8ptFTVekfKe8F,DuFSVfPp,completed,2025-11-30T03:43:40.676321,2025-11-30T03:54:13.153084,10.541279383333334,0.00017265899999999997,0.00023265,0.000235,0.00017265899999999997,73.44877328723092,315705.0216515406,0.2874389892509616,18.939459953897575,34.745365141695494,True,manual_closeall,0,0,0,0,0,79985.08,0,0,0,False,False,False,False,0.3165833333333333,0.2,0.2,1.0,0.3,0.9,0.5,0,0,sideways,0.2683333333333333,0.0,,,25552.822001855548,4,149,0.0,0.0,jupiter,True,10.0,1.0000000000000013,False,,0,1.0,True,
0926321c-3687-4de9-9dba-5a3969375bf9,CFHZwHro9WF8h8dbCtkDuRL2JbQghbu61v9RpP2NiNUA,CFHZwHro,completed,2025-11-30T03:45:59.530987,2025-11-30T03:54:13.324886,8.229898316666667,4.708425e-06,4.91733e-06,4.981e-06,4.708425e-06,60.06538990643368,12215041.477068588,0.23494819591184374,2.5517832397670155,4.43683397314389,True,manual_closeall,0,0,0,0,0,92980.24,0,0,0,False,False,False,False,0.27891666666666665,0.2,0.2,0.2,0.3,0.9,0.5,0,0,sideways,0.22166666666666668,0.0,,,25565.376092085913,3,150,0.0,0.0,jupiter,True,10.0,1.278257378036546,False,,0,1.0,True,
a57c9076-8887-452b-966c-6b8d0333e5e9,848fPvZDtBK124WM7jyT9o9i2RKPAX6HSsg5VqabftaF,848fPvZD,completed,2025-11-30T03:46:33.479281,2025-11-30T03:54:13.494276,7.666916583333333,4.7687249999999996e-05,6.2172e-05,6.28e-05,4.7687249999999996e-05,72.28807246213611,1162711.0670741831,0.28290306069909565,16.841579128802778,30.374471163675835,True,manual_closeall,0,0,0,0,0,85650.6,0,0,0,False,False,False,False,0.30483333333333335,0.2,0.2,0.8,0.3,0.9,0.5,0,0,up,0.30333333333333334,17.375000000000004,,,25552.241210647036,2,151,0.0,0.0,jupiter,True,10.0,0.9999999999999916,False,,0,1.0,True,
015244a7-bf5a-4ea8-9218-0665e51059b3,FMooj1fJnw2vzirXjEqBEpeSLJn7HeXWCqbdThJHUewG,FMooj1fJ,completed,2025-11-30T03:48:20.829258,2025-11-30T03:54:13.759491,5.88217055,0.702897,2.03346,1.91,0.702897,127.28953850968207,62.597512864616014,0.49908171460783063,83.28993450968206,189.29700937690725,True,manual_closeall,0,0,0,0,0,72171.35,0,0,0,False,False,False,False,0.351,0.3,0.2,1.0,0.3,0.9,0.5,0,0,up,0.27999999999999997,15.125000000000002,,,25504.74897877272,1,152,0.0,0.0,jupiter,True,10.0,-6.463874345549733,False,100,1,1.0,True,
d945b0c2-ddd7-471f-94ac-22c7919831dd,9S8bSJFgcz5dZTo6E8h78dzhK7KkqaABcMmEXFfgcu8j,9S8bSJFg,completed,2025-11-30T03:52:30.053969,2025-11-30T03:54:13.953141,1.7316528666666666,3.363735e-05,4.09068e-05,4.088e-05,3.363735e-05,68.39914194096741,1672072.6612926803,0.267567747743039,12.155048607634072,21.6112446432314,True,manual_closeall,0,0,0,0,0,64582.95,0,0,0,False,False,False,False,0.29483333333333334,0.2,0.2,0.6,0.3,0.9,0.5,0,0,up,0.30333333333333334,17.375000000000004,,,25563.298461014485,0,153,0.0,0.0,jupiter,True,10.0,-0.06555772994128614,False,,0,1.0,True,
0fcd13b5-2811-41e6-a688-4774a8b6fdfc,2KqJZWarEQ2YgPMmNWnDUofGmZEdWjhkUfZUjhZLXpbK,2KqJZWar,completed,2025-11-30T04:28:39.292837,2025-11-30T04:34:09.864409,5.5095262,0.6101354999999999,0.6010289999999999,0.6101354999999999,0.6101354999999999,38.243729552238804,63.63042307815232,0.1490064175010482,-0.5794504477611951,-1.4925373134328388,False,low_liquidity,0,0,0,0,0,65169.06,0,0,0,False,False,False,False,0.351,0.3,0.2,1.0,0.3,0.9,0.5,0,0,up,0.27999999999999997,15.125000000000002,,,25665.827145981668,5,101,0.0,0.0,jupiter,True,10.0,1.4925373134328388,False,,0,1.0,True,
044be6a5-3f59-47fb-8b4e-b22a1aaa2105,CQ6K4LetxQSjbxYv56V9RhuyxjV3krbn5Rz1ototF5Kd,CQ6K4Let,completed,2025-11-30T04:28:55.537599,2025-11-30T04:34:52.572580,5.950583016666667,0.0007938494999999999,0.000638451,0.00109,0.0007938494999999999,31.251486386053028,48948.91915911014,0.12177192294925406,-7.606588613946973,-19.575309929652903,False,stop_loss,0,0,0,0,0,42844.19,0,0,0,False,False,False,False,0.35041666666666665,0.3,0.2,1.0,0.3,0.9,0.5,0,0,up,0.2916666666666667,16.25,,,25663.95079354741,4,102,0.0,0.0,jupiter,True,10.0,41.426513761467895,False,,0,1.0,True,
e6dc2dd8-ca85-4f95-a0e2-c02aef5886ae,GLau6wTfMrTWQdReoARgFRVKcDP7QrEPag1UqMucPE1M,GLau6wTf,completed,2025-11-30T04:28:20.382147,2025-11-30T04:43:01.047548,14.677756683333333,0.543705,0.125235,0.6175,0.543705,8.942387778850664,71.40486109195244,0.03476996096348171,-29.88079222114934,-76.96636963059012,False,stop_loss,0,0,0,0,0,18554.95,0,0,0,False,False,False,False,0.351,0.3,0.2,1.0,0.3,0.9,0.5,0,0,up,0.27999999999999997,15.125000000000002,,,25718.716763135573,7,103,0.0,0.0,jupiter,True,10.0,79.71902834008098,False,,0,1.0,True,
83ca57bf-0f64-4095-8823-317d2409e31e,8ujzRh7bdBhynvjAequJgsHzbprqDCjh2REkfj7r93Ts,8ujzRh7b,completed,2025-11-30T04:37:37.087610,2025-11-30T04:43:01.137256,5.400827433333333,1.0072109999999999,0.266607,1.0072109999999999,1.0072109999999999,10.839863620855015,40.65858593680967,0.04215109603821265,-30.11191137914498,-73.53017391589249,False,stop_loss,0,0,0,0,0,27069.53,0,0,0,False,False,False,False,0.3154166666666667,0.2,0.2,1.0,0.3,0.9,0.5,0,0,up,0.2916666666666667,16.25,,,25716.68269557686,6,104,0.0,0.0,jupiter,True,10.0,73.53017391589249,False,,0,1.0,True,
8d6da127-684a-4b45-b77f-8c27af4cecc0,FPQBrHKkYwn7iK9PZFaC68W8umW3BXDRQswUWMgta7SZ,FPQBrHKk,completed,2025-11-30T04:43:51.504696,2025-11-30T04:45:08.583001,1.2846384166666667,4.35366e-06,4.3956e-06,4.44e-06,4.35366e-06,43.0172379336007,9786431.416325575,0.16678356308211412,0.41044293360069267,0.9633274072849007,True,low_liquidity,0,0,0,0,0,0.53,0,0,0,False,False,False,False,0.28775,0.2,0.2,0.4,0.3,0.9,0.5,0,0,sideways,0.245,0.0,,,25792.252628888626,8,105,0.0,0.0,jupiter,True,10.0,0.9999999999999988,False,,0,1.0,True,
67ac4d88-ec8a-4ae7-acc9-e36e73b64bff,614DuCr4cBXzWmzL2MaB6XjHZeESozGDh4kqKcJaGU1A,614DuCr4,completed,2025-11-30T04:42:33.694967,2025-11-30T04:46:50.794182,4.284986916666667,1.3969499999999997,0.820611,2.037,1.3969499999999997,24.05632058021046,29.315132968252268,0.09314152954369592,-16.895454419789534,-41.25695264683774,False,stop_loss,0,0,0,0,0,47567.56,0,0,0,False,False,False,False,0.3154166666666667,0.2,0.2,1.0,0.3,0.9,0.5,0,0,up,0.2916666666666667,16.25,,,25827.706177967375,7,106,0.0,0.0,jupiter,True,10.0,59.71472754050073,False,,0,1.0,True,
7832243c-a2e7-4a53-98a7-be6f95443b17,4EGLepzWMmU1eAwwmJB8qwA2Y93JNNfe6du5UnokLH9r,4EGLepzW,completed,2025-11-30T04:32:22.450866,2025-11-30T04:48:56.914207,16.574389016666668,0.00049446,0.00237105,0.003678,0.00049446,39.49456440935566,16656.993487845328,0.1529170568034322,31.258347409355665,379.5231161266837,True,trailing_stop,0,0,0,0,0,75084.84,0,0,0,False,False,False,False,0.3115833333333333,0.3,0.2,0.2,0.3,0.9,0.5,0,0,sideways,0.2683333333333333,0.0,,,25827.442166980818,8,107,0.0,0.0,jupiter,True,10.0,35.534257748776504,False,"400,100,500,200,600,300",6,1.0,True,
98d3eece-68a2-4f37-a056-a688856db826,uuMaZvYS1VKRFU3E9SnG5ja1k1xcayzhhBy1piSwGyM,uuMaZvYS,completed,2025-11-30T04:44:25.411775,2025-11-30T04:48:57.033806,4.52703385,0.0036079499999999995,0.00311256,0.003727,0.0036079499999999995,33.49255869421694,10760.45399742236,0.12965035654909318,-5.330621305783059,-13.730511786471533,False,stop_loss,0,0,0,0,0,42962.73,0,0,0,False,False,False,False,0.351,0.3,0.2,1.0,0.3,0.9,0.5,0,0,up,0.27999999999999997,15.125000000000002,,,25832.98618352407,7,108,0.0,0.0,jupiter,True,10.0,16.48618191574993,False,,0,1.0,True,
ae7623e5-3267-421c-83f4-613c36d3ea09,Gc591hPfmkj7uaFztuEtQSzVjtGEGyPsy5DXPuU6bhF,Gc591hPf,completed,2025-11-30T04:47:40.132359,2025-11-30T04:54:46.826874,7.1115752500000005,0.4867215,1.3266,1.34,0.4867215,89.94343993392528,67.79996979792347,0.34741082511955446,56.943736933925265,172.5583316126368,True,low_liquidity,0,0,0,0,0,2270.48,0,0,0,False,False,False,False,0.351,0.3,0.2,1.0,0.3,0.9,0.5,0,0,up,0.27999999999999997,15.125000000000002,,,25889.648056583457,7,109,0.0,0.0,jupiter,True,10.0,1.0000000000000058,False,100,1,1.0,True,
16e17cb7-f7a4-462f-9c1a-ef13452347d7,8b8ybunTYJqT9BsCX4RveE4ED88Zg3C83oJPmag7r8c5,8b8ybunT,completed,2025-11-30T04:42:20.488328,2025-11-30T04:55:30.033395,13.15908445,1.1657999999999997,0.9486180000000001,2.75,1.1657999999999997,28.32428569429363,29.858473794819016,0.10928495635883453,-6.4847230557063735,-18.62943901183734,False,stop_loss,0,0,0,0,0,51117.38,0,0,0,False,False,False,False,0.3154166666666667,0.2,0.2,1.0,0.3,0.9,0.5,0,0,up,0.2916666666666667,16.25,,,25917.82678788059,6,110,0.0,0.0,jupiter,True,10.0,65.5048,False,100,1,1.0,True,
9e33ad6c-1c52-4003-9b6a-ce7424e48ede,8D65EdhPZMj2vEtVohehfMSxdp8B52iqqpBuvHdjNMzA,8D65EdhP,completed,2025-11-30T04:47:49.625764,2025-11-30T04:57:07.255015,9.29382085,3.47328e-05,4.5639e-05,4.61e-05,3.47328e-05,55.42867640184494,1214502.4299797309,0.21390646351624212,13.245606401844942,31.400290215588722,True,low_liquidity,0,0,0,0,0,0.0,0,0,0,False,False,False,False,0.29483333333333334,0.2,0.2,0.6,0.3,0.9,0.5,0,0,up,0.30333333333333334,17.375000000000004,,,25912.57668922014,5,111,0.0,0.0,jupiter,True,10.0,1.0000000000000024,False,,0,1.0,True,
d8098e38-cd2b-4025-bada-e6783483d73f,Df73ZbXrQvWHeo3YRVgd7R8uSdXYpCsCv6JxCA4yZCz,Df73ZbXr,completed,2025-11-30T04:42:23.662116,2025-11-30T04:59:13.493569,16.830524216666667,0.05451119999999999,0.0648153,0.06547,0.05451119999999999,20.59144241398099,317.6941619336945,0.07922409873122556,3.273552413980987,18.902720908730718,True,low_liquidity,0,0,0,0,0,44468.24,0,0,0,False,False,False,False,0.421,0.5,0.2,1.0,0.3,0.9,0.5,0,0,sideways,0.27999999999999997,0.0,,,25991.38739821982,6,112,0.0,0.0,jupiter,True,10.0,0.9999999999999911,False,,0,1.0,True,
081e0cc0-b362-402d-8510-2b400f163150,4oH5mcdMe8V1fVnCU9VuvoCFKwzX3YdQUYjSLVLD94iD,4oH5mcdM,completed,2025-11-30T04:58:08.833045,2025-11-30T05:01:38.642009,3.496816066666667,0.0009494235,0.0008524889999999999,0.001262,0.0009494235,36.708004921581356,43059.79892008151,0.1410882875365044,-4.173980078418644,-10.209827332059938,False,stop_loss,0,0,0,0,0,49519.54,0,0,0,False,False,False,False,0.3165833333333333,0.2,0.2,1.0,0.3,0.9,0.5,0,0,sideways,0.2683333333333333,0.0,,,26017.754955090608,7,113,0.0,0.0,jupiter,True,10.0,32.44936608557846,False,,0,1.0,True,
294714b3-5433-438f-8fb5-1321014a38fc,BHCLkGGdoNAscNcbSRAYc5jKeDMoWEU1PjKchUVWNuWQ,BHCLkGGd,completed,2025-11-30T05:00:33.164230,2025-11-30T05:01:38.741230,1.0929499999999999,0.0012260999999999997,0.00032363099999999995,0.0012260999999999997,0.0012260999999999997,10.781652869904578,33314.648071119824,0.041398694288453254,-30.065437130095425,-73.60484462931245,False,stop_loss,0,0,0,0,0,27615.55,0,0,0,False,False,False,False,0.31716666666666665,0.2,0.2,1.0,0.3,0.9,0.5,0,0,sideways,0.25666666666666665,0.0,,,26043.46116517919,6,114,0.0,0.0,jupiter,True,10.0,73.60484462931245,False,,0,1.0,True,
f0a691f1-f0dd-4254-9f0e-60bc6a8ef68b,9eqrDmVJuuKxb3zdwWhBPLfduQe3zxv3XEFP69bpJL2,9eqrDmVJ,completed,2025-11-30T05:00:08.509119,2025-11-30T05:01:59.701554,1.85320725,0.0009284189999999999,0.0007604189999999999,0.001184,0.0009284189999999999,33.48427612071166,44033.981424335354,0.12877540550634925,-7.397708879288338,-18.095278101805327,False,stop_loss,0,0,0,0,0,46756.54,0,0,0,False,False,False,False,0.3165833333333333,0.2,0.2,1.0,0.3,0.9,0.5,0,0,sideways,0.2683333333333333,0.0,,,26002.073912367316,5,115,0.0,0.0,jupiter,True,10.0,35.7754222972973,False,,0,1.0,True,
f5280056-80ba-429b-843e-5e3687c37ae0,DTHiq9XVjV82wUhD9FGbs1xJPobBNFgmUBXiULCxEngF,DTHiq9XV,completed,2025-11-30T05:02:39.900242,2025-11-30T05:05:17.139387,2.6206524166666667,0.6899325,0.214335,0.7779,0.6899325,12.060841147938387,56.270983030948685,0.046268762369394215,-26.762338852061614,-68.93391744844605,False,stop_loss,0,0,0,0,0,24318.59,0,0,0,False,False,False,False,0.351,0.3,0.2,1.0,0.3,0.9,0.5,0,0,up,0.27999999999999997,15.125000000000002,,,26066.919732256272,7,116,0.0,0.0,jupiter,True,10.0,72.44697261858852,False,,0,1.0,True,
5715d66f-2958-459d-9cd0-0d33d5a046fb,9eqrDmVJuuKxb3zdwWhBPLfduQe3zxv3XEFP69bpJL2,9eqrDmVJ,completed,2025-11-30T05:02:58.196770,2025-11-30T05:05:17.243029,2.31743765,0.0009313335,0.0007413119999999999,0.001126,0.0009313335,32.659803683556966,44056.75840072327,0.12539300068023237,-8.371731316443038,-20.403163850543336,False,stop_loss,0,0,0,0,0,46233.98,0,0,0,False,False,False,False,0.3140833333333333,0.2,0.2,1.0,0.3,0.9,0.5,0,0,up,0.31833333333333336,17.375000000000004,,,26045.95432471027,6,117,0.0,0.0,jupiter,True,10.0,34.164120781527544,False,,0,1.0,True,
343fc121-8cef-4ba2-8f1f-ab603c8e3526,AzV8XEaXPcQozgnF9fATAYspbgvr3Fz7XDettydkZgZ6,AzV8XEaX,completed,2025-11-30T04:27:55.943690,2025-11-30T05:05:59.898076,38.06590643333333,3.1396199999999996e-05,9.544589999999999e-05,9.672e-05,3.1396199999999996e-05,83.35501438369772,873322.1058599451,0.3204822019985819,55.93601888369771,204.00462476350643,True,low_liquidity,0,0,0,0,0,0.0,0,0,0,False,False,False,False,0.29483333333333334,0.2,0.2,0.6,0.3,0.9,0.5,0,0,up,0.30333333333333334,17.375000000000004,,,26009.249145157384,5,118,0.0,0.0,jupiter,True,10.0,1.3173076923077014,False,"200,100",2,1.0,True,
5d0b23ee-469c-42d0-bb9c-64688929d2c2,2xhYto949JTqbmiafzLxAEgsNnEdZXkfevYWHVELTMSb,2xhYto94,completed,2025-11-30T04:44:22.336829,2025-11-30T05:06:00.040476,21.628394116666666,4.225019999999999e-05,0.00015265800000000001,0.0001542,4.225019999999999e-05,97.66512359465757,639764.2022996342,0.3757261331128286,70.63495809465758,261.3189996733745,True,low_liquidity,0,0,0,0,0,0.0,0,0,0,False,False,False,False,0.30483333333333335,0.2,0.2,0.8,0.3,0.9,0.5,0,0,up,0.30333333333333334,17.375000000000004,,,25993.6999285938,4,119,0.0,0.0,jupiter,True,10.0,0.9999999999999956,False,"200,100",2,1.0,True,
8361d3cc-de2c-480e-acd1-00e2f4584895,Ad6Sf3hVtrNMBuJysgZBZRDRwgkKNwF86zaSKYymycx9,Ad6Sf3hV,completed,2025-11-30T04:54:09.188236,2025-11-30T05:07:45.402216,13.603566333333333,0.46722449999999993,1.1483999999999999,1.71,0.46722449999999993,62.02575195179191,54.01058163687907,0.23845354801340599,36.79068495179191,145.79190517620546,True,trailing_stop,0,0,0,0,0,56457.37,0,0,0,False,False,False,False,0.351,0.3,0.2,1.0,0.3,0.9,0.5,0,0,up,0.27999999999999997,15.125000000000002,,,26011.670813262463,5,120,0.0,0.0,jupiter,True,10.0,32.8421052631579,False,"200,100",2,1.0,True,
31de18e7-a330-4752-be5d-1c69684ba80b,FSvsBnzVbegtBFrcm59LmnjK4mZhQ13dCTtyfGSdnUZz,FSvsBnzV,completed,2025-11-30T05:11:05.711283,2025-11-30T05:12:04.214961,0.9750613,4.029044999999999e-05,4.2965999999999995e-05,4.34e-05,4.029044999999999e-05,44.9843023748804,1046974.407086543,0.17274766463537378,2.801232374880402,6.640655539960467,True,low_liquidity,0,0,0,0,0,0.0,0,0,0,False,False,False,False,0.29483333333333334,0.2,0.2,0.6,0.3,0.9,0.5,0,0,up,0.30333333333333334,17.375000000000004,,,26040.469183667854,7,121,0.0,0.0,jupiter,True,10.0,1.0000000000000069,False,,0,1.0,True,
849b499e-2e00-418e-9658-987a075c734e,AtpsvrY1ULTqgwjiKi1i7Zp3SmRFiV3SqPJfxDXpyzvm,AtpsvrY1,completed,2025-11-30T05:15:01.225732,2025-11-30T05:18:10.931809,3.1617679499999998,4.350645e-05,2.36907e-05,4.597e-05,4.350645e-05,22.64433617794603,955832.2961308036,0.08653682631032396,-18.94053382205397,-45.54669480042614,False,low_liquidity,0,0,0,0,0,0.0,0,0,0,False,False,False,False,0.30483333333333335,0.2,0.2,0.8,0.3,0.9,0.5,0,0,up,0.30333333333333334,17.375000000000004,,,26167.28292847565,14,122,0.0,0.0,jupiter,True,10.0,48.46486839242985,False,,0,1.0,True,
24fdaa4e-f825-4590-ab2f-99f1b74b54f0,3bAWYX3DdeqNZ3AQVKVVS5rVfdFy19q81P9xFwvVtZzh,3bAWYX3D,completed,2025-11-30T05:15:46.269109,2025-11-30T05:18:11.036353,2.4127874,0.0014592599999999998,0.00184932,0.001868,0.0014592599999999998,51.765511614654024,27991.646450940898,0.19805020558437844,10.918421614654013,26.72998643147899,True,low_liquidity,0,0,0,0,0,0.0,0,0,0,False,False,False,False,0.31716666666666665,0.2,0.2,1.0,0.3,0.9,0.5,0,0,sideways,0.25666666666666665,0.0,,,26137.5702498827,13,123,0.0,0.0,jupiter,True,10.0,1.0000000000000044,False,,0,1.0,True,
2464b97e-98eb-4459-b56b-9dcd69241f84,A44eZP72QVDCHoY5H6feUiKpsz7LUJXdhxZkjdSpPCvF,A44eZP72,completed,2025-11-30T05:17:47.014425,2025-11-30T05:18:22.659346,0.5940820166666666,0.0013798649999999999,0.00099495,0.0013798649999999999,0.0013798649999999999,29.45274515659142,29602.236450667286,0.11263631070606658,-11.394344843408591,-27.895120174799697,False,stop_loss,0,0,0,0,0,53521.88,0,0,0,False,False,False,False,0.31716666666666665,0.2,0.2,1.0,0.3,0.9,0.5,0,0,sideways,0.25666666666666665,0.0,,,26148.53502566388,12,124,0.0,0.0,jupiter,True,10.0,27.895120174799697,False,,0,1.0,True,
f40cb986-28ce-4eca-9df8-fe72527845a7,BM2CSHPiahqYUvwyAqivbaGMNLJxPMacB3pwKEB27qB8,BM2CSHPi,completed,2025-11-30T05:11:38.606742,2025-11-30T05:18:46.229002,7.127037666666666,0.8441999999999998,0.731511,2.15,0.8441999999999998,28.594700001460563,39.08991115849326,0.10949331067909779,-4.405002998539439,-13.34861407249465,False,stop_loss,0,0,0,0,0,44922.69,0,0,0,False,False,False,False,0.351,0.3,0.2,1.0,0.3,0.9,0.5,0,0,up,0.27999999999999997,15.125000000000002,,,26115.47666620996,11,125,0.0,0.0,jupiter,True,10.0,65.97623255813954,False,100,1,1.0,True,
1791c721-cf47-4d46-b1d0-b94df3f0dfd7,8XrxmH6CaV7JXFZ3Wg3CJ2hhThpdXAdtG7PX9V47U5pX,8XrxmH6C,completed,2025-11-30T05:19:44.336410,2025-11-30T05:20:23.566156,0.6538290999999999,0.0006572699999999998,0.000251262,0.0006572699999999998,0.0006572699999999998,14.854713649869918,59120.41474584267,0.05679235920137909,-24.00336135013008,-61.77187457209365,False,low_liquidity,0,0,0,0,0,0.0,0,0,0,False,False,False,False,0.35041666666666665,0.3,0.2,1.0,0.3,0.9,0.5,0,0,up,0.2916666666666667,16.25,,,26156.183435163934,12,126,0.0,0.0,jupiter,True,10.0,61.77187457209365,False,,0,1.0,True,
85685575-fd34-404a-b3e1-02705cb9916e,63LeKSUqRDGD7cQ7e6CBg5CTJmDTCELQMWwPdvhW7P6P,63LeKSUq,completed,2025-11-30T05:17:40.679584,2025-11-30T05:22:23.294328,4.710245733333333,0.80601,0.306405,1.41,0.80601,14.758646254885175,48.167119514646224,0.05640363478760202,-24.06453374511483,-61.98496296572002,False,stop_loss,0,0,0,0,0,29085.14,0,0,0,False,False,False,False,0.351,0.3,0.2,1.0,0.3,0.9,0.5,0,0,up,0.27999999999999997,15.125000000000002,,,26166.126191089454,13,127,0.0,0.0,jupiter,True,10.0,78.26914893617021,False,,0,1.0,True,
ba423d11-dd43-488f-a401-e97056020917,FwyWSqNaqe3szRgc5MNCMRdfvf3a2mxQ2PfeKAGs4kzi,FwyWSqNa,completed,2025-11-30T05:06:25.783135,2025-11-30T05:22:59.243456,16.557672016666668,0.42823049999999996,0.495099,0.5001,0.42823049999999996,44.88544742800899,90.65953966380256,0.1715565443088522,6.062267428008987,15.615071789608647,True,low_liquidity,0,0,0,0,0,12497.67,0,0,0,False,False,False,False,0.351,0.3,0.2,1.0,0.3,0.9,0.5,0,0,up,0.27999999999999997,15.125000000000002,,,26163.646282826725,12,128,0.0,0.0,jupiter,True,10.0,0.9999999999999956,False,,0,1.0,True,
3a803548-df9f-4228-9e00-2f83930c6a6f,FPg8QeXmhpsYmAX26ZXHNF85tTzFv2uB47fLrs9Va1TH,FPg8QeXm,completed,2025-11-30T05:06:35.429488,2025-11-30T05:22:59.336285,16.398446616666668,0.00021929099999999996,0.000223443,0.0002257,0.00021929099999999996,20.604524123459246,92213.78214336204,0.07868051081231124,0.3828716234592439,1.8933745570953902,True,low_liquidity,0,0,0,0,0,71314.92,0,0,0,False,False,False,False,0.3239166666666667,0.3,0.2,0.4,0.3,0.9,0.5,0,0,sideways,0.22166666666666668,0.0,,,26187.58306311762,11,129,0.0,0.0,jupiter,True,10.0,1.0000000000000009,False,,0,1.0,True,
c713aa73-c7c9-4aae-899b-23291f2a86a0,B3mzY8DmFmyvwXPGBh5XMnFm8sAawC2yXkx8xTSo7Qpj,B3mzY8Dm,completed,2025-11-30T05:21:40.774028,2025-11-30T05:24:07.802086,2.450467633333333,5.120474999999999e-05,5.02128e-05,5.233e-05,5.120474999999999e-05,40.779278491468084,812129.14817473,0.1560998809334032,-0.8055915085319151,-1.937222620948232,False,low_liquidity,0,0,0,0,0,0.0,0,0,0,False,False,False,False,0.30483333333333335,0.2,0.2,0.8,0.3,0.9,0.5,0,0,up,0.30333333333333334,17.375000000000004,,,26123.837025132467,10,130,0.0,0.0,jupiter,True,10.0,4.045862793808523,False,,0,1.0,True,
1ea7b049-704a-4eb2-8667-14e20dd7b348,2z5fgKFJ5tS1fiPtrZxi5LJqdaiR1UrCnvRV6EgvrF3N,2z5fgKFJ,completed,2025-11-30T05:17:05.313284,2025-11-30T05:24:07.928404,7.043585333333334,0.42963749999999995,0.45688500000000004,1.51,0.42963749999999995,26.835468473527108,58.73571790171948,0.10267081900249993,1.600401473527107,6.341974338832176,True,trailing_stop,0,0,0,0,0,35508.46,0,0,0,False,False,False,False,0.351,0.3,0.2,1.0,0.3,0.9,0.5,0,0,up,0.27999999999999997,15.125000000000002,,,26137.386196241107,9,131,0.0,0.0,jupiter,True,10.0,69.74271523178808,False,"200,100",2,1.0,True,
0934d670-52ca-4e0d-a474-28e55de99090,HZkHKk46xjdKhGshwM3Cd9STuyWJnpPwkyc89t87AMhq,HZkHKk46,completed,2025-11-30T05:22:14.735456,2025-11-30T05:26:34.904374,4.336148633333334,0.0016592549999999997,0.00168201,0.001926,0.0016592549999999997,41.40726642432901,24617.72904104554,0.15814303527087048,0.5601764243290008,1.3713986096169903,True,trailing_stop,0,0,0,0,0,59687.29,0,0,0,False,False,False,False,0.31716666666666665,0.2,0.2,1.0,0.3,0.9,0.5,0,0,sideways,0.25666666666666665,0.0,,,26183.427144550395,10,132,0.0,0.0,jupiter,True,10.0,12.668224299065416,False,,0,1.0,True,
dbcfed64-8ef1-4396-bafe-1909527540a5,BnhYKxDcHowkJYiLPpCW7xWFq2CaGqMTHCAWhmdV6uDS,BnhYKxDc,completed,2025-11-30T05:25:27.342320,2025-11-30T05:28:28.777195,3.0239145833333336,0.3028065,0.305019,0.4212,0.3028065,39.10684724541911,128.21118437021664,0.1494163469393886,0.2836672454191051,0.7306646323642346,True,trailing_stop,0,0,0,0,0,29003.63,0,0,0,False,False,False,False,0.351,0.3,0.2,1.0,0.3,0.9,0.5,0,0,up,0.27999999999999997,15.125000000000002,,,26173.071452003154,11,133,0.0,0.0,jupiter,True,10.0,27.583333333333336,False,,0,1.0,True,
950c0dee-2a51-4505-b7a2-4ec6259df429,6QWnsktUUJZ31jeWhBybQHFYweEnUBVfv5Qr2JUXxevk,6QWnsktU,completed,2025-11-30T05:25:33.662200,2025-11-30T05:28:28.899332,2.9206188666666666,0.33969,0.297,0.3827,0.33969,33.94413865583326,114.29002914421973,0.12966778699906525,-4.879041344166741,-12.567340810739205,False,stop_loss,0,0,0,0,0,28618.92,0,0,0,False,False,False,False,0.351,0.3,0.2,1.0,0.3,0.9,0.5,0,0,up,0.27999999999999997,15.125000000000002,,,26177.772784907596,10,134,0.0,0.0,jupiter,True,10.0,22.39351972824667,False,,0,1.0,True,
6c821707-f789-41b2-b5d2-5fc9008ce8a4,DW1R15x6UXKoRr9jk3GayDUQnHV5TwEgS4ALDaiWPuS1,DW1R15x6,completed,2025-11-30T05:28:09.171509,2025-11-30T05:28:40.282987,0.5185246333333333,0.0012753449999999998,0.000782397,0.0012753449999999998,0.0012753449999999998,25.05881990734273,32028.266861123866,0.0957530379799781,-15.78827009265728,-38.65212942380296,False,stop_loss,0,0,0,0,0,47457.5,0,0,0,False,False,False,False,0.31716666666666665,0.2,0.2,1.0,0.3,0.9,0.5,0,0,sideways,0.25666666666666665,0.0,,,26170.26095044892,9,135,0.0,0.0,jupiter,True,10.0,38.65212942380296,False,,0,1.0,True,
8c54c39b-e332-4e90-8def-de9c79c5fbee,Et9N97FPWfeGvAdjLWZA1SUFSTc7faA4JG3d7rWqRkJ6,Et9N97FP,completed,2025-11-30T05:13:12.199535,2025-11-30T05:31:17.666696,18.09111935,0.6806865,0.7719029999999999,0.7797,0.6806865,44.025743292308576,57.0353312427968,0.16793464413557366,5.20256329230857,13.400662419483849,True,low_liquidity,0,0,0,0,0,19489.17,0,0,0,False,False,False,False,0.351,0.3,0.2,1.0,0.3,0.9,0.5,0,0,up,0.27999999999999997,15.125000000000002,,,26215.99820509137,11,136,0.0,0.0,jupiter,True,10.0,1.0000000000000069,False,,0,1.0,True,
486772e5-e754-4fce-9582-0aefe15ea77a,8RQzEfegebpCRKS5tTFM9hhkVW1pzNGmGR3i6hn9LTiT,8RQzEfeg,completed,2025-11-30T05:09:34.570783,2025-11-30T05:35:15.942932,25.689535816666666,3.4190099999999996e-05,5.7222e-05,5.952e-05,3.4190099999999996e-05,69.59820038958648,1216283.9535421075,0.2637454242527287,28.01333038958647,67.36423701597833,True,low_liquidity,0,0,0,0,0,0.0,0,0,0,False,False,False,False,0.30483333333333335,0.2,0.2,0.8,0.3,0.9,0.5,0,0,up,0.30333333333333334,17.375000000000004,,,26388.401082892502,13,137,0.0,0.0,jupiter,True,10.0,3.860887096774189,False,,0,1.0,True,
cb0e5349-664c-46df-a86b-6ea62895bfc7,CHmKhYpXU8hiqDCidSWJWDjmnsrmtSXfpUDU9eyJJ1U9,CHmKhYpX,completed,2025-11-30T05:17:18.105664,2025-11-30T05:37:15.060443,19.949246316666667,0.522801,1.6533,2.53,0.522801,61.38699380261323,37.12997871082879,0.23240799925690164,41.97540380261323,216.23887483000223,True,trailing_stop,0,0,0,0,0,67526.07,0,0,0,False,False,False,False,0.351,0.3,0.2,1.0,0.3,0.9,0.5,0,0,up,0.27999999999999997,15.125000000000002,,,26413.45994926647,13,138,0.0,0.0,jupiter,True,10.0,34.65217391304347,False,"200,100,300",3,1.0,True,
594e7b5c-b6a8-41b9-9b78-1eb7c2a3380f,AicmpPNpbidAC5gDBku5Ne91wBd2hbBgum6LqvEvqPHf,AicmpPNp,completed,2025-11-30T05:34:04.160739,2025-11-30T05:37:15.161626,3.1833481166666666,0.0011487149999999998,0.0009233729999999999,0.001381,0.0011487149999999998,32.83416690351394,35558.94194817689,0.12417666543971671,-8.012923096486073,-19.616876248677865,False,stop_loss,0,0,0,0,0,51535.78,0,0,0,False,False,False,False,0.31716666666666665,0.2,0.2,1.0,0.3,0.9,0.5,0,0,sideways,0.25666666666666665,0.0,,,26441.49509672068,12,139,0.0,0.0,jupiter,True,10.0,33.137364228819706,False,,0,1.0,True,
6dfffa2e-1f59-4c42-b91f-2803a3199e3e,BU4W69wAxvadpcHPBJf9KZMrefu7srH8EeZEj14gsnzk,BU4W69wA,completed,2025-11-30T05:36:05.192769,2025-11-30T05:39:14.439017,3.1541041333333335,0.43797899999999995,0.343728,0.637,0.43797899999999995,30.4686161095395,88.64164720226313,0.11519019143007411,-8.3545638904605,-21.519524908728496,False,stop_loss,0,0,0,0,0,30771.03,0,0,0,False,False,False,False,0.351,0.3,0.2,1.0,0.3,0.9,0.5,0,0,up,0.27999999999999997,15.125000000000002,,,26450.703598348813,11,140,0.0,0.0,jupiter,True,10.0,46.03956043956045,False,,0,1.0,True,
ac8ff77b-1740-4657-bc89-ba2257577dff,3ERXehpKhJi3WXkuz6V5iELoWtzUjGM82P3nxSeJMrvp,3ERXehpK,completed,2025-11-30T05:29:47.117796,2025-11-30T05:39:49.186594,10.034479966666668,0.47234999999999994,0.8712,2.38,0.47234999999999994,28.642112345506522,32.87662114957131,0.10840031686733771,13.112840345506516,84.43950460463641,True,trailing_stop,0,0,0,0,0,48993.85,0,0,0,False,False,False,False,0.351,0.3,0.2,1.0,0.3,0.9,0.5,0,0,up,0.27999999999999997,15.125000000000002,,,26422.5356283407,10,141,0.0,0.0,jupiter,True,10.0,63.39495798319328,False,"200,100,400,300",4,1.0,True,
ae06d22b-6ad9-44e3-9596-320720eeed7c,EFPmp9pYDtDMeKb8xpXvSu9t8tBorJ32UNsGr2B1Mvzy,EFPmp9pY,completed,2025-11-30T05:40:17.890708,2025-11-30T05:41:24.211607,1.1053483166666667,0.45124499999999995,0.44451,0.45124499999999995,0.45124499999999995,38.24372955223882,86.0357012266064,0.1448918712223724,-0.5794504477611886,-1.4925373134328217,False,low_liquidity,0,0,0,0,0,0.03,0,0,0,False,False,False,False,0.351,0.3,0.2,1.0,0.3,0.9,0.5,0,0,up,0.27999999999999997,15.125000000000002,,,26394.66881723431,10,142,0.0,0.0,jupiter,True,10.0,1.4925373134328217,False,,0,1.0,True,
5416dc1c-71e2-461f-9e8a-57746caa9d06,9YNhaWN1zwgpGQ5vB5TkFLSBgrhfPxpA5QqfzZ45vt6y,9YNhaWN1,completed,2025-11-30T05:34:59.451523,2025-11-30T05:41:24.317594,6.414434516666666,0.9737444999999999,1.1285999999999998,1.86,0.9737444999999999,47.464374140239045,42.05597566918222,0.1798925103736238,6.512599140239043,15.903093676010489,True,trailing_stop,0,0,0,0,0,55807.58,0,0,0,False,False,False,False,0.3154166666666667,0.2,0.2,1.0,0.3,0.9,0.5,0,0,up,0.2916666666666667,16.25,,,26384.85284443413,9,143,0.0,0.0,jupiter,True,10.0,39.3225806451613,False,,0,1.0,True,
24aff214-e077-4758-9e95-a6a752bd039e,GjqhUcYc4M2hvQ5WjAzedgEqGEaqAst3fuJfPjymHLfj,GjqhUcYc,completed,2025-11-30T05:31:31.033347,2025-11-30T05:52:30.092816,20.984324483333335,0.4123515,0.7539840000000001,0.7675,0.4123515,70.98811705333922,94.15069424992998,0.2661868844598557,32.164937053339216,82.84982593733747,True,low_liquidity,0,0,0,0,0,19043.59,0,0,0,False,False,False,False,0.351,0.3,0.2,1.0,0.3,0.9,0.5,0,0,up,0.27999999999999997,15.125000000000002,,,26668.52545999317,14,144,0.0,0.0,jupiter,True,10.0,1.7610423452768549,False,,0,1.0,True,
b418e330-436f-4f01-b142-0f2b6e66f1ca,AueG7D6CjZXTLSE7dKAuhF5DpWQeYQrCHBjJVDYuVr2o,AueG7D6C,completed,2025-11-30T05:29:50.294553,2025-11-30T05:54:02.687804,24.20655418333333,4.222005e-06,5.43411e-06,5.514e-06,4.222005e-06,55.60881509601482,10233288.44944523,0.20777451685357276,12.403820096014814,28.709227014179284,True,low_liquidity,0,0,0,0,0,5.17,0,0,0,False,False,False,False,0.27775,0.2,0.2,0.2,0.3,0.9,0.5,0,0,sideways,0.245,0.0,,,26764.020890591044,14,145,0.0,0.0,jupiter,True,10.0,1.4488574537540808,False,,0,1.0,True,
289c5630-bee5-4658-9219-528ea950575b,BYyEdmLvd6ayGiTwSZ9htzojtnD7cicfo3PYn3qhTKeb,BYyEdmLv,completed,2025-11-30T05:50:43.879294,2025-11-30T05:54:02.893788,3.3169082333333337,0.0009392729999999998,0.000986139,0.001127,0.0009392729999999998,42.92183402047649,43525.135929596625,0.16029901558909726,2.039849020476485,4.989603661555292,True,trailing_stop,0,0,0,0,0,53264.28,0,0,0,False,False,False,False,0.3165833333333333,0.2,0.2,1.0,0.3,0.9,0.5,0,0,sideways,0.2683333333333333,0.0,,,26776.105806226686,13,146,0.0,0.0,jupiter,True,10.0,12.498757763975151,False,,0,1.0,True,
d4539b91-e588-45e7-a274-b478f912e0e6,5KAZQCCTEbZ419gLstgVxtxE2kUaeDf3ipEoMPua2qrL,5KAZQCCT,completed,2025-11-30T05:44:34.697694,2025-11-30T05:55:27.278455,10.876346016666668,0.4586819999999999,0.700524,2.035,0.4586819999999999,29.64643189216059,42.32036574358707,0.11089306466740756,10.234841892160588,52.725417609585755,True,trailing_stop,0,0,0,0,0,43936.99,0,0,0,False,False,False,False,0.351,0.3,0.2,1.0,0.3,0.9,0.5,0,0,up,0.27999999999999997,15.125000000000002,,,26734.252481051626,12,147,0.0,0.0,jupiter,True,10.0,65.57621621621621,False,"200,100,300",3,1.0,True,
4d1320f6-facd-4bae-bf7c-fc7fce4ac8ee,D1uriXD8MnTc6tmTkX1VaMAaRVUP2hhUcmZyKK7pdUHL,D1uriXD8,completed,2025-11-30T05:52:55.291141,2025-11-30T05:55:27.389473,2.5349722,0.0011225849999999997,0.000488862,0.001421,0.0011225849999999997,17.788042875666438,36386.634419665344,0.06650769605425552,-23.059047124333574,-56.45211721161426,False,stop_loss,0,0,0,0,0,33948.31,0,0,0,False,False,False,False,0.31716666666666665,0.2,0.2,1.0,0.3,0.9,0.5,0,0,sideways,0.25666666666666665,0.0,,,26745.841355194956,11,148,0.0,0.0,jupiter,True,10.0,65.59732582688248,False,,0,1.0,True,
bcf9f8ac-6e31-4982-a94a-902fbb9dee80,EWmhbRACgTcoCkC4nm3GnGivP9fGfVS5TM4N5gjHm7XB,EWmhbRAC,completed,2025-11-30T05:18:05.195689,2025-11-30T05:56:02.488866,37.95488628333333,3.90342e-05,0.000104643,0.0001202,3.90342e-05,72.46254844255807,692473.9203057833,0.27126734474128145,45.432382942558064,168.08029881488537,True,trailing_stop,0,0,0,0,0,123956.12,0,0,0,False,False,False,False,0.30483333333333335,0.2,0.2,0.8,0.3,0.9,0.5,0,0,up,0.30333333333333334,17.375000000000004,,,26712.59546985595,10,149,0.0,0.0,jupiter,True,10.0,12.942595673876871,False,"200,100",2,1.0,True,
ff72400a-ef96-4dd1-a78b-ed1c36a41feb,7Eb9YCYew3RnFVD5519PYzPf59z2KKCJkJADDYgzWyv2,7Eb9YCYe,completed,2025-11-30T05:47:09.355611,2025-11-30T05:58:12.442972,11.051456016666666,0.4864199999999999,1.2771000000000001,1.62,0.4864199999999999,66.25489097014928,51.87917232021711,0.2476687614736684,41.019823970149275,162.5508819538671,True,trailing_stop,0,0,0,0,0,59528.56,0,0,0,False,False,False,False,0.351,0.3,0.2,1.0,0.3,0.9,0.5,0,0,up,0.27999999999999997,15.125000000000002,,,26751.412077939167,9,150,0.0,0.0,jupiter,True,10.0,21.166666666666664,False,"200,100",2,1.0,True,
2ae17624-ecbc-45c6-8670-8c79c0b69a64,4cn4HcfNMMCwG98oiZntYKsRRU78LetQPnURtaxFcDUb,4cn4HcfN,completed,2025-11-30T05:50:47.144735,2025-11-30T06:00:36.747561,9.826713766666668,0.4570739999999999,0.981585,2.14,0.4570739999999999,41.687178816012285,42.46925005578965,0.15572156766279063,22.27558881601229,114.75406608120353,True,trailing_stop,0,0,0,0,0,51999.27,0,0,0,False,False,False,False,0.351,0.3,0.2,1.0,0.3,0.9,0.5,0,0,up,0.27999999999999997,15.125000000000002,,,26770.330816527836,13,151,0.0,0.0,jupiter,True,10.0,54.13154205607478,False,"200,100,300",3,1.0,True,
df8f0b8f-37fb-4aa2-a017-993e35df343e,7sPQb4HVuhBTXpPb4ruDRqz6nA2tvNvjertQGxYLbtaX,7sPQb4HV,completed,2025-11-30T05:59:44.973746,2025-11-30T06:02:38.614802,2.8940175999999997,0.0014693099999999997,0.000754776,0.001737,0.0014693099999999997,20.982912524817777,27800.185120907103,0.07814555074934516,-19.864177475182228,-48.630581701615036,False,stop_loss,0,0,0,0,0,42174.46,0,0,0,False,False,False,False,0.31716666666666665,0.2,0.2,1.0,0.3,0.9,0.5,0,0,sideways,0.25666666666666665,0.0,,,26851.06487011816,14,152,0.0,0.0,jupiter,True,10.0,56.54715025906736,False,,0,1.0,True,
15f19488-da6e-4cee-91f1-09a47acbdbad,7UxEmqJ6tvx4RcAFoUivRJ3SXT5jENw7RLNBeQ6FJ6iu,7UxEmqJ6,completed,2025-11-30T05:42:21.538638,2025-11-30T06:03:00.537406,20.649979466666665,0.408834,0.977922,0.9878,0.408834,78.93456893792101,80.71663071075302,0.29461714537430633,45.93486593792102,139.19781622859156,True,low_liquidity,0,0,0,0,0,24699.4,0,0,0,False,False,False,False,0.351,0.3,0.2,1.0,0.3,0.9,0.5,0,0,up,0.27999999999999997,15.125000000000002,,,26792.25231024349,13,153,0.0,0.0,jupiter,True,10.0,1.0000000000000053,False,100,1,1.0,True,
a612150a-95b5-46ec-8a07-c09a641ef06e,3pzm3Y3QnYo6dJr5kfX6LHbFY49WXTAdKWLSZ9fq17oS,3pzm3Y3Q,completed,2025-11-30T06:03:49.179963,2025-11-30T06:04:48.247733,0.9844628333333334,0.001241175,0.000662211,0.001241175,0.001241175,21.793375080862894,32910.01671802929,0.08092243815246998,-19.05371491913711,-46.64644389389087,False,stop_loss,0,0,0,0,0,43616.46,0,0,0,False,False,False,False,0.31716666666666665,0.2,0.2,1.0,0.3,0.9,0.5,0,0,sideways,0.25666666666666665,0.0,,,26931.189393726512,14,154,0.0,0.0,jupiter,True,10.0,46.64644389389087,False,,0,1.0,True,
b7ee9ed6-20f5-4c07-ba8d-7d591f8ec567,MBEhKYWmyJDmgsJoasdtLnvqyX8a3QBDLm7PkV35SSU,MBEhKYWm,completed,2025-11-30T05:02:43.105474,2025-11-30T06:06:17.644419,63.57564908333333,0.001996935,0.0027343800000000002,0.00315,0.001996935,58.84610843632869,21520.823161494995,0.21867190117982258,15.87042343632868,36.9288434525911,True,trailing_stop,0,0,0,0,0,204003.35,0,0,0,False,False,False,False,0.28158333333333335,0.1,0.2,1.0,0.3,0.9,0.5,0,0,up,0.2683333333333333,16.25,,,26910.685880915815,14,155,0.0,0.0,jupiter,True,10.0,13.194285714285709,False,,0,1.0,True,
9b865038-4203-47c0-8a7b-a3bfa1e764d4,2zRShs5HjErvoinkL2dEKe6PrmQHRbLUD6poNzQ2gSC1,2zRShs5H,completed,2025-11-30T05:59:38.587281,2025-11-30T06:06:17.735201,6.652465333333334,0.622296,0.546777,1.42,0.622296,28.99500978188997,53.02894924601798,0.10762783587684507,-4.004693218110032,-12.135543214161752,False,stop_loss,0,0,0,0,0,38785.21,0,0,0,False,False,False,False,0.351,0.3,0.2,1.0,0.3,0.9,0.5,0,0,up,0.27999999999999997,15.125000000000002,,,26940.065779142853,13,156,0.0,0.0,jupiter,True,10.0,61.49457746478873,False,100,1,1.0,True,
075e7611-b403-46b0-a16e-da790db840ef,6vVxXw6vmX3x3HK5SExbSJ3BjoiGZWP5f1LQ65jeCvCi,6vVxXw6v,completed,2025-11-30T05:28:02.755291,2025-11-30T06:08:51.903531,40.81913733333333,4.983794999999999e-05,8.80011e-05,8.929e-05,4.983794999999999e-05,73.42826708074872,834401.6958964005,0.2723715712818623,31.84339708074872,76.57447788281824,True,low_liquidity,0,0,0,0,0,0.0,0,0,0,False,False,False,False,0.30483333333333335,0.2,0.2,0.8,0.3,0.9,0.5,0,0,up,0.30333333333333334,17.375000000000004,,,26958.858714649727,13,157,0.0,0.0,jupiter,True,10.0,1.4434987120618217,False,,0,1.0,True,
91dde497-4ec5-4be0-8f97-49488ef4733d,AzyZYZhF8UpcEkn2KUub85Ag2vtcdY7kQ6dnhqsxY2AJ,AzyZYZhF,completed,2025-11-30T06:01:55.152585,2025-11-30T06:08:52.018521,6.947765599999999,4.63305e-05,5.2519500000000004e-05,5.305e-05,4.63305e-05,47.81804092045197,910481.6481583406,0.17721042159860156,5.634970920451974,13.358370835626648,True,low_liquidity,0,0,0,0,0,0.0,0,0,0,False,False,False,False,0.29483333333333334,0.2,0.2,0.6,0.3,0.9,0.5,0,0,up,0.30333333333333334,17.375000000000004,,,26983.76342039543,12,158,0.0,0.0,jupiter,True,10.0,0.9999999999999957,False,,0,1.0,True,
a6d6eb61-63ee-4e7c-943d-a418018a2704,9nPQSqVrwEaeeLFnjZvxSBPnuF4XFxWzZaSBTi3zYijY,9nPQSqVr,completed,2025-11-30T06:05:53.239976,2025-11-30T06:08:52.137104,2.9816188,0.00125826,0.00123948,0.00125826,0.00125826,40.237431940298514,32463.15546866308,0.14907836315200634,-0.6096580597014902,-1.49253731343283,False,low_liquidity,0,0,0,0,0,0.0,0,0,0,False,False,False,False,0.31716666666666665,0.2,0.2,1.0,0.3,0.9,0.5,0,0,sideways,0.25666666666666665,0.0,,,26990.792687514815,11,159,0.0,0.0,jupiter,True,10.0,1.49253731343283,False,,0,1.0,True,
d0afd058-fe60-41ca-b934-e1f3b76263ca,DX9yaJdqTWEMCoCiUNwWSoyWfmNFuKKnEpNnzyPshL15,DX9yaJdq,completed,2025-11-30T06:08:22.311649,2025-11-30T06:08:52.240071,0.49880703333333337,0.5110424999999998,0.5059320749999998,0.5110424999999998,0.5110424999999998,40.54225724999999,80.13379513445557,0.15021238504374895,-0.40951775000000246,-1.000000000000006,False,low_liquidity,0,0,0,0,0,0.0,0,0,0,False,False,False,False,0.3154166666666667,0.2,0.2,1.0,0.3,0.9,0.5,0,0,up,0.2916666666666667,16.25,,,26989.95641284317,10,160,0.0,0.0,jupiter,True,10.0,1.000000000000006,False,,0,1.0,True,
60153c5b-eaaa-4bbf-8e3d-cec71dc962d3,9ijPDJXpkeNNekH1krSjYKrAn1DG73k9XtHEaaoAiSXK,9ijPDJXp,completed,2025-11-30T05:30:24.609984,2025-11-30T06:10:58.212138,40.5600359,0.9910304999999999,2.8512,2.88,0.9910304999999999,100.14570262771934,35.124053951921766,0.37316860827617454,65.33669387771934,187.70052990296466,True,low_liquidity,0,0,0,0,0,72103.39,0,0,0,False,False,False,False,0.3154166666666667,0.2,0.2,1.0,0.3,0.9,0.5,0,0,up,0.2916666666666667,16.25,,,26836.582822530327,13,161,0.0,0.0,jupiter,True,10.0,0.9999999999999978,False,100,1,1.0,True,
6de5d34e-e4cc-45c6-857e-24cacc4f9118,762uLd7Za4RyZSK8V7ZDM5Y31LJYvrAkWVaZqQf8WTqJ,762uLd7Z,completed,2025-11-30T06:00:06.340602,2025-11-30T06:10:58.303853,10.866054183333334,0.7865129999999999,0.777051,1.97,0.7865129999999999,32.60270614198748,41.95697083201422,0.12118391507510819,-0.39699685801251267,-1.2030316091405813,False,low_liquidity,0,0,0,0,0,46207.6,0,0,0,False,False,False,False,0.351,0.3,0.2,1.0,0.3,0.9,0.5,0,0,up,0.27999999999999997,15.125000000000002,,,26903.493026925855,12,162,0.0,0.0,jupiter,True,10.0,60.55578680203047,False,100,1,1.0,True,
6473451c-f34f-4045-8ff8-a4f53457c142,GKqHNqVnNRuVGmffoxP1WPCgyvJEFgrvPbaC3fo2aEuv,GKqHNqVn,completed,2025-11-30T06:09:35.002369,2025-11-30T06:10:58.394200,1.38986385,0.0010090199999999998,0.00127116,0.001284,0.0010090199999999998,48.77742968841055,38372.37616697391,0.181418251616791,10.058934688410545,25.97966343580902,True,low_liquidity,0,0,0,0,0,0.0,0,0,0,False,False,False,False,0.35275,0.3,0.2,1.0,0.3,0.9,0.5,0,0,sideways,0.24499999999999997,0.0,,,26886.72680599023,11,163,0.0,0.0,jupiter,True,10.0,1.0000000000000058,False,,0,1.0,True,
06a7a6c5-4e8c-481e-a8eb-66e814aec5a9,7xdksQJrb5G4bQrrh8ZHG74ktXmuBZhajMiQpiGwE98n,7xdksQJr,completed,2025-11-30T06:00:00.071142,2025-11-30T06:10:58.498924,10.973796366666667,0.9350519999999999,1.1582999999999999,2.51,0.9350519999999999,43.11982096730984,37.22681599526016,0.1603456045440064,8.31081221730984,23.87546361057995,True,trailing_stop,0,0,0,0,0,56594.86,0,0,0,False,False,False,False,0.3154166666666667,0.2,0.2,1.0,0.3,0.9,0.5,0,0,up,0.2916666666666667,16.25,,,26891.80105057119,10,164,0.0,0.0,jupiter,True,10.0,53.852589641434264,False,100,1,1.0,True,
20290716-ab6a-450e-92a9-883f349a01ec,YFp9mGfQEStn7Q8xNCd5Kxdo6eNNfceXB8DZvwhP9tX,YFp9mGfQ,completed,2025-11-30T06:01:48.535715,2025-11-30T06:10:58.590982,9.167587783333333,0.7251074999999999,0.563805,2.11,0.7251074999999999,25.65881272765073,45.51008367724786,0.09535447091492502,-7.340890272349269,-22.245322245322235,False,stop_loss,0,0,0,0,0,39358.58,0,0,0,False,False,False,False,0.351,0.3,0.2,1.0,0.3,0.9,0.5,0,0,up,0.27999999999999997,15.125000000000002,,,26908.87221276016,9,165,0.0,0.0,jupiter,True,10.0,73.27938388625593,False,100,1,1.0,True,
a09697a4-1c6a-438a-98ac-4c3c398c0222,HuVxqTPv1AvAv5a8HTWobLed56YBmPLeSGqDCtUS17vD,HuVxqTPv,completed,2025-11-30T06:10:09.500474,2025-11-30T06:12:34.401030,2.4150092666666665,0.0012461999999999998,0.00106722,0.001466,0.0012461999999999998,34.98060615454985,32777.31503771467,0.12991579361216102,-5.866483845450165,-14.362060664419824,False,stop_loss,0,0,0,0,0,55366.62,0,0,0,False,False,False,False,0.31716666666666665,0.2,0.2,1.0,0.3,0.9,0.5,0,0,sideways,0.25666666666666665,0.0,,,26925.599407088117,9,166,0.0,0.0,jupiter,True,10.0,27.201909959072307,False,,0,1.0,True,
9e5f3941-a7d0-4ae0-a006-452b9405ba04,66QTY8p39wFrN1wbwDFGAw9v9AbNpsZmkydgZf4sp6EH,66QTY8p3,completed,2025-11-30T06:11:51.676453,2025-11-30T06:12:34.517747,0.7140215666666666,0.0008956559999999999,0.000752895,0.0008956559999999999,0.0008956559999999999,32.66438272855315,43385.04403476335,0.12130501298360491,-6.193692271446848,-15.939266861384278,False,stop_loss,0,0,0,0,0,32256.0,0,0,0,False,False,False,False,0.35041666666666665,0.3,0.2,1.0,0.3,0.9,0.5,0,0,up,0.2916666666666667,16.25,,,26927.4796854174,8,167,0.0,0.0,jupiter,True,10.0,15.939266861384278,False,,0,1.0,True,
5e5caf3a-7574-4e84-9923-dfcc3fe6f4a4,7nt8iq4akZMti6fyEShjjgndQXsTMpe46ckVvuVk9bY4,7nt8iq4a,completed,2025-11-30T06:10:37.907201,2025-11-30T06:16:57.403071,6.324931166666667,0.9307304999999999,0.7369559999999999,2.13,0.9307304999999999,27.561907396786715,37.39966483316062,0.10201953010064585,-7.2471013532132815,-20.819614270726056,False,stop_loss,0,0,0,0,0,45006.05,0,0,0,False,False,False,False,0.3154166666666667,0.2,0.2,1.0,0.3,0.9,0.5,0,0,up,0.2916666666666667,16.25,,,27016.304985521816,10,168,0.0,0.0,jupiter,True,10.0,65.40112676056337,False,100,1,1.0,True,
1d3023fa-8e42-40e7-bf43-a43c16d1966c,phsv9eMJRVhKaWAKipWW4hfUjb4kmF3PyiVdBPy5CRD,phsv9eMJ,completed,2025-11-30T04:58:02.112226,2025-11-30T06:19:38.103514,81.5998548,0.00017537249999999998,0.0010692,0.00108,0.00017537249999999998,74.7740125082325,69934.54218876964,0.2765486410541351,62.5094170082325,509.6736945644272,True,low_liquidity,0,0,0,0,0,20.1,0,0,0,False,False,False,False,0.3165833333333333,0.2,0.2,1.0,0.3,0.9,0.5,0,0,sideways,0.2683333333333333,0.0,,,27038.286003942172,10,169,0.0,0.0,jupiter,True,10.0,1.0000000000000042,False,"400,100,500,200,300",5,1.0,True,
ed6e8b21-94ae-4408-bf12-dc0db499f82c,EuN4583eFE94o8s9SCPa23ZNBDf8No1N3157uEeRrsJD,EuN4583e,completed,2025-11-30T06:16:03.659053,2025-11-30T06:19:38.235308,3.5762709166666666,3.82704e-05,4.5440999999999994e-05,4.787e-05,3.82704e-05,50.08677421375266,1102237.499477403,0.18507992268065077,7.903704213752661,18.736673773987196,True,low_liquidity,0,0,0,0,0,0.0,0,0,0,False,False,False,False,0.29483333333333334,0.2,0.2,0.6,0.3,0.9,0.5,0,0,up,0.30333333333333334,17.375000000000004,,,27062.240727307697,9,170,0.0,0.0,jupiter,True,10.0,5.074159181115536,False,,0,1.0,True,
8300a7c5-4020-4cb9-8af4-c43e9ae940e4,8NWfmFYnC49sT6LbKSrAZMzrn6tkkAEk6wC9z37SX3fJ,8NWfmFYn,completed,2025-11-30T06:09:56.634764,2025-11-30T06:19:38.342876,9.695135200000001,0.6102359999999999,1.089,1.94,0.6102359999999999,45.033377190136285,41.35296344365132,0.1663793445380003,19.798310190136284,78.4555483452304,True,trailing_stop,0,0,0,0,0,54853.73,0,0,0,False,False,False,False,0.351,0.3,0.2,1.0,0.3,0.9,0.5,0,0,up,0.27999999999999997,15.125000000000002,,,27066.687463629758,8,171,0.0,0.0,jupiter,True,10.0,43.865979381443296,False,"200,100",2,1.0,True,
7d5b1dba-4dbc-4c08-9b6e-82a972a14f41,JAkGmft2dypr8NyeqcCmQVVFHbk7umhm2hFC3qGvqnh,JAkGmft2,completed,2025-11-30T06:04:01.471364,2025-11-30T06:21:14.015655,17.209071516666665,0.45988799999999996,0.953766,1.74,0.45988799999999996,52.33524012873136,54.87220149253733,0.19348572961662852,27.100173128731353,107.39092996555686,True,trailing_stop,0,0,0,0,0,51137.01,0,0,0,False,False,False,False,0.351,0.3,0.2,1.0,0.3,0.9,0.5,0,0,up,0.27999999999999997,15.125000000000002,,,27048.63052816768,9,172,0.0,0.0,jupiter,True,10.0,45.18586206896551,False,"200,100",2,1.0,True,
519a33cb-40a0-4c29-a46b-27d11c33593a,3LYm6XfSwgiAFk2RNvrF7EX4BkR21QMAjNqxt6rgGKNv,3LYm6XfS,completed,2025-11-30T06:22:33.605885,2025-11-30T06:23:39.962483,1.1059433,0.5904375,0.308484,0.5904375,0.5904375,20.283823197408704,65.7532422991426,0.07471087101761342,-18.5393568025913,-47.75331851381391,False,stop_loss,0,0,0,0,0,29076.64,0,0,0,False,False,False,False,0.351,0.3,0.2,1.0,0.3,0.9,0.5,0,0,up,0.27999999999999997,15.125000000000002,,,27149.761368230742,11,173,0.0,0.0,jupiter,True,10.0,47.75331851381391,False,,0,1.0,True,
48492f13-6872-491d-a928-dd1e71a43b3f,56ENRXD4264AcBcu9PaZ4xVSKTdndz6sUTjBiV9LnGda,56ENRXD4,completed,2025-11-30T06:20:09.171391,2025-11-30T06:25:30.561379,5.3564998,0.007067159999999999,0.00704484,0.007116,0.007067159999999999,42.83995617976671,6081.040333033356,0.15767577946581288,-0.13572882023330016,-0.31582700830318383,False,low_liquidity,0,0,0,0,0,196941.05,0,0,0,False,False,False,False,0.28158333333333335,0.1,0.2,1.0,0.3,0.9,0.5,0,0,up,0.2683333333333333,16.25,,,27169.649216197613,10,174,0.0,0.0,jupiter,True,10.0,0.9999999999999972,False,,0,1.0,True,
d32d411e-c367-42ac-ad3d-271669047327,D31XxSodAAd6JLYrY6HCPRbNcLMrsuREoWnfrQsoio7v,D31XxSod,completed,2025-11-30T06:22:45.865975,2025-11-30T06:27:23.841281,4.632921766666667,0.455667,0.634293,0.6407,0.455667,54.04225303070006,85.20077161611441,0.1996264657313105,15.219073030700052,39.200995463792644,True,low_liquidity,0,0,0,0,0,3116.34,0,0,0,False,False,False,False,0.351,0.3,0.2,1.0,0.3,0.9,0.5,0,0,up,0.27999999999999997,15.125000000000002,,,27071.68753036927,10,175,0.0,0.0,jupiter,True,10.0,1.000000000000008,False,,0,1.0,True,
1095c940-51bf-439d-9f8e-ba1266cdf356,423uZdzgpywfb5r7CremrC9JptejB7wA9Ty6ASQfSGsx,423uZdzg,completed,2025-11-30T06:16:19.670132,2025-11-30T06:27:23.968886,11.0716459,0.6082259999999999,0.903177,2.31,0.6082259999999999,37.472472580683835,41.48962227856094,0.13833751769044828,12.23740558068383,48.493652030659675,True,trailing_stop,0,0,0,0,0,49770.79,0,0,0,False,False,False,False,0.351,0.3,0.2,1.0,0.3,0.9,0.5,0,0,up,0.27999999999999997,15.125000000000002,,,27087.71503659211,9,176,0.0,0.0,jupiter,True,10.0,60.901428571428575,False,"200,100",2,1.0,True,
77619f52-1949-48f0-9815-b55ab653633c,Hk2WAdX22k6gfDwQAy6yVCZ7MbJpg7Y4chxguWjp29L2,Hk2WAdX2,completed,2025-11-30T06:18:08.819953,2025-11-30T06:27:24.059938,9.25399975,0.000986709,0.00202851,0.003673,0.000986709,51.78585119501798,25529.009566143617,0.19128393854536369,26.596147695017986,105.58340909021811,True,trailing_stop,0,0,0,0,0,69054.35,0,0,0,False,False,False,False,0.3521666666666667,0.3,0.2,1.0,0.3,0.9,0.5,0,0,sideways,0.25666666666666665,0.0,,,27072.76501562455,8,177,0.0,0.0,jupiter,True,10.0,44.77239313912334,False,"200,100",2,1.0,True,
22cb8f19-7117-4ea9-84bb-f5b70c831ca2,5Swg1CANBjL7yzqPHXcou7uKGXrWT5jTgh7Yuc6bEfMk,5Swg1CAN,completed,2025-11-30T05:48:59.622293,2025-11-30T06:29:27.908911,40.47144363333334,0.00012100199999999999,0.000176715,0.0001785,0.00012100199999999999,65.58773238024992,371149.7743838945,0.24247282327655145,20.67786738024992,46.043040610899006,True,low_liquidity,0,0,0,0,0,0.0,0,0,0,False,False,False,False,0.24925,0.1,0.2,0.4,0.3,0.9,0.5,0,0,up,0.315,20.75,,,27049.518991018667,8,178,0.0,0.0,jupiter,True,10.0,0.9999999999999984,False,,0,1.0,True,
410297b6-4acd-4da1-adb4-b7131f10e709,3HZSjN9tGBc9SrRxHWth4H9tYDshLbnHKozP9dHuiDbW,3HZSjN9t,completed,2025-11-30T06:13:54.321887,2025-11-30T06:29:28.032630,15.561845716666665,0.00013225799999999998,0.000132264,0.0001486,0.00013225799999999998,45.44033634713969,343557.8566135887,0.16786849103468962,0.002061347139686052,0.0045365875788331575,True,trailing_stop,0,0,0,0,0,255702.26,0,0,0,False,False,False,False,0.24041666666666667,0.1,0.2,0.2,0.3,0.9,0.5,0,0,up,0.2916666666666667,18.5,,,27069.00864305116,7,179,0.0,0.0,jupiter,True,10.0,10.993270524899067,False,,0,1.0,True,
f77e16c0-26fe-4016-903b-d1fba65090dd,8tTLEw9keFaPhD96QDE3wWVwkTTVVzvK4DTHiaZtryjw,8tTLEw9k,completed,2025-11-30T06:26:46.669816,2025-11-30T06:29:28.124932,2.6909186000000003,0.0010984649999999999,0.00100485,0.001385,0.0010984649999999999,37.365959212628546,37185.60900893521,0.13800109144860478,-3.481130787371462,-8.522347093444015,False,stop_loss,0,0,0,0,0,53666.32,0,0,0,False,False,False,False,0.31716666666666665,0.2,0.2,1.0,0.3,0.9,0.5,0,0,sideways,0.25666666666666665,0.0,,,27076.567888265297,6,180,0.0,0.0,jupiter,True,10.0,27.44765342960288,False,,0,1.0,True,
995aae10-0cbd-4ea3-b26a-a21966a7656b,7SRpqwYPNxnATuxavQGnr6wyJ96HFKNguLEKmp83KGJg,7SRpqwYP,completed,2025-11-30T05:59:41.824640,2025-11-30T06:35:54.568571,36.21239885,0.762393,2.673,2.7,0.762393,88.47580459290681,33.09981466251658,0.32636623162733086,63.24073759290682,250.60657692292557,True,low_liquidity,0,0,0,0,0,67604.4,0,0,0,False,False,False,False,0.351,0.3,0.2,1.0,0.3,0.9,0.5,0,0,up,0.27999999999999997,15.125000000000002,,,27109.362433652463,11,181,0.0,0.0,jupiter,True,10.0,1.0000000000000049,False,"200,100",2,1.0,True,
5434d78b-bab5-459e-94d6-58de9cf858e6,9Lz1AWW8c9akV2J7xaKXjqGtz8FZJgbcUMVrxeFFKjN,9Lz1AWW8,completed,2025-11-30T06:31:01.881712,2025-11-30T06:35:54.725258,4.880725766666667,0.7116404999999999,0.684882,1.53,0.7116404999999999,31.758876272564596,46.371311076308906,0.11690890073615529,-1.2408267274354077,-3.7601148332620062,False,trailing_stop,0,0,0,0,0,43312.62,0,0,0,False,False,False,False,0.351,0.3,0.2,1.0,0.3,0.9,0.5,0,0,up,0.27999999999999997,15.125000000000002,,,27165.490456744013,10,182,0.0,0.0,jupiter,True,10.0,55.2364705882353,False,100,1,1.0,True,
7f256fc0-a78b-4815-bbb6-2525dc2b2674,A4wGTpS7UbVECDqQPoTF2EFX9eQh1pTufzPZrmmVasKv,A4wGTpS7,completed,2025-11-30T06:33:17.059153,2025-11-30T06:36:29.306994,3.204130683333333,0.8550539999999999,0.639243,1.094,0.8550539999999999,29.024419572027035,45.40436042635905,0.10688695887571872,-9.798760427972967,-25.239458560511956,False,stop_loss,0,0,0,0,0,41845.09,0,0,0,False,False,False,False,0.351,0.3,0.2,1.0,0.3,0.9,0.5,0,0,up,0.27999999999999997,15.125000000000002,,,27154.31318967056,9,183,0.0,0.0,jupiter,True,10.0,41.568281535649,False,,0,1.0,True,
f2e7e93f-b3d0-44e9-805b-423100d4575a,2dy1JYzq2StDFFCELqgdx19LyJtyRyj1bhghjufMuTdz,2dy1JYzq,completed,2025-11-30T06:35:16.030123,2025-11-30T06:38:03.719376,2.7948208833333337,4.199895e-06,4.148099999999999e-06,4.199895e-06,4.199895e-06,41.559455371741436,10018913.568077298,0.15300974209264948,-0.5189296282585695,-1.2332451168422207,False,low_liquidity,0,0,0,0,0,0.59,0,0,0,False,False,False,False,0.2965833333333333,0.2,0.2,0.6,0.3,0.9,0.5,0,0,sideways,0.2683333333333333,0.0,,,27161.31326237817,11,184,0.0,0.0,jupiter,True,10.0,1.2332451168422207,False,,0,1.0,True,
f73eb5a4-c2c0-4abd-bf70-a68e23c66432,Hahp6Xjt9eywT8cVyXUGb6Djxxb2KTf3hQEqKLcTbsVn,Hahp6Xjt,completed,2025-11-30T06:35:22.440881,2025-11-30T06:38:03.839395,2.6899752333333335,5.151629999999999e-05,2.60271e-05,5.553e-05,5.151629999999999e-05,21.009536204599325,807217.7155579886,0.07729344171932484,-20.575333795400677,-49.47793222727563,False,low_liquidity,0,0,0,0,0,0.0,0,0,0,False,False,False,False,0.30483333333333335,0.2,0.2,0.8,0.3,0.9,0.5,0,0,up,0.30333333333333334,17.375000000000004,,,27181.525026264342,10,185,0.0,0.0,jupiter,True,10.0,53.12965964343598,False,,0,1.0,True,
f133a768-23b3-469f-8cb5-dd36a11977da,HtWKn6QuiXUwYJRgHgLepuAwrBNd82PqW5zDGD9WSnMY,HtWKn6Qu,completed,2025-11-30T06:32:37.433563,2025-11-30T06:39:59.794640,7.372684616666667,0.45486299999999996,1.1483999999999999,1.42,0.45486299999999996,63.53958835451555,55.32879515370564,0.23409694054734245,38.37256660451554,152.4716233239459,True,trailing_stop,0,0,0,0,0,56249.15,0,0,0,False,False,False,False,0.35275,0.3,0.2,1.0,0.3,0.9,0.5,0,0,sideways,0.24499999999999997,0.0,,,27142.425785639716,10,186,0.0,0.0,jupiter,True,10.0,19.126760563380287,False,"200,100",2,1.0,True,
e872216c-b39a-4238-9344-1743d7f58434,44buzVAbd9kyns5ypQ4Mn51VbX7xB3yjBLj6W3id4gy5,44buzVAb,completed,2025-11-30T06:39:21.783621,2025-11-30T06:39:59.916292,0.6355445166666667,0.0011406749999999998,0.000692109,0.0011406749999999998,0.0011406749999999998,24.784130986310746,35809.57766234906,0.09118269954069849,-16.062959013689262,-39.324610428036024,False,stop_loss,0,0,0,0,0,44507.03,0,0,0,False,False,False,False,0.31716666666666665,0.2,0.2,1.0,0.3,0.9,0.5,0,0,sideways,0.25666666666666665,0.0,,,27180.73835404335,9,187,0.0,0.0,jupiter,True,10.0,39.324610428036024,False,,0,1.0,True,
a64d8660-6ed7-4609-80e6-a89c7eb40ec9,CcCMxEH8EPKSXsEaf3VhntwnV2bAz3eVi9u3oUtmTp8N,CcCMxEH8,completed,2025-11-30T06:34:30.276227,2025-11-30T06:44:32.424652,10.035807083333333,0.00017115149999999998,0.000198198,0.0002002,0.00017115149999999998,47.34242856784779,238864.31027481504,0.17363731310289365,6.460443567847786,15.802666059017891,True,low_liquidity,0,0,0,0,0,2.18,0,0,0,False,False,False,False,0.3165833333333333,0.2,0.2,1.0,0.3,0.9,0.5,0,0,sideways,0.2683333333333333,0.0,,,27265.123907897436,13,188,0.0,0.0,jupiter,True,10.0,0.9999999999999996,False,,0,1.0,True,
20698f85-7812-40d9-845c-69480a5752e1,5k74fwh4QHY8i5D5CYJ1XDxVUCtpgCAm1BtxBJw3u47U,5k74fwh4,completed,2025-11-30T06:43:40.798055,2025-11-30T06:44:54.704290,1.2317705833333332,0.001550715,0.000433125,0.001686,0.001550715,11.40886356051886,26340.81052933647,0.041835838337791795,-29.438226439481145,-72.0693357580213,False,stop_loss,0,0,0,0,0,31907.58,0,0,0,False,False,False,False,0.31716666666666665,0.2,0.2,1.0,0.3,0.9,0.5,0,0,sideways,0.25666666666666665,0.0,,,27270.550833477213,12,189,0.0,0.0,jupiter,True,10.0,74.31049822064057,False,,0,1.0,True,
7c3cb608-b999-426d-9030-6ce379d08a08,6cM67gE5vkwiWDheT9HRdhnDbWZ1FiVPjJeFLyTrNUfz,6cM67gE5,completed,2025-11-30T06:37:11.675657,2025-11-30T06:46:37.813306,9.435627483333333,0.51054,0.908523,1.78,0.51054,44.90664546566577,49.42818780115173,0.16518877795895617,19.671578465665768,77.95334351862732,True,trailing_stop,0,0,0,0,0,49934.73,0,0,0,False,False,False,False,0.351,0.3,0.2,1.0,0.3,0.9,0.5,0,0,up,0.27999999999999997,15.125000000000002,,,27185.046115435005,14,190,0.0,0.0,jupiter,True,10.0,48.959382022471914,False,"200,100",2,1.0,True,
9bca3d40-78c4-48c2-bcc4-cd49ec1b0796,6S2PoeVQHAv3oef6W8mFMgPMyj7faP8U7LGMcu3eTEPi,6S2PoeVQ,completed,2025-11-30T06:41:31.892948,2025-11-30T06:46:37.915681,5.100378883333334,0.0016009649999999998,0.0012474,0.002575,0.0016009649999999998,31.82621735390844,25514.04309275969,0.11701818038323379,-9.020872646091572,-22.084492790285843,False,stop_loss,0,0,0,0,0,54210.8,0,0,0,False,False,False,False,0.31716666666666665,0.2,0.2,1.0,0.3,0.9,0.5,0,0,sideways,0.25666666666666665,0.0,,,27197.66898585996,13,191,0.0,0.0,jupiter,True,10.0,51.55728155339806,False,,0,1.0,True,
c484ed48-4b18-43b4-8e29-554149b8e823,3fRyckfPpYzCzc1ESRBazbkwpGQQSMkRHD8oGdFkz4SY,3fRyckfP,completed,2025-11-30T06:44:15.177101,2025-11-30T06:46:38.009566,2.3805410833333336,0.9350519999999999,0.664686,0.9627,0.9350519999999999,29.110756960735877,43.79625411207078,0.10702486555242803,-11.841018039264123,-28.914541651159496,False,stop_loss,0,0,0,0,0,42711.91,0,0,0,False,False,False,False,0.3154166666666667,0.2,0.2,1.0,0.3,0.9,0.5,0,0,up,0.2916666666666667,16.25,,,27199.993955120135,12,192,0.0,0.0,jupiter,True,10.0,30.956061078217513,False,,0,1.0,True,
ea18a23c-d919-4b99-8f39-4d35298ad68b,2QtZ9qMWF4HU4Km9MPWZ4Ma6PdjdyyG3zRyj9nb7Mt8B,2QtZ9qMW,completed,2025-11-30T06:45:52.050951,2025-11-30T06:46:38.101650,0.76751165,0.07040025,0.0590931,0.07040025,0.07040025,14.536422889961331,245.99188213110043,0.05341458400093715,-2.7814671100386708,-16.06123557799865,False,stop_loss,0,0,0,0,0,18242.54,0,0,0,False,False,False,False,0.421,0.5,0.2,1.0,0.3,0.9,0.5,0,0,sideways,0.27999999999999997,0.0,,,27214.333242221433,11,193,0.0,0.0,jupiter,True,10.0,16.06123557799865,False,,0,1.0,True,
127d29ed-33e7-48b1-8b7b-3181e4dfbac9,6TxUMWALfHWZLEtmGBS48ZueJ6Tx88BJAKjf1WUdgkwK,6TxUMWAL,completed,2025-11-30T06:43:53.422283,2025-11-30T06:52:43.770432,8.839135816666667,0.6945555,0.8807039999999999,2.075,0.6945555,41.84398573031529,47.511974205085124,0.15353972632283974,8.844282730315285,26.801097968412886,True,trailing_stop,0,0,0,0,0,49179.86,0,0,0,False,False,False,False,0.351,0.3,0.2,1.0,0.3,0.9,0.5,0,0,up,0.27999999999999997,15.125000000000002,,,27252.87242099949,12,194,0.0,0.0,jupiter,True,10.0,57.55643373493977,False,100,1,1.0,True,
adee59b9-58d2-4b57-a689-423960bafe7f,QJry6nvbN7SJt91CVyHSdB6P4McHc36DeVJhvPj749M,QJry6nvb,completed,2025-11-30T06:45:32.747358,2025-11-30T06:52:43.872677,7.185421983333333,0.6014925,0.37085399999999996,1.42,0.6014925,20.346175316171024,54.863033204902806,0.07459905782901487,-12.653527683828978,-38.34436838364569,False,stop_loss,0,0,0,0,0,31915.96,0,0,0,False,False,False,False,0.351,0.3,0.2,1.0,0.3,0.9,0.5,0,0,up,0.27999999999999997,15.125000000000002,,,27274.03791453449,11,195,0.0,0.0,jupiter,True,10.0,73.88352112676057,False,100,1,1.0,True,
fc2ed2d1-9032-483e-af40-407197a0e5a0,DxJHf3qwhHJQzyfo29LfhmsadWjcCaUCm87LPJe984Ms,DxJHf3qw,completed,2025-11-30T06:49:47.373625,2025-11-30T06:52:43.965660,2.9432005833333337,0.0011356499999999998,0.0009841589999999999,0.0014,0.0011356499999999998,35.39825760340775,35968.02712103202,0.12986103817622371,-5.448832396592259,-13.339585259542988,False,stop_loss,0,0,0,0,0,53135.27,0,0,0,False,False,False,False,0.31716666666666665,0.2,0.2,1.0,0.3,0.9,0.5,0,0,sideways,0.25666666666666665,0.0,,,27258.566619012927,10,196,0.0,0.0,jupiter,True,10.0,29.702928571428583,False,,0,1.0,True,
c5415209-10e0-4583-a6bf-a53ec6ee3d93,jxwydauQtKFDACVZp2gkzfmL3zFYEfGedKc2LbedKP2,jxwydauQ,completed,2025-11-30T06:53:43.613631,2025-11-30T06:57:34.285150,3.8445253166666666,0.8265119999999999,0.8182468799999999,0.8265119999999999,0.8265119999999999,38.4349482,46.9723125617051,0.14101316180088344,-0.3882318000000008,-1.000000000000002,False,low_liquidity,0,0,0,0,0,0.0,0,0,0,False,False,False,False,0.351,0.3,0.2,1.0,0.3,0.9,0.5,0,0,up,0.27999999999999997,15.125000000000002,,,27256.28424265231,12,197,0.0,0.0,jupiter,True,10.0,1.000000000000002,False,,0,1.0,True,
1eb9e7bc-5a7c-44ab-b328-a5d1458f9350,5MSEU7fASnfcNPRtTWU3TViCVYCjqqTJJNj5fu1JirEL,5MSEU7fA,completed,2025-11-30T06:48:25.698817,2025-11-30T06:57:34.387510,9.144811549999998,0.9353534999999998,1.2177,2.17,0.9353534999999998,45.3164819021632,37.21481637690991,0.16630616581139188,10.5074731521632,30.18607403511081,True,trailing_stop,0,0,0,0,0,57836.19,0,0,0,False,False,False,False,0.3154166666666667,0.2,0.2,1.0,0.3,0.9,0.5,0,0,up,0.2916666666666667,16.25,,,27248.82849716871,11,198,0.0,0.0,jupiter,True,10.0,43.88479262672811,False,100,1,1.0,True,
116edf40-1da0-45f9-b36b-b1a4e56077cf,2bmjfBwaBDTwVxD8dyw8GkVsS7WcYv6DNKg8rsk298CV,2bmjfBwa,completed,2025-11-30T06:56:53.747396,2025-11-30T06:59:47.206344,2.8909824666666664,4.718475e-05,4.69458e-05,4.817e-05,4.718475e-05,41.37427855495685,881320.129914856,0.15166313033249937,-0.21059144504315377,-0.5064136188069213,False,low_liquidity,0,0,0,0,0,0.0,0,0,0,False,False,False,False,0.30483333333333335,0.2,0.2,0.8,0.3,0.9,0.5,0,0,up,0.30333333333333334,17.375000000000004,,,27280.380184854264,12,199,0.0,0.0,jupiter,True,10.0,2.5414158189744676,False,,0,1.0,True,
7c825bae-1a72-4576-8cbe-e3b915c63575,BM63aesDygpozgTg2NeDydvA9cazRR8nE6d1QMdm9cyr,BM63aesD,completed,2025-11-30T06:59:26.854017,2025-11-30T07:03:33.924606,4.117843150000001,0.0005586794999999999,0.000675081,0.001012,0.0005586794999999999,46.954198478868484,69553.42911275607,0.17153771121060263,8.096123478868481,20.835112081255907,True,trailing_stop,0,0,0,0,0,44025.51,0,0,0,False,False,False,False,0.35041666666666665,0.3,0.2,1.0,0.3,0.9,0.5,0,0,up,0.2916666666666667,16.25,,,27372.52243107128,12,200,0.0,0.0,jupiter,True,10.0,33.29239130434783,False,,0,1.0,True,
e5b5ca0b-d62a-4d8b-b2d8-3dddbdace7b4,71n6wnfqqXGJrvWtaH36M4Hq6BgyifWhji92s8qa2jXJ,71n6wnfq,completed,2025-11-30T06:58:53.621474,2025-11-30T07:04:08.900696,5.2546537,0.00017667899999999998,0.000185823,0.0001877,0.00017667899999999998,43.10793008456013,231983.82377079336,0.1573649842033435,2.121260084560139,5.17548774896848,True,low_liquidity,0,0,0,0,0,7.77,0,0,0,False,False,False,False,0.3148333333333333,0.2,0.2,1.0,0.3,0.9,0.5,0,0,up,0.30333333333333334,17.375000000000004,,,27393.597313146256,11,201,0.0,0.0,jupiter,True,10.0,1.0000000000000049,False,,0,1.0,True,
ded9d2f1-7331-41f5-80c3-af393b2c7a9a,14g5XTewXGFFGEVpchN84mzAEU1ZvadjLd8kA4VXzDMZ,14g5XTew,completed,2025-11-30T06:56:56.823638,2025-11-30T07:05:43.081289,8.77096085,0.4985804999999999,0.664686,1.34,0.4985804999999999,43.993779516563535,66.18731177813815,0.16063663482593882,10.994076516563531,33.31568322467487,True,trailing_stop,0,0,0,0,0,42713.82,0,0,0,False,False,False,False,0.351,0.3,0.2,1.0,0.3,0.9,0.5,0,0,up,0.27999999999999997,15.125000000000002,,,27387.139654807834,12,202,0.0,0.0,jupiter,True,10.0,50.3965671641791,False,100,1,1.0,True,
fd283e49-09ae-47d6-9147-36ee2d61f767,9FfsrNUxyxb5jgYgwPSfmbMNb74STodTVPFJkuSUhWmq,9FfsrNUx,completed,2025-11-30T07:05:14.759961,2025-11-30T07:07:56.170420,2.6901743166666665,4.771739999999999e-05,4.80249e-05,4.851e-05,4.771739999999999e-05,41.85285081045909,871482.3104360256,0.15242749510514,0.2679808104590867,0.6444190169623873,True,low_liquidity,0,0,0,0,0,0.0,0,0,0,False,False,False,False,0.30483333333333335,0.2,0.2,0.8,0.3,0.9,0.5,0,0,up,0.30333333333333334,17.375000000000004,,,27457.546803869092,11,203,0.0,0.0,jupiter,True,10.0,0.9999999999999996,False,,0,1.0,True,
f91c5729-96af-4422-821c-1913c36674a5,8RemzUH3Qv4WGfJ5BZT2bBrcyiPpacUJuyWFxwtCZBh4,8RemzUH3,completed,2025-11-30T07:02:28.671778,2025-11-30T07:10:10.341456,7.694494633333333,0.001209015,0.000971388,0.003494,0.001209015,27.895945957479444,28717.61433894535,0.10155343519159113,-6.824080542520564,-19.654594856143216,False,stop_loss,0,0,0,0,0,47822.96,0,0,0,False,False,False,False,0.31716666666666665,0.2,0.2,1.0,0.3,0.9,0.5,0,0,sideways,0.25666666666666665,0.0,,,27469.229282939406,14,204,0.0,0.0,jupiter,True,10.0,72.19839725243274,False,100,1,1.0,True,
7c98b94b-dd1c-4cf0-be27-a4e5b70a11fb,8apJPgWJ89fGoGioSmd3s4Zzsx4En8yUQDcW4uZLBYog,8apJPgWJ,completed,2025-11-30T06:37:20.972766,2025-11-30T07:12:14.406980,34.89057023333333,0.00014703149999999998,0.000256707,0.0002593,0.00014703149999999998,71.55993848726295,278761.1498216369,0.2612738392156856,30.573268487262947,74.59319941645161,True,low_liquidity,0,0,0,0,0,10.15,0,0,0,False,False,False,False,0.3148333333333333,0.2,0.2,1.0,0.3,0.9,0.5,0,0,up,0.30333333333333334,17.375000000000004,,,27388.864764293958,14,205,0.0,0.0,jupiter,True,10.0,1.0000000000000029,False,,0,1.0,True,
5eaeba4e-7103-4eab-9842-99dbe6c0966e,6iNkcwD7kNodXWhrUUGyRu6gTCjNnobtmsbPhNBcB1oJ,6iNkcwD7,completed,2025-11-30T07:08:53.430143,2025-11-30T07:12:14.516767,3.3514437333333333,0.0009223889999999999,0.000329076,0.001211,0.0009223889999999999,14.5852564328716,44321.847940511005,0.05314266300074143,-26.296728567128405,-64.32351209739058,False,low_liquidity,0,0,0,0,0,0.0,0,0,0,False,False,False,False,0.3165833333333333,0.2,0.2,1.0,0.3,0.9,0.5,0,0,sideways,0.2683333333333333,0.0,,,27445.475272227348,13,206,0.0,0.0,jupiter,True,10.0,72.82609413707681,False,,0,1.0,True,
0be885e0-71fe-4a3a-a225-32db376f8c9a,3YiSYqg68qBVuay8oW4KK8tffgAtnK1v6ouGvLqXt4PK,3YiSYqg6,completed,2025-11-30T07:04:59.108354,2025-11-30T07:12:14.654357,7.25910005,0.7063139999999999,0.269478,1.56,0.7063139999999999,12.590284158368659,46.72100935278078,0.045870758419640265,-20.40941884163134,-61.847280388042705,False,stop_loss,0,0,0,0,0,27168.67,0,0,0,False,False,False,False,0.351,0.3,0.2,1.0,0.3,0.9,0.5,0,0,up,0.27999999999999997,15.125000000000002,,,27447.298872167627,12,207,0.0,0.0,jupiter,True,10.0,82.72576923076925,False,100,1,1.0,True,
75961bcc-e52b-4ca7-a908-2b2c153008c5,Gj3eajB96FdQW8PyMxURwU5CXjBMWMZJ2WaMNM5MC4Cd,Gj3eajB9,completed,2025-11-30T07:11:09.654120,2025-11-30T07:14:13.865156,3.0701839333333334,4.48833e-05,2.37798e-05,4.546e-05,4.48833e-05,22.34918038526579,939838.8710277543,0.08132534825054602,-19.83388961473421,-47.01860157341372,False,low_liquidity,0,0,0,0,0,0.0,0,0,0,False,False,False,False,0.29483333333333334,0.2,0.2,0.6,0.3,0.9,0.5,0,0,up,0.30333333333333334,17.375000000000004,,,27481.198502111227,11,208,0.0,0.0,jupiter,True,10.0,47.69071711394633,False,,0,1.0,True,
80889c3d-cc06-4cbe-a173-12f86a317964,Dekym3dhPJN8qggRsb4YLfjgSUQdcQ2UxcbwhZUkkGQv,Dekym3dh,completed,2025-11-30T07:09:21.359934,2025-11-30T07:16:15.820638,6.9076784,0.676566,0.315513,1.69,0.676566,15.389238141791045,48.775290215588726,0.05607060252411876,-17.610464858208957,-53.36552531460346,False,stop_loss,0,0,0,0,0,29414.13,0,0,0,False,False,False,False,0.351,0.3,0.2,1.0,0.3,0.9,0.5,0,0,up,0.27999999999999997,15.125000000000002,,,27446.179368540525,10,209,0.0,0.0,jupiter,True,10.0,81.33059171597633,False,100,1,1.0,True,
daa43984-3f68-4171-8cd5-02b756313fd6,9VKGivGN5FJgiZwTq5RDVtX7GgZSkg6RZpDdVMgyBgor,9VKGivGN,completed,2025-11-30T07:18:00.264039,2025-11-30T07:18:30.832113,0.5094679,0.0015165449999999998,0.000910107,0.0015165449999999998,0.0015165449999999998,24.513102175425068,26934.307917008737,0.08933536715482293,-16.33398782457494,-39.98813091599655,False,stop_loss,0,0,0,0,0,51072.76,0,0,0,False,False,False,False,0.31716666666666665,0.2,0.2,1.0,0.3,0.9,0.5,0,0,sideways,0.25666666666666665,0.0,,,27439.41504481933,10,210,0.0,0.0,jupiter,True,10.0,39.98813091599655,False,,0,1.0,True,
c1a0123b-50a9-4f73-96fe-b6606efb5f38,J7Qzzw2yFRbaeGPcKjcpcR45JSTz7i7PFwTRZGkVP1Rs,J7Qzzw2y,completed,2025-11-30T07:09:30.814501,2025-11-30T07:20:12.565594,10.695851549999999,0.6603855,0.7218089999999999,2.4,0.6603855,27.582220500303233,38.21263035000012,0.10077157115069899,2.347153500303231,9.301158187149774,True,trailing_stop,0,0,0,0,0,44501.02,0,0,0,False,False,False,False,0.351,0.3,0.2,1.0,0.3,0.9,0.5,0,0,up,0.27999999999999997,15.125000000000002,,,27371.03350215247,9,211,0.0,0.0,jupiter,True,10.0,69.924625,False,"200,100",2,1.0,True,
37b28486-78b1-4db1-a659-9f43cd5dd297,CFnhPmc2PZDMExFE5oimGnTgzoMHLzjxVgRQQnSF4qXK,CFnhPmc2,completed,2025-11-30T07:21:41.299757,2025-11-30T07:24:43.115361,3.0302600666666666,0.0012240899999999997,0.00110979,0.0012240899999999997,0.0012240899999999997,37.032973074773935,33369.35192673743,0.1354224996075889,-3.814116925226078,-9.337548709653678,False,stop_loss,0,0,0,0,0,51239.86,0,0,0,False,False,False,False,0.31716666666666665,0.2,0.2,1.0,0.3,0.9,0.5,0,0,sideways,0.25666666666666665,0.0,,,27346.248357609442,14,212,0.0,0.0,jupiter,True,10.0,9.337548709653678,False,,0,1.0,True,
6cebb20a-4d81-447f-8595-da610bbbddf6,7otFNsvgvABBph7KZM6D36BnnmhLNG8mzjHqmRrEsvJy,7otFNsvg,completed,2025-11-30T07:21:44.669941,2025-11-30T07:24:43.233560,2.9760603166666666,0.49425899999999995,0.20799900000000002,0.5551,0.49425899999999995,17.2337342329123,82.85488984520262,0.06297553371803098,-23.7180407670877,-57.917003028776406,False,stop_loss,0,0,0,0,0,37507.34,0,0,0,False,False,False,False,0.3154166666666667,0.2,0.2,1.0,0.3,0.9,0.5,0,0,up,0.2916666666666667,16.25,,,27365.76129719721,13,213,0.0,0.0,jupiter,True,10.0,62.52945415240496,False,,0,1.0,True,
185c6097-b269-468e-9011-237483ab0bae,4cnfFAphHHo3PXBJyWzKBQnturfHTXkAe2YWq53RdvZA,4cnfFAph,completed,2025-11-30T06:20:12.346180,2025-11-30T07:26:39.826318,66.4580023,3.761714999999999e-05,6.8904e-05,6.96e-05,3.761714999999999e-05,79.13935466881466,1148545.1449671232,0.28945239554479296,35.93435966881465,83.17177138618959,True,low_liquidity,0,0,0,0,0,18.65,0,0,0,False,False,False,False,0.27775,0.2,0.2,0.2,0.3,0.9,0.5,0,0,sideways,0.245,0.0,,,27341.06052909408,14,214,0.0,0.0,jupiter,True,10.0,0.9999999999999923,False,,0,1.0,True,
2860eab2-b823-4aae-896b-0b72e744cb8c,6KvHcToXUerGq6v3g3VG1jmKyj27Pd82qyATbu4ZMbza,6KvHcToX,completed,2025-11-30T07:23:55.457589,2025-11-30T07:26:39.929787,2.7412033,0.0011436899999999997,0.0009024840000000001,0.001246,0.0011436899999999997,32.23237518170136,35715.17631526027,0.11769051715433784,-8.614714818298657,-21.09015554914354,False,stop_loss,0,0,0,0,0,50897.18,0,0,0,False,False,False,False,0.31716666666666665,0.2,0.2,1.0,0.3,0.9,0.5,0,0,sideways,0.25666666666666665,0.0,,,27387.402112807635,13,215,0.0,0.0,jupiter,True,10.0,27.569502407704643,False,,0,1.0,True,
1d7b3bca-0c22-4d16-a3f7-f9f5a117e278,7ua6hdz5oo5XbDssKqcYkK6sHtQhUUD8eipL93t5mnjm,7ua6hdz5,completed,2025-11-30T07:09:27.632082,2025-11-30T07:28:42.602872,19.249513166666667,3.909449999999999e-05,2.66112e-05,4.725e-05,3.909449999999999e-05,29.073238859072255,1092518.896519971,0.10605343906488274,-13.638241140927743,-31.931090051030175,False,low_liquidity,0,0,0,0,0,29.08,0,0,0,False,False,False,False,0.286,0.2,0.2,0.4,0.3,0.9,0.5,0,0,up,0.27999999999999997,15.125000000000002,,,27413.763396475482,13,216,0.0,0.0,jupiter,True,10.0,43.68,False,,0,1.0,True,
97f9753b-499c-4fcf-9947-c9b625805fd1,7fF8cYUUHcPsApBrggqEWiiFRBAFCyQjBBGTyJDh8u1V,7fF8cYUU,completed,2025-11-30T07:24:14.079569,2025-11-30T07:35:06.681475,10.876698433333333,0.36340799999999995,0.7761600000000001,1.42,0.36340799999999995,53.89658346189408,69.44004259675077,0.1959994234939132,28.66151646189408,113.5781270637961,True,trailing_stop,0,0,0,0,0,46236.34,0,0,0,False,False,False,False,0.351,0.3,0.2,1.0,0.3,0.9,0.5,0,0,up,0.27999999999999997,15.125000000000002,,,27498.337750757644,14,217,0.0,0.0,jupiter,True,10.0,45.340845070422525,False,"200,100",2,1.0,True,
fc7c543f-4232-445a-994b-209971b3a62a,HLWopx523rC5NYECZsVHacLbNfTR5PnQrscKKVRwMS56,HLWopx52,completed,2025-11-30T06:23:25.572902,2025-11-30T07:39:35.770668,76.16996276666667,3.1235399999999996e-05,0.000120483,0.0001356,3.1235399999999996e-05,81.35549445196799,675244.5942744452,0.29488943891405833,60.263959451967985,285.7258110989455,True,trailing_stop,0,0,0,0,0,130084.6,0,0,0,False,False,False,False,0.29483333333333334,0.2,0.2,0.6,0.3,0.9,0.5,0,0,up,0.30333333333333334,17.375000000000004,,,27588.47341280268,14,218,0.0,0.0,jupiter,True,10.0,11.148230088495565,False,"200,100,300",3,1.0,True,
1c906e6f-4f72-489b-96c0-ee451ec66181,CdVhtBi7VpWRZqLNvcxFjyUH4nEQiWR7oAETCgSfwnSm,CdVhtBi7,completed,2025-11-30T07:32:24.762488,2025-11-30T07:42:07.060431,9.704965716666667,0.8129444999999998,0.801405,2.37,0.8129444999999998,32.531282249544724,40.59281168640665,0.11777477504490418,-0.468420750455282,-1.4194695947878133,False,low_liquidity,0,0,0,0,0,46989.8,0,0,0,False,False,False,False,0.351,0.3,0.2,1.0,0.3,0.9,0.5,0,0,up,0.27999999999999997,15.125000000000002,,,27621.604233284652,13,219,0.0,0.0,jupiter,True,10.0,66.1854430379747,False,100,1,1.0,True,
98ef530b-d4a4-448e-9f4f-f4e662f7f26d,HnLuhn5gLzWna3CosNx1vQotZLjAJNRzyGsJbwtVfTes,HnLuhn5g,completed,2025-11-30T07:27:34.537226,2025-11-30T07:45:51.722547,18.286422016666666,0.44782799999999995,0.732402,0.7398,0.44782799999999995,63.49351688228517,86.69216752860474,0.22950536243954003,24.67033688228517,63.545379029448824,True,low_liquidity,0,0,0,0,0,18493.54,0,0,0,False,False,False,False,0.351,0.3,0.2,1.0,0.3,0.9,0.5,0,0,up,0.27999999999999997,15.125000000000002,,,27665.37400580853,14,220,0.0,0.0,jupiter,True,10.0,1.000000000000002,False,,0,1.0,True,
a7df352c-6edb-4635-bdfa-89d2c9fb5e71,EUP5RMfrHUET8YrS4TpmPsYeVJW81HKYUfUGf67W9pWe,EUP5RMfr,completed,2025-11-30T07:36:03.524798,2025-11-30T07:45:51.832181,9.805123049999999,4.067234999999999e-05,4.03623e-05,4.179e-05,4.067234999999999e-05,42.80638037318966,1060553.545590555,0.15461696117759427,-0.3288246268103432,-0.7623114966309843,False,low_liquidity,0,0,0,0,0,80050.2,0,0,0,False,False,False,False,0.27891666666666665,0.2,0.2,0.2,0.3,0.9,0.5,0,0,sideways,0.22166666666666668,0.0,,,27685.43635004048,13,221,0.0,0.0,jupiter,True,10.0,3.416367552045944,False,,0,1.0,True,
62053c4c-9a26-48b0-b310-c6e6722e6dfd,E7Sz9iifCmRAxequ9JXPXx9nJQHkq1PXhc2EEeKP3XoN,E7Sz9iif,completed,2025-11-30T07:43:14.827622,2025-11-30T07:45:51.942814,2.6185865333333336,0.0010833899999999998,0.00101871,0.001295,0.0010833899999999998,38.50689291044776,37799.66124848854,0.13906818919511135,-2.444882089552235,-5.970149253731336,False,trailing_stop,0,0,0,0,0,54158.27,0,0,0,False,False,False,False,0.3154166666666667,0.2,0.2,1.0,0.3,0.9,0.5,0,0,up,0.2916666666666667,16.25,,,27689.217162684814,12,222,0.0,0.0,jupiter,True,10.0,21.335135135135136,False,,0,1.0,True,
e5043d03-5556-423a-b8c3-a35bff00c6bb,8FjJjEqZCKnCp5X5XbmwXzyo3RJKZFzbD19KJhEiYuWA,8FjJjEqZ,completed,2025-11-30T07:42:38.208018,2025-11-30T07:46:26.712397,3.808406316666667,0.534459,1.04742,1.058,0.534459,76.08474213288578,72.64014639102345,0.27513518827874484,37.26156213288578,95.97761474687488,True,low_liquidity,0,0,0,0,0,32.35,0,0,0,False,False,False,False,0.351,0.3,0.2,1.0,0.3,0.9,0.5,0,0,up,0.27999999999999997,15.125000000000002,,,27653.58462829656,11,223,0.0,0.0,jupiter,True,10.0,1.000000000000003,False,,0,1.0,True,
e2dd846f-b21c-4f69-8f56-f25057f8885c,AXZaVPpibswyu3CVLYwcnT1YwZT9Xcfwv96mWk1Wwhg6,AXZaVPpi,completed,2025-11-30T05:19:07.531459,2025-11-30T07:48:04.005055,148.9412266,0.00017265899999999997,0.000116226,0.001058,0.00017265899999999997,8.255954665456187,71033.62987159661,0.029845035012482677,-4.00864083454381,-32.68465588240404,False,low_liquidity,0,0,0,0,0,59.1,0,0,0,False,False,False,False,0.3165833333333333,0.2,0.2,1.0,0.3,0.9,0.5,0,0,sideways,0.2683333333333333,0.0,,,27662.740760743407,11,224,0.0,0.0,jupiter,True,10.0,89.01455576559546,False,"400,100,500,200,300",5,1.0,True,
af768735-089f-47ee-8f2f-c4fccc6794d4,ATt8BBrLi3zdSf1bMgnH7DV2TSj4KQnYorSx7opaq721,ATt8BBrL,completed,2025-11-30T06:43:31.602003,2025-11-30T07:50:09.370004,66.62946668333333,5.16972e-05,8.72883e-05,8.817e-05,5.16972e-05,71.22413726625427,815964.3075447027,0.2579661086577828,29.04106726625427,68.84531463986445,True,low_liquidity,0,0,0,0,0,0.0,0,0,0,False,False,False,False,0.29483333333333334,0.2,0.2,0.6,0.3,0.9,0.5,0,0,up,0.30333333333333334,17.375000000000004,,,27609.88163787827,13,225,0.0,0.0,jupiter,True,10.0,1.0000000000000022,False,,0,1.0,True,
bf5213fc-067b-4a69-a0c5-7c453c29fde1,7HBerspDVg6hMu2a1eKqntU5RSSGr3P1fc4w7YKjzcNe,7HBerspD,completed,2025-11-30T07:47:27.674865,2025-11-30T07:50:09.490879,2.6969335666666665,0.6459135,0.38382299999999997,0.6769,0.6459135,23.07000769784189,60.10585008673762,0.08341294479507809,-15.75317230215811,-40.57671808996097,False,stop_loss,0,0,0,0,0,32508.39,0,0,0,False,False,False,False,0.351,0.3,0.2,1.0,0.3,0.9,0.5,0,0,up,0.27999999999999997,15.125000000000002,,,27657.586906346907,12,226,0.0,0.0,jupiter,True,10.0,43.29694194120254,False,,0,1.0,True,
25b38ae2-b4d7-495a-9c84-de6c0177ac74,ETim154sDgwqQpMw7hVYMM9pz7fyEmcfc2JneXqAVQBx,ETim154s,completed,2025-11-30T07:49:27.966306,2025-11-30T07:54:15.347311,4.789683416666667,0.0013034849999999998,0.000459657,0.001523,0.0013034849999999998,14.404194024580265,31336.831647468145,0.05204325942244313,-26.442895975419745,-64.73630306447714,False,stop_loss,0,0,0,0,0,33091.44,0,0,0,False,False,False,False,0.31716666666666665,0.2,0.2,1.0,0.3,0.9,0.5,0,0,sideways,0.25666666666666665,0.0,,,27677.348007086202,14,227,0.0,0.0,jupiter,True,10.0,69.81897570584373,False,,0,1.0,True,
a5ff6511-d294-499a-811a-dc9c641b4d98,NRRFynYpUXNJWE7XFz9nsP3nHsWKQQcearbx7Hnx437,NRRFynYp,completed,2025-11-30T07:51:08.791968,2025-11-30T07:54:15.472972,3.1113500666666667,0.0010421849999999997,0.0009801,0.00115,0.0010421849999999997,38.41374891118182,39193.70361308215,0.13891396376231407,-2.4333410888181937,-5.957195699419941,False,trailing_stop,0,0,0,0,0,53093.5,0,0,0,False,False,False,False,0.31716666666666665,0.2,0.2,1.0,0.3,0.9,0.5,0,0,sideways,0.25666666666666665,0.0,,,27652.90678546103,13,228,0.0,0.0,jupiter,True,10.0,14.773913043478256,False,,0,1.0,True,
54d78c96-826a-4bb1-b504-1a26920d3717,DKF6RSpNy3dH56y1PWiUUC4hUHFjrWdvMdFUUFzapCUu,DKF6RSpN,completed,2025-11-30T07:26:25.104140,2025-11-30T07:56:34.876913,30.16287955,0.7793774999999998,2.3661000000000003,2.39,0.7793774999999998,76.61074643378853,32.378490526092946,0.27705098913320564,51.375679433788534,203.58844077484926,True,low_liquidity,0,0,0,0,0,59862.76,0,0,0,False,False,False,False,0.351,0.3,0.2,1.0,0.3,0.9,0.5,0,0,up,0.27999999999999997,15.125000000000002,,,27652.219063890156,14,229,0.0,0.0,jupiter,True,10.0,0.999999999999992,False,"200,100",2,1.0,True,
132b9c7b-cd37-40df-a6a3-6990961aba13,DD7FXEXKqj5RcfpuDZ3eimdDxH6CAdt8oqdRDVtXUHxN,DD7FXEXK,completed,2025-11-30T07:55:45.777359,2025-11-30T07:58:37.425547,2.8608031333333335,0.7490264999999999,0.270171,0.8805,0.7490264999999999,14.003372863016196,51.83151730946769,0.050479414837266715,-24.819807136983805,-63.9303816353627,False,stop_loss,0,0,0,0,0,27279.48,0,0,0,False,False,False,False,0.351,0.3,0.2,1.0,0.3,0.9,0.5,0,0,up,0.27999999999999997,15.125000000000002,,,27740.75909588026,14,230,0.0,0.0,jupiter,True,10.0,69.31618398637137,False,,0,1.0,True,
c850dbd5-dbd2-4349-8797-78ef678ac2e7,8t33b3MqSR95zdtfgoYpuyLXGcodHzZwEzcgQdVbMjQe,8t33b3Mq,completed,2025-11-30T07:32:15.410144,2025-11-30T08:02:20.504174,30.0849005,0.6382754999999999,2.04633,2.067,0.6382754999999999,80.90436598946695,39.536324048157894,0.2913040732625827,55.66929898946696,220.60293713294664,True,low_liquidity,0,0,0,0,0,51737.51,0,0,0,False,False,False,False,0.351,0.3,0.2,1.0,0.3,0.9,0.5,0,0,up,0.27999999999999997,15.125000000000002,,,27773.166740630993,14,231,0.0,0.0,jupiter,True,10.0,0.9999999999999983,False,"200,100",2,1.0,True,
cf949eb0-8c35-4030-a580-dc5e32d55b8b,HBMtPF8vb85xi2WMWX2Ve9Jk1AGhbezzp8gncDRA1T5t,HBMtPF8v,completed,2025-11-30T07:59:27.508113,2025-11-30T08:02:20.629373,2.8853543333333334,0.0010251,0.000847737,0.001336,0.0010251,33.77971859850747,39846.93200663351,0.12142371237046143,-7.0673714014925375,-17.30201931518876,False,stop_loss,0,0,0,0,0,49372.51,0,0,0,False,False,False,False,0.31716666666666665,0.2,0.2,1.0,0.3,0.9,0.5,0,0,sideways,0.25666666666666665,0.0,,,27819.70501399776,13,232,0.0,0.0,jupiter,True,10.0,36.54663173652695,False,,0,1.0,True,
e3f36be9-4ffe-4852-9669-c98514070838,EpvVFA6icvyE7HW4PbyG67M92ZP2UEqt2VDWe6gUdvrM,EpvVFA6i,completed,2025-11-30T07:57:18.695081,2025-11-30T08:02:55.990549,5.621591133333334,0.403809,0.56331,1.18,0.403809,46.03429516660105,81.72106862402771,0.16581214817685797,13.034592166601044,39.49911963329198,True,trailing_stop,0,0,0,0,0,39378.64,0,0,0,False,False,False,False,0.351,0.3,0.2,1.0,0.3,0.9,0.5,0,0,up,0.27999999999999997,15.125000000000002,,,27762.92067424403,12,233,0.0,0.0,jupiter,True,10.0,52.26186440677966,False,100,1,1.0,True,
da88b7d4-515d-43c5-bddd-e01dc1842157,Eq3dXnrs6P8YAjf8kCFh3xCU8amgwTqFGWr5pvrBF7Qt,Eq3dXnrs,completed,2025-11-30T08:08:00.035794,2025-11-30T08:10:55.367333,2.9221923166666666,0.17095049999999998,0.0952974,0.2303,0.17095049999999998,21.642218734265185,227.10188036887874,0.07749564323035249,-17.180961265734815,-44.25438942851877,False,stop_loss,0,0,0,0,0,25455.35,0,0,0,False,False,False,False,0.351,0.3,0.2,1.0,0.3,0.9,0.5,0,0,up,0.27999999999999997,15.125000000000002,,,27927.013483757553,14,234,0.0,0.0,jupiter,True,10.0,58.62032132001737,False,,0,1.0,True,
0220f9a8-2a3d-4f23-b47e-8d3379b9725d,Aao4ueuQ868gzGvnLuFqTxRvNQJs1jQaP9fo8ETEvuuD,Aao4ueuQ,completed,2025-11-30T07:48:57.495748,2025-11-30T08:13:13.537002,24.267354233333332,0.00011426849999999999,0.000138402,0.0001398,0.00011426849999999999,52.818951588232984,381634.3086677431,0.1888349662081645,9.210171588232985,21.119993699050934,True,low_liquidity,0,0,0,0,0,42.22,0,0,0,False,False,False,False,0.271,0.1,0.2,0.8,0.3,0.9,0.5,0,0,up,0.27999999999999997,17.375,,,27970.95932434853,14,235,0.0,0.0,jupiter,True,10.0,1.0000000000000018,False,,0,1.0,True,
1f127433-c8dc-4ae6-9a91-1a61453327ac,3ATh16ze1MnBk8qHXVH9qgJWpzgDXYCqruh5rCh9G8Qe,3ATh16ze,completed,2025-11-30T08:05:35.512171,2025-11-30T08:15:14.361180,9.647483483333334,0.425919,0.293436,1.9,0.425919,13.373574137899459,45.57577849309376,0.047817255280241465,-6.038015862100541,-31.105210145591066,False,stop_loss,0,0,0,0,0,28441.7,0,0,0,False,False,False,False,0.351,0.3,0.2,1.0,0.3,0.9,0.5,0,0,up,0.27999999999999997,15.125000000000002,,,27968.092395770662,14,236,0.0,0.0,jupiter,True,10.0,84.556,False,"200,100,300",3,1.0,True,
83821cbd-be21-4560-aa30-507e43b9a106,Fe1FxXFYLyQWzBbRHi8g4tMReSfPgRFoBbVJ4WXeJLwc,Fe1FxXFY,completed,2025-11-30T07:22:09.783136,2025-11-30T08:17:26.246503,55.274389449999994,5.0822849999999994e-05,2.56806e-05,0.0001008,5.0822849999999994e-05,21.01268253397832,818231.7599268834,0.07517553586546821,-20.572187466021678,-49.4703661837146,False,low_liquidity,0,0,0,0,0,0.0,0,0,0,False,False,False,False,0.30483333333333335,0.2,0.2,0.8,0.3,0.9,0.5,0,0,up,0.30333333333333334,17.375000000000004,,,27951.490191678793,14,237,0.0,0.0,jupiter,True,10.0,74.52321428571429,False,,0,1.0,True,
74df2900-5a1b-4b51-85c5-02e72a673d30,6bjZ7cQpqYVDALd7tuWtAKSf8M2UoZMz2k5zfeWBBpwi,6bjZ7cQp,completed,2025-11-30T08:18:51.529491,2025-11-30T08:21:24.626911,2.5516236666666665,0.0009337454999999999,0.000912681,0.001025,0.0009337454999999999,40.062045774003735,43894.90498213914,0.1431953164402328,-0.9246242259962631,-2.2559144863348575,False,trailing_stop,0,0,0,0,0,51258.14,0,0,0,False,False,False,False,0.3148333333333333,0.2,0.2,1.0,0.3,0.9,0.5,0,0,up,0.30333333333333334,17.375000000000004,,,27977.203982593193,14,238,0.0,0.0,jupiter,True,10.0,10.9579512195122,False,,0,1.0,True,
52221913-e721-4c0b-944a-cbc09927602c,7vhZfcqaiZEvjDoQPfREFPnYC4jpShsDVWwUx7E9cv7o,7vhZfcqa,completed,2025-11-30T08:11:49.703791,2025-11-30T08:23:26.178944,11.607919216666666,0.48621899999999996,1.089,1.34,0.48621899999999996,73.9104736075719,67.87004004368403,0.26439345567027,40.910770607571905,123.97314790248839,True,trailing_stop,0,0,0,0,0,54811.43,0,0,0,False,False,False,False,0.351,0.3,0.2,1.0,0.3,0.9,0.5,0,0,up,0.27999999999999997,15.125000000000002,,,27954.72884160455,14,239,0.0,0.0,jupiter,True,10.0,18.731343283582095,False,100,1,1.0,True,
e9f99345-7fb5-4b6e-847d-95e0a36617f3,C4HNVdwmFBB9b6wRhZ8BrKrM2ouLQwqqrhqFNpbucoDo,C4HNVdwm,completed,2025-11-30T07:51:35.938717,2025-11-30T08:25:20.976013,33.7506216,0.686415,2.6631,2.69,0.686415,97.90506752868164,36.76357160027098,0.35002681104330896,72.67000052868164,287.9722908153231,True,low_liquidity,0,0,0,0,0,67399.51,0,0,0,False,False,False,False,0.351,0.3,0.2,1.0,0.3,0.9,0.5,0,0,up,0.27999999999999997,15.125000000000002,,,27970.733795179993,13,240,0.0,0.0,jupiter,True,10.0,0.9999999999999972,False,"200,100",2,1.0,True,
82548e16-2db0-4bfd-8934-2ae8178e3cf5,7zMxn2C7wHQ7kPfi3jWwnaimwTaChdcLYFUUnJWGCtWf,7zMxn2C7,completed,2025-11-30T08:26:30.945689,2025-11-30T08:31:46.473005,5.2587886,0.00103515,0.000983367,0.001231,0.00103515,38.80372926825098,39460.068589093375,0.13791870806923187,-2.043360731749027,-5.0024634110998525,False,trailing_stop,0,0,0,0,0,53220.14,0,0,0,False,False,False,False,0.31716666666666665,0.2,0.2,1.0,0.3,0.9,0.5,0,0,sideways,0.25666666666666665,0.0,,,28135.21806539287,14,241,0.0,0.0,jupiter,True,10.0,20.116409423233154,False,,0,1.0,True,
458e2c65-28b2-49cc-ab6f-8d6942d96ef7,E3sNGrB8aVXDjgNC7DmzpNCKTNn8SgQ2VaNq6CUqKSf,E3sNGrB8,completed,2025-11-30T08:06:10.915670,2025-11-30T08:38:09.221531,31.97176435,0.00015567449999999997,0.0029205,0.003749,0.00015567449999999997,32.820873893123164,11238.100973505621,0.11622313980984621,31.071388143123166,1776.0297929333324,True,trailing_stop,0,0,0,0,0,83949.12,0,0,0,False,False,False,False,0.41508333333333336,0.5,0.2,0.8,0.3,0.9,0.5,0,0,sideways,0.1983333333333333,0.0,,,28239.534697498028,14,242,0.0,0.0,jupiter,True,10.0,22.099226460389442,False,"400,700,100,500,200,600,300",7,1.0,True,
917cd8b0-ae56-469e-a56e-4cd9341eb417,3a5vY2wcge8dTBAJv8sxnrFf2r58ddt38dXdPBNTCfnK,3a5vY2wc,completed,2025-11-30T08:39:02.235586,2025-11-30T08:40:11.006322,1.1461789333333334,0.06378734999999999,0.058905,0.06378734999999999,0.06378734999999999,15.992360718073416,271.4941128609357,0.056536253289773464,-1.3255292819265876,-7.654103830931986,False,low_liquidity,0,0,0,0,0,0.0,0,0,0,False,False,False,False,0.421,0.5,0.2,1.0,0.3,0.9,0.5,0,0,sideways,0.27999999999999997,0.0,,,28286.91288774558,14,243,0.0,0.0,jupiter,True,10.0,7.654103830931986,False,,0,1.0,True,
fef0a61a-ab51-4ad7-8438-fa418c92376e,9KAKiEvr9kT1kCootCf1KRMEeVvFZXSM8DqFQsq6kHh9,9KAKiEvr,completed,2025-11-30T07:50:01.454927,2025-11-30T08:42:04.622124,52.05278661666667,0.00010813799999999999,0.00015048,0.0001532,0.00010813799999999999,61.66212940132055,409769.5999556123,0.21808237547167167,17.350464401320547,39.155523497752895,True,low_liquidity,0,0,0,0,0,0.0,0,0,0,False,False,False,False,0.25925,0.1,0.2,0.6,0.3,0.9,0.5,0,0,up,0.315,20.75,,,28274.696324247576,14,244,0.0,0.0,jupiter,True,10.0,1.7754569190600527,False,,0,1.0,True,
d6861440-6845-4d48-a62b-47ffdb89c1fa,5K4mhwJyXZeZMbxxUJfKX9ZFVzUxuSfHxdP1qPoaVzod,5K4mhwJy,completed,2025-11-30T08:15:54.675619,2025-11-30T08:48:23.559070,32.48139085,4.715459999999999e-05,7.205220000000001e-05,8.471e-05,4.715459999999999e-05,65.10315673760357,903555.4325558909,0.2289446823689105,22.496361737603564,52.79993892430436,True,trailing_stop,0,0,0,0,0,117144.52,0,0,0,False,False,False,False,0.28775,0.2,0.2,0.4,0.3,0.9,0.5,0,0,sideways,0.245,0.0,,,28436.19518216172,14,245,0.0,0.0,jupiter,True,10.0,14.942509739109887,False,,0,1.0,True,
793f588b-76ab-40c3-8e9d-503926b8f565,Coro1yxPoHHBSKvh3rQX3kXczesmTzh1RtoLcaS7Yrwp,Coro1yxP,completed,2025-11-30T06:37:48.545097,2025-11-30T08:52:49.780700,135.02059338333333,0.0001279365,0.000215325,0.0003252,0.0001279365,63.39236946615117,294403.2019791068,0.22345578683848547,25.727454216151173,68.30615188003422,True,trailing_stop,0,0,0,0,0,383097.63,0,0,0,False,False,False,False,0.25925,0.1,0.2,0.6,0.3,0.9,0.5,0,0,up,0.315,20.75,,,28369.088293950237,14,246,0.0,0.0,jupiter,True,10.0,33.78690036900369,False,100,1,1.0,True,
b28f6de4-8526-4e59-8cba-9badd7d7ab54,3SdVB6JxipEzpEsyQVs1f9LxcXZuKUCY4NpCSTmDpZ9H,3SdVB6Jx,completed,2025-11-30T08:32:38.821588,2025-11-30T08:52:49.913983,20.18487325,0.5408909999999999,0.19641599999999998,1.71,0.5408909999999999,9.163714907203117,46.65462542360662,0.032240454904549555,-16.071352092796886,-63.68658380339107,False,stop_loss,0,0,0,0,0,23279.67,0,0,0,False,False,False,False,0.351,0.3,0.2,1.0,0.3,0.9,0.5,0,0,up,0.27999999999999997,15.125000000000002,,,28423.03228764305,13,247,0.0,0.0,jupiter,True,10.0,88.51368421052632,False,"200,100",2,1.0,True,
23e571b8-08d2-465b-a3f8-508ab87a46f4,DAVEAtbWaAs7wKugX7tAbp6NvFgSxXSRvt3MmtPJWa9d,DAVEAtbW,completed,2025-11-30T08:43:52.552446,2025-11-30T08:52:50.047742,8.958254933333334,0.18743249999999997,0.306009,0.3926,0.18743249999999997,53.87649481987916,176.0617982473691,0.18985472599386363,20.876791819879163,63.26357488695932,True,trailing_stop,0,0,0,0,0,39504.15,0,0,0,False,False,False,False,0.351,0.3,0.2,1.0,0.3,0.9,0.5,0,0,up,0.27999999999999997,15.125000000000002,,,28377.74753187894,12,248,0.0,0.0,jupiter,True,10.0,22.055781966378,False,100,1,1.0,True,
22b03a3a-20cd-473c-8ccd-12dd2645fcdc,EYabc173xnvXxqQfxJ6HKWNsYjhSJaNUwsVPHF2RKTw6,EYabc173,completed,2025-11-30T08:54:14.765626,2025-11-30T08:54:51.088150,0.6053754,0.582096,0.57627504,0.582096,0.582096,40.54225725,70.35227007229048,0.1427254558100697,-0.409517749999999,-0.9999999999999978,False,low_liquidity,0,0,0,0,0,0.0,0,0,0,False,False,False,False,0.3154166666666667,0.2,0.2,1.0,0.3,0.9,0.5,0,0,up,0.2916666666666667,16.25,,,28405.76477398058,14,249,0.0,0.0,jupiter,True,10.0,0.9999999999999978,False,,0,1.0,True,
601aa588-1d57-45a5-b9de-54c171d08c80,Evi2foNDGfCKuFrwscnEvBfLFdyEQ7CbHxoChCw2L1Sa,Evi2foND,completed,2025-11-30T08:53:42.193968,2025-11-30T08:55:13.302782,1.5184802333333332,0.0012391649999999998,0.00036135,0.001362,0.0012391649999999998,11.911324134800456,32963.39874028077,0.041932451483257485,-28.935765865199556,-70.83923448451175,False,stop_loss,0,0,0,0,0,29193.48,0,0,0,False,False,False,False,0.31716666666666665,0.2,0.2,1.0,0.3,0.9,0.5,0,0,sideways,0.25666666666666665,0.0,,,28405.98084172668,13,250,0.0,0.0,jupiter,True,10.0,73.46916299559471,False,,0,1.0,True,
96d1e03b-5569-4ab1-acf1-7d3c191d2b51,9PtgAxnqaUyGey396A5GrruirwHUdPxWaboFSpw73c5q,9PtgAxnq,completed,2025-11-30T07:26:20.324752,2025-11-30T08:57:28.175085,91.13083888333334,0.00020029649999999996,0.00099099,0.001001,0.00020029649999999996,101.39313493570782,102314.99302284364,0.3577962707125746,80.89979993570782,394.76151605245235,True,low_liquidity,0,0,0,0,0,27.76,0,0,0,False,False,False,False,0.3148333333333333,0.2,0.2,1.0,0.3,0.9,0.5,0,0,up,0.30333333333333334,17.375000000000004,,,28338.2313442722,13,251,0.0,0.0,jupiter,True,10.0,0.9999999999999967,False,"200,100,300",3,1.0,True,
8d7082ca-8b48-422a-84d7-9ba000e12859,5ZLt1cHA2N6UtznhVy7FJZuAQwVo4uPhe6qoU7sAQRad,5ZLt1cHA,completed,2025-11-30T08:54:33.083866,2025-11-30T08:57:28.307590,2.9203954,0.8994749999999999,0.685575,1.018,0.8994749999999999,29.625014537230058,43.211923622112906,0.1042789424199619,-9.243030462769944,-23.78053864754439,False,stop_loss,0,0,0,0,0,43483.97,0,0,0,False,False,False,False,0.35025,0.3,0.2,1.0,0.3,0.9,0.5,0,0,up,0.295,15.125000000000002,,,28409.392970175544,12,252,0.0,0.0,jupiter,True,10.0,32.65471512770137,False,,0,1.0,True,
e90e9d62-7898-4cba-9cce-aec985815a05,5rvTaBFEe63btu9P5keDSVMv5Y5ufWyydtCcKfu8sxsk,5rvTaBFE,completed,2025-11-30T08:41:41.648523,2025-11-30T09:05:38.537198,23.94814458333333,0.7086254999999999,2.2967999999999997,2.32,0.7086254999999999,81.79200704123689,35.61128833213031,0.2863153927157992,56.55694004123688,224.12042750366732,True,low_liquidity,0,0,0,0,0,58145.14,0,0,0,False,False,False,False,0.351,0.3,0.2,1.0,0.3,0.9,0.5,0,0,up,0.27999999999999997,15.125000000000002,,,28567.100869223897,14,253,0.0,0.0,jupiter,True,10.0,1.0000000000000047,False,"200,100",2,1.0,True,
73801c93-db66-4325-afb1-cc1478decc07,F2doWMQNxmc8wkWRatqLuzwukYf7CuCXEDb6bkhiHpwg,F2doWMQN,completed,2025-11-30T09:06:08.694417,2025-11-30T09:09:33.839046,3.41907715,5.1013799999999996e-05,7.07652e-05,7.148e-05,5.1013799999999996e-05,53.75783403761336,759664.8357895315,0.187259058545286,15.004444037613359,38.71775872410997,True,low_liquidity,0,0,0,0,0,0.0,0,0,0,False,False,False,False,0.3521666666666667,0.3,0.2,1.0,0.3,0.9,0.5,0,0,sideways,0.25666666666666665,0.0,,,28707.734864859834,14,254,0.0,0.0,jupiter,True,10.0,0.9999999999999934,False,,0,1.0,True,
6a692941-c736-4d96-8594-a64b5b662d09,BKpAzedu9csLY8YGnd9QXxhapjSi8sWPSCN3msr8CwGq,BKpAzedu,completed,2025-11-30T08:14:31.777331,2025-11-30T09:11:21.750232,56.83288168333333,4.2099449999999996e-05,6.08454e-05,9.26e-05,4.2099449999999996e-05,51.08643561218259,839610.4818471501,0.17795230774438497,15.739296112182586,44.52777886646977,True,trailing_stop,0,0,0,0,0,104091.12,0,0,0,False,False,False,False,0.30483333333333335,0.2,0.2,0.8,0.3,0.9,0.5,0,0,up,0.30333333333333334,17.375000000000004,,,28707.936558802256,14,255,0.0,0.0,jupiter,True,10.0,34.29222462203024,False,100,1,1.0,True,
947423ed-5007-48a3-a4e0-9555dff276cc,5AchwMThzVK9TZbg3GkiRXicKBuQ6c3wE3wyig7LMuDx,5AchwMTh,completed,2025-11-30T09:10:57.154933,2025-11-30T09:11:48.553269,0.8566389333333333,0.0590538,0.0581724,0.0590538,0.0590538,17.05941402985075,293.2561494772564,0.059354358810258995,-0.258475970149253,-1.4925373134328317,False,low_liquidity,0,0,0,0,0,0.0,0,0,0,False,False,False,False,0.421,0.5,0.2,1.0,0.3,0.9,0.5,0,0,sideways,0.27999999999999997,0.0,,,28741.63645569051,13,256,0.0,0.0,jupiter,True,10.0,1.4925373134328317,False,,0,1.0,True,
e85de2c5-1f67-4930-ab1b-68a47eba2c9e,2DXAgT2XTBsm772UXRsfrUWsFS9zNGxesaVMZahHWnqy,2DXAgT2X,completed,2025-11-30T08:55:41.588811,2025-11-30T09:16:04.389333,20.3800087,0.5647094999999999,1.4355,1.45,0.5647094999999999,83.88573887370411,58.43659970303317,0.2920002383454239,50.88603587370411,154.20149652166296,True,low_liquidity,0,0,0,0,0,36384.18,0,0,0,False,False,False,False,0.351,0.3,0.2,1.0,0.3,0.9,0.5,0,0,up,0.27999999999999997,15.125000000000002,,,28727.969315720504,14,257,0.0,0.0,jupiter,True,10.0,0.9999999999999971,False,100,1,1.0,True,
2d7e402b-e3e4-49b8-b5dd-7456dc195501,Dzi1W6FgX1ENWoArM1BUphjXpEP1UPjyc6kmxMZU2vy8,Dzi1W6Fg,completed,2025-11-30T08:23:10.973425,2025-11-30T09:20:27.149856,57.26960718333333,0.000114972,0.00012325499999999998,0.0001825,0.000114972,46.9108388490241,380599.8851894374,0.16289334118830134,3.1525088490241058,7.204362801377718,True,trailing_stop,0,0,0,0,0,143048.66,0,0,0,False,False,False,False,0.2685,0.1,0.2,0.8,0.3,0.9,0.5,0,0,up,0.33,20.75,,,28798.499991964767,14,258,0.0,0.0,jupiter,True,10.0,32.46301369863014,False,,0,1.0,True,
4b680833-7014-46d2-ae4a-586eb44081da,5atwBPBEKx79MhiqTCVgR5UWpv6Lvgxw1U6vnYRK3prx,5atwBPBE,completed,2025-11-30T09:12:01.356960,2025-11-30T09:27:27.836466,15.4413251,0.0009284189999999999,0.00101574,0.001392,0.0009284189999999999,44.72707629195439,44033.981424335354,0.15473613625612603,3.8450912919543927,9.405343923379435,True,trailing_stop,0,0,0,0,0,54274.15,0,0,0,False,False,False,False,0.3165833333333333,0.2,0.2,1.0,0.3,0.9,0.5,0,0,sideways,0.2683333333333333,0.0,,,28905.385241053304,14,259,0.0,0.0,jupiter,True,10.0,27.030172413793103,False,,0,1.0,True,
83a31b77-75f0-4659-b568-b7a4a6ccb1cf,FNUaGNRutttQSwVqGaKMVfo3kKMBbLGmizyxLUxaFcGR,FNUaGNRu,completed,2025-11-30T09:29:30.601576,2025-11-30T09:30:59.560062,1.4826414333333333,0.08293259999999998,0.070686,0.08293259999999998,0.08293259999999998,14.760569095144737,208.81884807663099,0.05092422131118133,-2.557320904855265,-14.766931218845164,False,stop_loss,0,0,0,0,0,18506.17,0,0,0,False,False,False,False,0.421,0.5,0.2,1.0,0.3,0.9,0.5,0,0,sideways,0.27999999999999997,0.0,,,28985.360433785932,14,260,0.0,0.0,jupiter,True,10.0,14.766931218845164,False,,0,1.0,True,
935cb181-e475-4e48-8fcf-f58f151bb91a,BwBYFjYu1c82tcaxEJLCidkou6MeLqJZ6YYp5sJPuLwb,BwBYFjYu,completed,2025-11-30T09:17:38.175681,2025-11-30T09:33:28.509889,15.838903466666666,5.6852849999999996e-05,0.000111474,0.0001841,5.6852849999999996e-05,52.10347339365573,467404.7167380352,0.18009910723459718,25.530183143655734,96.07460312016022,True,trailing_stop,0,0,0,0,0,72604.49,0,0,0,False,False,False,False,0.3165833333333333,0.2,0.2,1.0,0.3,0.9,0.5,0,0,sideways,0.2683333333333333,0.0,,,28930.44512751844,14,261,0.0,0.0,jupiter,True,10.0,39.449212384573606,False,"200,100",2,1.0,True,
b445252e-452e-4480-833a-9b65c3677cc7,e7k687AAoAnjTANwmsjGrMt4u3DgDeKWoZRbTh69Ywe,e7k687AA,completed,2025-11-30T09:32:40.456796,2025-11-30T09:33:28.615533,0.8026456166666667,0.0014441849999999997,0.00124344,0.0014441849999999997,0.0014441849999999997,35.16925157760261,28283.834827255523,0.12149588600133335,-5.677838422397404,-13.900227463932932,False,stop_loss,0,0,0,0,0,59831.06,0,0,0,False,False,False,False,0.31716666666666665,0.2,0.2,1.0,0.3,0.9,0.5,0,0,sideways,0.25666666666666665,0.0,,,28946.866215055747,13,262,0.0,0.0,jupiter,True,10.0,13.900227463932932,False,,0,1.0,True,
0be240d2-865e-4de9-85e5-01cf245e5422,FKEAGqejLP5jXUTVcnb1Sbyf6yfcGwPdAwxp39obTKAx,FKEAGqej,completed,2025-11-30T08:58:04.228411,2025-11-30T09:38:12.543907,40.138591600000005,0.5915429999999999,2.7819,2.81,0.5915429999999999,91.28854913505863,32.81517996155816,0.3151145806432856,71.87695913505863,370.2785765362788,True,low_liquidity,0,0,0,0,0,70548.37,0,0,0,False,False,False,False,0.351,0.3,0.2,1.0,0.3,0.9,0.5,0,0,up,0.27999999999999997,15.125000000000002,,,28969.95402392967,14,263,0.0,0.0,jupiter,True,10.0,1.0000000000000084,False,"200,100,300",3,1.0,True,
3091b52a-dcc7-4c4e-abad-3030baec583f,54cxhzVzounXBw1B9FVhya79TkXcVcwMfaDjmMpHsYCk,54cxhzVz,completed,2025-11-30T09:34:36.217220,2025-11-30T09:38:12.680609,3.60772315,0.738474,0.6139979999999999,0.7846,0.738474,32.27920667977478,52.57216909464653,0.11119886180822124,-6.5439733202252235,-16.855840557690595,False,stop_loss,0,0,0,0,0,41099.76,0,0,0,False,False,False,False,0.351,0.3,0.2,1.0,0.3,0.9,0.5,0,0,up,0.27999999999999997,15.125000000000002,,,29028.360681825154,13,264,0.0,0.0,jupiter,True,10.0,21.743818506245223,False,,0,1.0,True,
8c6b4c35-4818-40db-a302-8e5d79470c3b,CYooXzvHrL28hxLmM8uXyCLbLPAaPWjsn4UMYGDkauTz,CYooXzvH,completed,2025-11-30T06:45:25.577114,2025-11-30T09:40:44.778004,175.32001483333335,8.414864999999999e-05,0.00045807300000000003,0.0004627,8.414864999999999e-05,97.63687320224393,213146.97264899683,0.3362199661988176,79.70084320224393,444.36167425145874,True,low_liquidity,0,0,0,0,0,0.0,0,0,0,False,False,False,False,0.2504166666666667,0.1,0.2,0.4,0.3,0.9,0.5,0,0,up,0.2916666666666667,18.5,,,29039.58212419429,13,265,0.0,0.0,jupiter,True,10.0,0.9999999999999988,False,"200,100,400,300",4,1.0,True,
3308972b-283e-45c6-9d36-b96be86fe00e,HWCEDn6ju7y1gco1CTYrnrBzwmv3oj5BtUaVP1ii5mNv,HWCEDn6j,completed,2025-11-30T06:28:27.074309,2025-11-30T09:42:18.511739,193.8572905,8.922389999999999e-05,0.000189486,0.0001916,8.922389999999999e-05,80.75437851415373,426175.9629426645,0.2777056507572144,42.72929701415372,112.37134893229282,True,low_liquidity,0,0,0,0,0,0.0,0,0,0,False,False,False,False,0.25216666666666665,0.1,0.2,0.4,0.3,0.9,0.5,0,0,up,0.25666666666666665,15.125000000000002,,,29079.126871910026,12,266,0.0,0.0,jupiter,True,10.0,1.1033402922755742,False,100,1,1.0,True,
1f0b55b3-15a6-4748-9f19-d97302ab6e51,HJNJLsb5pz4DQwaVHNLMtJHEYaA4DTMdmD4KartGafMU,HJNJLsb5,completed,2025-11-30T09:35:04.771061,2025-11-30T09:42:18.669054,7.231633216666666,6.294315e-05,0.000106326,0.0001209,6.294315e-05,69.05942802528949,649506.4991186492,0.23740018560459122,28.17744302528949,68.92386224712301,True,trailing_stop,0,0,0,0,0,70424.37,0,0,0,False,False,False,False,0.3165833333333333,0.2,0.2,1.0,0.3,0.9,0.5,0,0,sideways,0.2683333333333333,0.0,,,29089.87954218091,11,267,0.0,0.0,jupiter,True,10.0,12.054590570719604,False,,0,1.0,True,
27cb5dd4-02c8-498c-b073-9cc6c119c5a0,ENeTDwT3Rtkr9rXFPAuGBLcrto8qBcWQRD2Pp6ZKbZWL,ENeTDwT3,completed,2025-11-30T08:58:10.578244,2025-11-30T09:42:40.354900,44.4962776,0.6275219999999999,2.8116,2.84,0.6275219999999999,86.97324786063278,30.933720252038974,0.2991765438216129,67.56165786063278,348.04803656286157,True,low_liquidity,0,0,0,0,0,71271.44,0,0,0,False,False,False,False,0.351,0.3,0.2,1.0,0.3,0.9,0.5,0,0,up,0.27999999999999997,15.125000000000002,,,29070.877933696393,10,268,0.0,0.0,jupiter,True,10.0,0.9999999999999993,False,"200,100,300",3,1.0,True,
0bfd252f-e3a0-46f7-b49e-838e8fead9d8,EHtaLQjUsAFRwwgBRn8thM2H7ngrAwDkv6SkPcVfSAtP,EHtaLQjU,completed,2025-11-30T09:21:34.138957,2025-11-30T09:44:24.173474,22.83390861666667,0.39918599999999993,1.1186999999999998,1.64,0.39918599999999993,54.40006847184019,48.6279328433362,0.18691056570110468,34.988478471840196,180.2452991838391,True,trailing_stop,0,0,0,0,0,55582.7,0,0,0,False,False,False,False,0.351,0.3,0.2,1.0,0.3,0.9,0.5,0,0,up,0.27999999999999997,15.125000000000002,,,29104.865349791555,10,269,0.0,0.0,jupiter,True,10.0,31.786585365853664,False,"200,100,300",3,1.0,True,
1a95d5dd-ec48-4cc8-b760-a52941b0e1ac,GHHq9B6456Kpgn6awLEMugshPZfHCw5ricVQMvwsEjxw,GHHq9B64,completed,2025-11-30T04:28:26.601063,2025-11-30T09:45:23.622655,316.9503598666667,0.03474284999999999,0.107316,0.1084,0.03474284999999999,77.73755193149096,724.3798867968519,0.26720114415116925,52.57053018149095,208.88657666253638,True,manual_closeall,0,0,0,0,0,61177.32,0,0,0,False,False,False,False,0.35275,0.3,0.2,1.0,0.3,0.9,0.5,0,0,sideways,0.24499999999999997,0.0,,,29093.27060647273,9,270,0.0,0.0,jupiter,True,10.0,1.0000000000000016,False,"200,100",2,1.0,True,
369ae245-83b4-4b6f-88be-e41218794b7f,2soA4cZ3eC54jDTLt3kkkn9gAmGTdfv69H4t7kATiXHD,2soA4cZ3,completed,2025-11-30T07:21:48.058119,2025-11-30T09:45:23.855446,143.59662211666668,0.00015185549999999998,0.0007768530000000001,0.0007847,0.00015185549999999998,83.87083128239676,107962.2931010072,0.28835410129466826,67.47616328239677,411.5738317018483,True,manual_closeall,0,0,0,0,0,169928.28,0,0,0,False,False,False,False,0.3148333333333333,0.2,0.2,1.0,0.3,0.9,0.5,0,0,up,0.30333333333333334,17.375000000000004,,,29086.054578668674,8,271,0.0,0.0,jupiter,True,10.0,0.9999999999999941,False,"200,100,400,300",4,1.0,True,
731c7665-4814-4146-a267-4714e73d9da7,AoZ1vSpFCpd76SnH4GymeowPkHjwr5fB8Ln38MVD5GjA,AoZ1vSpF,completed,2025-11-30T07:50:59.758514,2025-11-30T09:45:24.110514,114.40586666666667,0.00017145299999999999,0.0006607259999999999,0.0006674,0.00017145299999999999,102.40511261816066,154988.77389138716,0.35231643890139164,75.83182236816066,285.3685849766408,True,manual_closeall,0,0,0,0,0,135133.16,0,0,0,False,False,False,False,0.3165833333333333,0.2,0.2,1.0,0.3,0.9,0.5,0,0,sideways,0.2683333333333333,0.0,,,29066.23174822177,7,272,0.0,0.0,jupiter,True,10.0,1.0000000000000036,False,"200,100",2,1.0,True,
e75e1a1e-0c59-4ee2-8fdd-cad0df55deff,F4rsaZUnP1262qc6LEPQjDHsXKgtj9Wb3wJTi1itLgV8,F4rsaZUn,completed,2025-11-30T07:55:15.470335,2025-11-30T09:45:24.340152,110.14783028333333,5.036055e-05,0.000112464,0.0001158,5.036055e-05,81.20741010350365,722074.7092714438,0.2791947181295793,44.843330603503645,123.31765637984495,True,manual_closeall,0,0,0,0,0,182869.94,0,0,0,False,False,False,False,0.2848333333333333,0.2,0.2,0.4,0.3,0.9,0.5,0,0,up,0.30333333333333334,17.375000000000004,,,29086.29885534361,6,273,0.0,0.0,jupiter,True,10.0,2.880829015544039,False,100,1,1.0,True,
b77229e1-13a2-479a-bc2d-22dd5e839f01,EMKCkQZGmBNnonj8Ap6xNWkP8g6awcM283DngpJEWGxQ,EMKCkQZG,completed,2025-11-30T08:27:11.054448,2025-11-30T09:45:24.590910,78.2256077,0.00018471899999999996,0.000530343,0.0005357,0.00018471899999999996,100.02460222629237,188603.6060177892,0.3441265641912233,65.18593272629236,187.10798564305787,True,manual_closeall,0,0,0,0,0,121371.82,0,0,0,False,False,False,False,0.3148333333333333,0.2,0.2,1.0,0.3,0.9,0.5,0,0,up,0.30333333333333334,17.375000000000004,,,29066.225230642463,5,274,0.0,0.0,jupiter,True,10.0,0.9999999999999993,False,100,1,1.0,True,
1269b4c4-b8be-4c86-811e-85498bfb62e9,4qWzL3KDkRDmjL1o8p4vTrjhpPxF9WJ1zsmRbVoe1QFE,4qWzL3KD,completed,2025-11-30T08:49:55.752385,2025-11-30T09:45:24.800729,55.484139066666664,9.167609999999999e-05,0.000138006,0.0001394,9.167609999999999e-05,66.70523331588059,483350.2406843224,0.2292388889837064,22.393568315880596,50.53650842476941,True,manual_closeall,0,0,0,0,0,229521.72,0,0,0,False,False,False,False,0.25925,0.1,0.2,0.6,0.3,0.9,0.5,0,0,up,0.315,20.75,,,29098.56770446213,4,275,0.0,0.0,jupiter,True,10.0,0.9999999999999956,False,,0,1.0,True,
3f75d816-2bb0-454c-8a16-0ff805cd66f3,HgZ478LMU2adpDKbdhy6zAPn32XUCFpHLdpbZBz53NeU,HgZ478LM,completed,2025-11-30T08:58:17.074879,2025-11-30T09:45:25.016153,47.13235456666666,4.414965e-05,7.684380000000001e-05,7.762e-05,4.414965e-05,74.34062165439592,967425.1098253328,0.2555540551629276,31.629141654395916,74.05302193788629,True,manual_closeall,0,0,0,0,0,110762.77,0,0,0,False,False,False,False,0.286,0.2,0.2,0.4,0.3,0.9,0.5,0,0,up,0.27999999999999997,15.125000000000002,,,29089.979263682715,3,276,0.0,0.0,jupiter,True,10.0,0.9999999999999928,False,,0,1.0,True,
7f149a4c-22dc-42da-9234-8670c43bb678,HLMjLEyawX8fyvtQqhXr754qyYLtaFJ6Ex1R5AcDfhRx,HLMjLEya,completed,2025-11-30T09:12:23.355979,2025-11-30T09:45:25.197374,33.03068991666667,0.00018140249999999998,0.00044451,0.000449,0.00018140249999999998,85.36892809881341,192051.7605876435,0.2935873486022268,50.53025859881342,145.04072435605906,True,manual_closeall,0,0,0,0,0,110939.03,0,0,0,False,False,False,False,0.3148333333333333,0.2,0.2,1.0,0.3,0.9,0.5,0,0,up,0.30333333333333334,17.375000000000004,,,29077.863370222185,2,277,0.0,0.0,jupiter,True,10.0,1.0000000000000013,False,100,1,1.0,True,
0e52c259-991a-4b1e-976e-ddc92cbcb503,CYd9vw8PWsNQVZyKrrtdb1ycUMXPo7ea2TvnzGYZzGgi,CYd9vw8P,completed,2025-11-30T09:39:25.453518,2025-11-30T09:45:25.407681,5.9992360499999995,0.615261,1.2474,1.26,0.615261,66.90466244764418,53.63529136415278,0.22994933298033932,33.90495944764418,102.74322604553193,True,manual_closeall,0,0,0,0,0,58869.33,0,0,0,False,False,False,False,0.351,0.3,0.2,1.0,0.3,0.9,0.5,0,0,up,0.27999999999999997,15.125000000000002,,,29095.393137480656,1,278,0.0,0.0,jupiter,True,10.0,0.9999999999999956,False,100,1,1.0,True,
21fdc31c-9293-49d3-bc94-681ad8d0166c,8GBgPvG6G3swfKoU9mhDHo8LMXt9fog2YqTEe8L8YHwg,8GBgPvG6,completed,2025-11-30T09:43:46.957152,2025-11-30T09:45:25.577827,1.6436779166666668,0.5202885,0.5211359999999999,0.5264,0.5202885,38.886419231791585,74.6185625859499,0.1335256159151751,0.06323923179158433,0.16289039638583017,True,manual_closeall,0,0,0,0,0,13156.43,0,0,0,False,False,False,False,0.351,0.3,0.2,1.0,0.3,0.9,0.5,0,0,up,0.27999999999999997,15.125000000000002,,,29122.8158471817,0,279,0.0,0.0,jupiter,True,10.0,1.0000000000000089,False,,0,1.0,True,
7326b03a-6366-4bed-837d-ebd6323c09aa,8NTDLSdsaap77tr3ZQ2pWAk2Ng9xawWLyB6rHLukY3gi,8NTDLSds,completed,2025-11-30T11:14:07.777242,2025-11-30T11:16:29.335781,2.3593089833333334,1.1456999999999997,0.796455,1.1456999999999997,1.1456999999999997,17.992444692851535,22.59066073143057,0.06175410702740607,-7.889675307148463,-30.48311076197956,False,stop_loss,0,0,0,0,0,37316.14,0,0,0,False,False,False,False,0.351,0.3,0.2,1.0,0.3,0.9,0.5,0,0,up,0.27999999999999997,15.125000000000002,,,29135.624428779458,0,101,0.0,0.0,jupiter,True,10.0,30.48311076197956,False,,0,1.0,True,
b188556d-e8d9-4d55-b4cf-65ec5b4235a8,2PNHgoPhrMzfxvmkEU6C2u7g2FXeNd66Uw3p5PGfyCfU,2PNHgoPh,completed,2025-11-30T11:17:11.030023,2025-11-30T11:18:26.813648,1.2630604166666666,0.6038039999999999,0.608058,0.6851,0.6038039999999999,26.064468143569773,42.865101920490766,0.08945372689221763,0.1823481435697716,0.7045332591370862,True,trailing_stop,0,0,0,0,0,40968.83,0,0,0,False,False,False,False,0.351,0.3,0.2,1.0,0.3,0.9,0.5,0,0,up,0.27999999999999997,15.125000000000002,,,29137.375321404692,1,102,0.0,0.0,jupiter,True,10.0,11.245365640052555,False,,0,1.0,True,
5bfad035-dc4a-454d-9a87-4eeb57fc040b,EfyzxWFNd8Dhpko8Rnt2xcfNPKvWpKuECJidytrgYo3R,EfyzxWFN,completed,2025-11-30T11:31:23.796110,2025-11-30T11:38:56.401674,7.543426066666667,0.5465189999999999,0.873774,1.51,0.5465189999999999,35.17326020275234,40.25441384471538,0.12022873990050927,13.17345820275234,59.87989438610556,True,trailing_stop,0,0,0,0,0,49133.61,0,0,0,False,False,False,False,0.351,0.3,0.2,1.0,0.3,0.9,0.5,0,0,up,0.27999999999999997,15.125000000000002,,,29255.28474461151,3,103,0.0,0.0,jupiter,True,10.0,42.134172185430465,False,100,1,1.0,True,
49bcc901-89ca-4ccd-9792-2b846441b9c1,13EvmghXWhkUA8tD5hkaL8ZRMFWbEZ9RoFFuF7ieSy7b,13EvmghX,completed,2025-11-30T11:33:20.533372,2025-11-30T11:40:32.793089,7.204328616666667,0.5890304999999999,0.853875,2.01,0.5890304999999999,24.38763678578614,28.561132233390293,0.08339951977612647,7.56425878578614,44.962782063068076,True,trailing_stop,0,0,0,0,0,48564.33,0,0,0,False,False,False,False,0.351,0.3,0.2,1.0,0.3,0.9,0.5,0,0,up,0.27999999999999997,15.125000000000002,,,29241.939103787525,2,104,0.0,0.0,jupiter,True,10.0,57.5186567164179,False,"200,100",2,1.0,True,
e1f3df86-ad0a-4e66-b870-3465267e5ece,68W7wdmSgJDguBCq4kLRywQoW511MHfqw3Q8MhfvT1pW,68W7wdmS,completed,2025-11-30T11:17:24.695235,2025-11-30T11:46:55.364205,29.5111495,0.6709379999999999,1.2177,1.23,0.6709379999999999,46.97402371605127,38.57602341796113,0.16034163561135248,21.091903716051267,81.49217960526907,True,low_liquidity,0,0,0,0,0,30844.03,0,0,0,False,False,False,False,0.351,0.3,0.2,1.0,0.3,0.9,0.5,0,0,up,0.27999999999999997,15.125000000000002,,,29296.21089179249,4,105,0.0,0.0,jupiter,True,10.0,0.9999999999999981,False,,0,1.0,True,
7628eb1c-f372-48e2-a441-16995cbd1433,FKAUFU7UzK22G3W53mFecrDk9ndDuy31bJ6LgjZSCWc1,FKAUFU7U,completed,2025-11-30T11:43:53.658413,2025-11-30T11:50:35.101187,6.690712899999999,0.36320699999999995,0.111078,0.5863,0.36320699999999995,7.915414970966971,71.25997020982527,0.026958833774197433,-17.96670502903303,-69.41743964185711,False,stop_loss,0,0,0,0,0,17522.32,0,0,0,False,False,False,False,0.351,0.3,0.2,1.0,0.3,0.9,0.5,0,0,up,0.27999999999999997,15.125000000000002,,,29361.1179076407,4,106,0.0,0.0,jupiter,True,10.0,81.05440900562851,False,,0,1.0,True,
ec88ec4a-8e28-4eb0-9a32-b2b88b0aa8a0,EGqrAZQ1D3TdTgom9YagcmUv3uoEAXeBmtuqDbX6p63n,EGqrAZQ1,completed,2025-11-30T11:42:09.345918,2025-11-30T11:53:37.847403,11.47502475,0.8229944999999999,0.42649200000000004,2.22,0.8229944999999999,11.400731784457859,26.73140829009186,0.038789092172468675,-10.599070215542143,-48.17802549105733,False,stop_loss,0,0,0,0,0,34319.59,0,0,0,False,False,False,False,0.351,0.3,0.2,1.0,0.3,0.9,0.5,0,0,up,0.27999999999999997,15.125000000000002,,,29391.592187222555,3,107,0.0,0.0,jupiter,True,10.0,80.78864864864865,False,100,1,1.0,True,
ec165f99-7d2f-4843-9199-92697e0de206,B2ackxWsbczH9GSkR5rsGGmk1sPbhgF3cAnB7dryv5sS,B2ackxWs,completed,2025-11-30T11:42:12.741293,2025-11-30T11:57:11.021651,14.9713393,0.42320549999999996,0.6692400000000001,1.86,0.42320549999999996,20.464467012834188,30.578666865151796,0.06967124207321074,7.523407012834192,58.135941049915495,True,trailing_stop,0,0,0,0,0,42995.25,0,0,0,False,False,False,False,0.351,0.3,0.2,1.0,0.3,0.9,0.5,0,0,up,0.27999999999999997,15.125000000000002,,,29372.903946982984,3,108,0.0,0.0,jupiter,True,10.0,64.01935483870967,False,"200,100,300",3,1.0,True,
41dfd8b9-afe3-4a21-99e3-dc66f1bf46f5,J8v2qLcMwLEf6P42dFFhTWmoW2xRFQABFYGQwNAnqL5k,J8v2qLcM,completed,2025-11-30T11:47:47.747478,2025-11-30T11:59:30.489214,11.712362266666666,0.3944625,1.00881,2.039,0.3944625,26.476677988097716,26.245455524923145,0.09013899534219227,16.12382998809772,155.74294134423425,True,trailing_stop,0,0,0,0,0,52798.55,0,0,0,False,False,False,False,0.351,0.3,0.2,1.0,0.3,0.9,0.5,0,0,up,0.27999999999999997,15.125000000000002,,,29373.167392852567,2,109,0.0,0.0,jupiter,True,10.0,50.524276606179505,False,"200,100,400,300",4,1.0,True,
eabb18bc-23b3-43e3-bad8-d619d4837c5d,7NzFanfXs4p35ATNFNFC4j2b1LGKQJhMhVdXrLyfcNuK,7NzFanfX,completed,2025-11-30T11:31:40.513317,2025-11-30T12:29:26.183602,57.76117141666667,0.6358635,2.8116,2.84,0.6358635,57.221533074315474,20.3519466048924,0.1944219459248399,44.28047307431547,342.1703714712355,True,low_liquidity,0,0,0,0,0,71272.92,0,0,0,False,False,False,False,0.351,0.3,0.2,1.0,0.3,0.9,0.5,0,0,up,0.27999999999999997,15.125000000000002,,,29431.622444740013,3,110,0.0,0.0,jupiter,True,10.0,0.9999999999999993,False,"200,100,300",3,1.0,True,
8bb99a92-c3f0-4025-a9c4-8627f4e279c1,D2iMnWMZSUzCyNiqLoJJPXQyT6ouZn6NQkRqT4uvG7nF,D2iMnWMZ,completed,2025-11-30T12:02:44.778918,2025-11-30T12:29:26.299616,26.692011633333333,0.6708374999999999,1.07118,1.082,0.6708374999999999,41.328055306389416,38.581802597499404,0.1403476091639583,15.445935306389412,59.67801442227071,True,low_liquidity,0,0,0,0,0,69373.5,0,0,0,False,False,False,False,0.351,0.3,0.2,1.0,0.3,0.9,0.5,0,0,up,0.27999999999999997,15.125000000000002,,,29446.925068818764,2,111,0.0,0.0,jupiter,True,10.0,1.0000000000000047,False,,0,1.0,True,
b052b209-e0eb-4f68-8fd6-1aa9dbafd026,Ea9JbbNTym5bKS5NytituAVP1EkmcnpqXE1ptz8PRjDM,Ea9JbbNT,completed,2025-11-30T12:05:32.223887,2025-11-30T12:29:26.399640,23.902929216666667,0.5218964999999999,0.514107,0.5218964999999999,0.5218964999999999,25.495819701492543,49.59243834745013,0.08653688001881313,-0.3863002985074575,-1.492537313432816,False,low_liquidity,0,0,0,0,0,61254.18,0,0,0,False,False,False,False,0.351,0.3,0.2,1.0,0.3,0.9,0.5,0,0,up,0.27999999999999997,15.125000000000002,,,29462.37453436009,1,112,0.0,0.0,jupiter,True,10.0,1.492537313432816,False,,0,1.0,True,
70a57593-720c-4400-a95a-398209c66a02,CWAEPKkZr1AwQfU7QM8QaYkVF37VtaroDd3t9bNhP41v,CWAEPKkZ,completed,2025-11-30T11:56:06.894793,2025-11-30T12:44:45.271544,48.639612516666666,0.375669,2.7819,2.81,0.375669,38.33239880213699,13.779215213392643,0.12959162410420727,33.155974802136996,640.5189142569657,True,low_liquidity,0,0,0,0,0,70407.06,0,0,0,False,False,False,False,0.351,0.3,0.2,1.0,0.3,0.9,0.5,0,0,up,0.27999999999999997,15.125000000000002,,,29579.37989210871,4,113,0.0,0.0,jupiter,True,10.0,1.0000000000000084,False,"400,100,500,200,600,300",6,1.0,True,
3eaed445-340d-4f6e-bbf8-31620b7c8e79,KPTsFVXUSd94sRmTM2A7m1DBQfYBDGAApUrPv7mm299,KPTsFVXU,completed,2025-11-30T12:37:41.048000,2025-11-30T12:44:45.427002,7.072983366666667,0.8240999999999998,1.08801,1.35,0.8240999999999998,34.17061689261013,31.406528333940063,0.11550729836002831,8.288496892610125,32.02402621041138,True,trailing_stop,0,0,0,0,0,54799.05,0,0,0,False,False,False,False,0.351,0.3,0.2,1.0,0.3,0.9,0.5,0,0,up,0.27999999999999997,15.125000000000002,,,29583.080357487597,3,114,0.0,0.0,jupiter,True,10.0,19.406666666666677,False,,0,1.0,True,
fe5ed486-b8de-45c9-94ff-7868ab0c9c03,Hk8gPnPXJnS2ZpoRJajpKEhwyAe29j3aNwteq6eQpssS,Hk8gPnPX,completed,2025-11-30T12:39:32.975417,2025-11-30T12:46:31.352805,6.972956466666667,0.39325649999999995,0.714681,1.47,0.39325649999999995,30.57380771180642,42.779656534602736,0.10328606944960614,13.75042971180642,81.73405906831803,True,trailing_stop,0,0,0,0,0,44398.85,0,0,0,False,False,False,False,0.351,0.3,0.2,1.0,0.3,0.9,0.5,0,0,up,0.27999999999999997,15.125000000000002,,,29601.09516678196,2,115,0.0,0.0,jupiter,True,10.0,51.38224489795918,False,"200,100",2,1.0,True,
0b126c6f-1da1-470e-8121-a6bfe15e0c6f,4uiRuJ7Gk1zLm1BzA7Y7rWkYtxsyphuQ3RHSuRftRFsJ,4uiRuJ7G,completed,2025-11-30T12:43:10.460442,2025-11-30T12:48:26.973698,5.275220933333333,0.550941,1.2969,1.58,0.550941,51.7869303860123,39.931321139650166,0.17511209206026745,29.787128386012295,135.39725669354794,True,trailing_stop,0,0,0,0,0,59850.08,0,0,0,False,False,False,False,0.351,0.3,0.2,1.0,0.3,0.9,0.5,0,0,up,0.27999999999999997,15.125000000000002,,,29573.58899475032,1,116,0.0,0.0,jupiter,True,10.0,17.91772151898735,False,100,1,1.0,True,
c82f15f1-05c0-4ec7-8fee-f702386f3d2b,8ATadMpnSdHMh2z356eTQ1N7J3Ruezqe927xK37UoquR,8ATadMpn,completed,2025-11-30T12:39:19.983330,2025-11-30T12:50:43.007755,11.383740416666665,0.5174745,1.1781,2.11,0.5174745,29.46205617088379,25.008111510808753,0.09958274888635528,16.520996170883787,127.66339210917641,True,trailing_stop,0,0,0,0,0,57104.71,0,0,0,False,False,False,False,0.351,0.3,0.2,1.0,0.3,0.9,0.5,0,0,up,0.27999999999999997,15.125000000000002,,,29585.502007487412,1,117,0.0,0.0,jupiter,True,10.0,44.165876777251185,False,"200,100,300",3,1.0,True,
e32528b3-af48-4c98-bf2e-6a3ed5a5adf5,Aq5i1E6tTr8sFwPy1iw1H1FeR6jLUUDN57MH6yZAMfrj,Aq5i1E6t,completed,2025-11-30T12:49:46.150947,2025-11-30T12:55:11.913386,5.429373983333333,0.791136,0.941391,1.94,0.791136,26.17807254957681,27.807863629009425,0.08841959407009162,4.178270549576812,18.992309792500915,True,trailing_stop,0,0,0,0,0,50921.32,0,0,0,False,False,False,False,0.351,0.3,0.2,1.0,0.3,0.9,0.5,0,0,up,0.27999999999999997,15.125000000000002,,,29606.64185907146,4,118,0.0,0.0,jupiter,True,10.0,51.47469072164949,False,100,1,1.0,True,
0926e9b1-0c95-43c7-9664-302997294ae6,4kwg6HXMzPqeTuXCrhPGwpsLceCrLMY9xMhJpemPhupD,4kwg6HXM,completed,2025-11-30T12:54:30.333939,2025-11-30T12:59:37.829050,5.124918516666667,0.1580865,0.155727,0.1580865,0.1580865,12.74790985074627,81.8606269352538,0.04291899408366395,-0.19315014925373025,-1.4925373134328275,False,low_liquidity,0,0,0,0,0,58362.06,0,0,0,False,False,False,False,0.351,0.3,0.2,1.0,0.3,0.9,0.5,0,0,up,0.27999999999999997,15.125000000000002,,,29702.256828051908,5,119,0.0,0.0,jupiter,True,10.0,1.4925373134328275,False,,0,1.0,True,
9f6962d9-f999-4878-be5e-1d2cc2531298,3ASVtqagfxe6qJa1PQFuoiJAD3vcbdu7Fc4oCf8xr17Q,3ASVtqag,completed,2025-11-30T13:00:48.157706,2025-11-30T13:03:14.749324,2.4431936333333337,0.679581,0.20166299999999998,0.8915,0.679581,7.680417736163901,38.08540850906662,0.02577233634445456,-18.2017022638361,-70.32539167516455,False,stop_loss,0,0,0,0,0,23577.08,0,0,0,False,False,False,False,0.351,0.3,0.2,1.0,0.3,0.9,0.5,0,0,up,0.27999999999999997,15.125000000000002,,,29801.014675243052,6,120,0.0,0.0,jupiter,True,10.0,77.3793606281548,False,,0,1.0,True,
f7d8d0e9-c2f1-4197-ac93-b22ab11bc8d8,5cR9SfRK7VkZCJxAqBU2J9r4ZU2hhoEVU9kBUu4smsa1,5cR9SfRK,completed,2025-11-30T12:54:26.842261,2025-11-30T13:05:31.479659,11.077289966666665,0.44672249999999997,0.500049,1.95,0.44672249999999997,14.485870113862632,28.968901275400277,0.048659594431964444,1.544810113862633,11.937276497154274,True,trailing_stop,0,0,0,0,0,37103.01,0,0,0,False,False,False,False,0.351,0.3,0.2,1.0,0.3,0.9,0.5,0,0,up,0.27999999999999997,15.125000000000002,,,29769.81268127232,6,121,0.0,0.0,jupiter,True,10.0,74.35646153846153,False,"200,100,300",3,1.0,True,
90b5dd32-2baf-431f-9221-4448daf76f34,BDQsbQZC38WMAhFFD7UAymxnGDpUzBiZ5uspwqBXvURR,BDQsbQZC,completed,2025-11-30T12:58:37.887719,2025-11-30T13:05:31.578943,6.894853733333333,0.9017864999999999,0.8575379999999999,1.96,0.9017864999999999,20.92032449751244,24.39579878385849,0.07028941313631554,-1.079477502487563,-4.906760081238744,False,trailing_stop,0,0,0,0,0,48588.15,0,0,0,False,False,False,False,0.351,0.3,0.2,1.0,0.3,0.9,0.5,0,0,up,0.27999999999999997,15.125000000000002,,,29763.1230139035,5,122,0.0,0.0,jupiter,True,10.0,56.248061224489796,False,100,1,1.0,True,
e93db44c-4e64-4b34-a042-4cf1e89ae5a2,4VdaQRNyPXKRV6kaFHX1Z9t2t1aiJxFUHE5LidY8CfB1,4VdaQRNy,completed,2025-11-30T12:53:39.150726,2025-11-30T13:07:43.382962,14.070537266666665,0.6390794999999999,0.599841,1.61,0.6390794999999999,20.649047937669728,34.424202309728294,0.06948039546599655,-1.350754062330272,-6.139846451028387,False,trailing_stop,0,0,0,0,0,40679.25,0,0,0,False,False,False,False,0.351,0.3,0.2,1.0,0.3,0.9,0.5,0,0,up,0.27999999999999997,15.125000000000002,,,29719.24353507069,5,123,0.0,0.0,jupiter,True,10.0,62.742795031055905,False,100,1,1.0,True,
475618ef-dc8f-410c-bbc3-e478d66e46e3,7Rx8eDyagV78DVQpM5WF5syYwU7kMZiffVHRbFcXd7i3,7Rx8eDya,completed,2025-11-30T13:02:17.605378,2025-11-30T13:07:43.512299,5.431782016666667,0.7132485,0.525393,1.014,0.7132485,19.06528324021712,36.2876613129926,0.06414843948864687,-6.816836759782879,-26.338015432209104,False,stop_loss,0,0,0,0,0,38073.94,0,0,0,False,False,False,False,0.351,0.3,0.2,1.0,0.3,0.9,0.5,0,0,up,0.27999999999999997,15.125000000000002,,,29720.572148277017,4,124,0.0,0.0,jupiter,True,10.0,48.186094674556216,False,,0,1.0,True,
acb22fae-753e-449f-bbb3-f9b3eb7079f3,GRGjbSUncSiJTZzgXNzptYPJ8pd3wctCujPaLqUTeYkG,GRGjbSUn,completed,2025-11-30T13:04:49.451967,2025-11-30T13:07:43.612972,2.9026834166666666,1.2562499999999999,1.2474,1.43,1.2562499999999999,27.108852608955228,21.732285240464346,0.09123812900320115,-0.19233072437810517,-0.7044776119402829,False,trailing_stop,0,0,0,0,0,58849.03,0,0,0,False,False,False,False,0.3154166666666667,0.2,0.2,1.0,0.3,0.9,0.5,0,0,up,0.2916666666666667,16.25,,,29712.196978528675,3,125,0.0,0.0,jupiter,True,10.0,12.769230769230761,False,,0,1.0,True,
ca926c8c-9deb-48a0-9875-ea89ce6f97f2,TYWosCLGCZSX8kXpzmG1VPG2jG7fiRTaR2twLeuWGez,TYWosCLG,completed,2025-11-30T12:58:05.981369,2025-11-30T13:09:30.184158,11.403379816666668,0.44149649999999996,0.687357,1.31,0.44149649999999996,34.25104820381136,49.830071133066745,0.1154402108039585,12.251246203811359,55.68798393645251,True,trailing_stop,0,0,0,0,0,43544.23,0,0,0,False,False,False,False,0.351,0.3,0.2,1.0,0.3,0.9,0.5,0,0,up,0.27999999999999997,15.125000000000002,,,29669.94599652695,4,126,0.0,0.0,jupiter,True,10.0,47.53,False,100,1,1.0,True,
b94feea5-f93c-4a7c-a1de-9e2cc14c3ee0,GDqw4mHeLzYPaTeJQhxvA8Jtnxc6oJrwCXrU6HQvV9M9,GDqw4mHe,completed,2025-11-30T13:08:09.113238,2025-11-30T13:09:30.300284,1.3531174333333333,0.16743299999999997,0.061776,0.16743299999999997,0.16743299999999997,9.54945467811005,154.58195218385865,0.03215905845565836,-16.332665321889948,-63.10404758918492,False,stop_loss,0,0,0,0,0,23785.83,0,0,0,False,False,False,False,0.351,0.3,0.2,1.0,0.3,0.9,0.5,0,0,up,0.27999999999999997,15.125000000000002,,,29694.447339859325,3,127,0.0,0.0,jupiter,True,10.0,63.10404758918492,False,,0,1.0,True,
ad15af05-a57d-4ecd-93f8-32cafed3b6fb,8YKqmfbpBdmie5RTgBZCCyCLeUbNkoubYBLkj5JfrcAA,8YKqmfbp,completed,2025-11-30T13:08:31.304760,2025-11-30T13:13:46.677459,5.25621165,0.16652849999999997,0.0943668,0.3068,0.16652849999999997,14.66663569068358,155.42156447695143,0.04935065893230308,-11.215484309316421,-43.33294300975508,False,stop_loss,0,0,0,0,0,29520.73,0,0,0,False,False,False,False,0.351,0.3,0.2,1.0,0.3,0.9,0.5,0,0,up,0.27999999999999997,15.125000000000002,,,29719.229708366373,5,128,0.0,0.0,jupiter,True,10.0,69.24159061277706,False,,0,1.0,True,
78cdb811-6018-4989-b04e-951c1ba26335,J2o64e4fwW9akGHCh4XifR2NxyCP3kfE2iu15q9WkBQJ,J2o64e4f,completed,2025-11-30T13:13:02.108706,2025-11-30T13:14:19.394039,1.2880888833333333,0.5976735,0.520839,0.722,0.5976735,23.791453069527098,45.679092904961216,0.08006712102046543,-3.509730263806239,-12.855597579614944,False,stop_loss,0,0,0,0,0,61449.58,0,0,0,False,False,False,False,0.3154166666666667,0.2,0.2,1.0,0.3,0.9,0.5,0,0,up,0.2916666666666667,16.25,,,29714.385588368943,4,129,0.0,0.0,jupiter,True,10.0,27.86163434903046,False,,0,1.0,True,
e94fcd0a-ec94-42a1-9086-8ecbf3f3790a,9uwwyYZR2DGkSW6dGYDwtpKw1WPwSpoGJseQJRcx92m6,9uwwyYZR,completed,2025-11-30T13:07:20.657705,2025-11-30T13:17:55.476364,10.580310983333334,0.9244994999999999,1.4949,2.56,0.9244994999999999,37.52371755771636,25.101155634300866,0.12618330588215398,14.317711724383031,61.69830270324647,True,trailing_stop,0,0,0,0,0,64431.57,0,0,0,False,False,False,False,0.3154166666666667,0.2,0.2,1.0,0.3,0.9,0.5,0,0,up,0.2916666666666667,16.25,,,29737.465899618113,3,130,0.0,0.0,jupiter,True,10.0,41.60546875000001,False,100,1,1.0,True,
376b381d-2c80-4c5e-b21b-b5805e429c0d,CqCfQRZfDfrfmXXw3Yj1RSNPbt6qLKZjoiU2x96D2syr,CqCfQRZf,completed,2025-11-30T13:18:47.322901,2025-11-30T13:20:19.186731,1.5310638333333333,0.6204869999999999,0.600534,0.7637,0.6204869999999999,25.049828686306082,41.71259027183487,0.08412394276807825,-0.8322913136939165,-3.21569992602583,False,trailing_stop,0,0,0,0,0,40753.91,0,0,0,False,False,False,False,0.351,0.3,0.2,1.0,0.3,0.9,0.5,0,0,up,0.27999999999999997,15.125000000000002,,,29777.28796588397,3,131,0.0,0.0,jupiter,True,10.0,21.3651957574964,False,,0,1.0,True,
3a5a8d3e-9d68-4618-ba03-4dbad392893d,SFHyg6gPtaSBzrcRhXDGBvCeF1v79rZGEHN6NRxoqc6,SFHyg6gP,completed,2025-11-30T12:53:58.707384,2025-11-30T13:26:05.815590,32.1184701,0.7041029999999999,2.6334,2.66,0.7041029999999999,62.92074259760292,23.893347990279835,0.2109275035988153,46.09736459760292,274.0077801117166,True,low_liquidity,0,0,0,0,0,66826.08,0,0,0,False,False,False,False,0.351,0.3,0.2,1.0,0.3,0.9,0.5,0,0,up,0.27999999999999997,15.125000000000002,,,29830.50646504514,5,132,0.0,0.0,jupiter,True,10.0,1.0000000000000067,False,"200,100",2,1.0,True,
d6cc7330-3037-4721-b2de-2cdd89e1d165,CGVK1uBJGdK1TZWCj6XpMStKdDu8d3Hcp1JsasVe2RzF,CGVK1uBJ,completed,2025-11-30T13:21:33.502598,2025-11-30T13:28:49.491220,7.2664770333333335,0.3674279999999999,1.2078,1.4,0.3674279999999999,55.3013813547144,45.78686980850671,0.18500488547969207,38.4780033547144,228.71746301316182,True,trailing_stop,0,0,0,0,0,57881.22,0,0,0,False,False,False,False,0.351,0.3,0.2,1.0,0.3,0.9,0.5,0,0,up,0.27999999999999997,15.125000000000002,,,29891.849186212337,6,133,0.0,0.0,jupiter,True,10.0,13.728571428571424,False,"200,100",2,1.0,True,
0e82c4ed-d3c6-43ce-8dd2-8ca9312055e9,3FrWALqREbAZyXZUjxvGtf4aujyHuHDXhf8iKrEZuHna,3FrWALqR,completed,2025-11-30T13:28:07.813462,2025-11-30T13:30:36.945852,2.485539833333333,0.4937565,0.452331,0.5695,0.4937565,25.01065111720048,55.29280795965893,0.08353779322329416,-2.2905322161328514,-8.389864234698683,False,stop_loss,0,0,0,0,0,57345.54,0,0,0,False,False,False,False,0.3154166666666667,0.2,0.2,1.0,0.3,0.9,0.5,0,0,up,0.2916666666666667,16.25,,,29939.324648363305,5,134,0.0,0.0,jupiter,True,10.0,20.57401229148376,False,,0,1.0,True,
046396c4-cd48-4be9-8e3b-dd1aea670d62,6uYfPF69nG2dWjnwX84pA3g9cDsaFabb8tr48p5FjSKV,6uYfPF69,completed,2025-11-30T13:22:54.707271,2025-11-30T13:35:12.557960,12.297511483333333,0.42410999999999993,0.917631,2.28,0.42410999999999993,22.4000713566952,24.410761359081373,0.07460583617238892,12.0472233566952,116.36627290089838,True,trailing_stop,0,0,0,0,0,50392.12,0,0,0,False,False,False,False,0.351,0.3,0.2,1.0,0.3,0.9,0.5,0,0,up,0.27999999999999997,15.125000000000002,,,30024.55639654811,5,135,0.0,0.0,jupiter,True,10.0,59.75302631578947,False,"200,100,400,300",4,1.0,True,
db6d97f1-66cf-427a-a568-58d6e30dd6c0,FVxCz1xQJ6apTB5RuEDeCqCCfYq2x9BV4LwZTnE1wPWf,FVxCz1xQ,completed,2025-11-30T13:12:52.355143,2025-11-30T13:41:12.170221,28.3302513,0.632346,2.5344,2.56,0.632346,51.86689322617681,20.46515673381345,0.17278051717049553,38.92583322617681,300.7932366141321,True,low_liquidity,0,0,0,0,0,64244.54,0,0,0,False,False,False,False,0.351,0.3,0.2,1.0,0.3,0.9,0.5,0,0,up,0.27999999999999997,15.125000000000002,,,30018.94778159267,7,136,0.0,0.0,jupiter,True,10.0,0.999999999999994,False,"200,100,300",3,1.0,True,
7bd8c659-3392-4a6e-b127-a1a809100656,8us12FKczAS5JiqFGYWk1MjVW83UfLPwNi9jEqGVPYTt,8us12FKc,completed,2025-11-30T13:13:20.735557,2025-11-30T13:41:12.302040,27.859441383333333,0.7231979999999999,2.6334,2.66,0.7231979999999999,61.259411150473326,23.26247860198729,0.20413829739292116,44.43603315047332,264.13264417213543,True,low_liquidity,0,0,0,0,0,66593.92,0,0,0,False,False,False,False,0.351,0.3,0.2,1.0,0.3,0.9,0.5,0,0,up,0.27999999999999997,15.125000000000002,,,30008.779309333848,6,137,0.0,0.0,jupiter,True,10.0,1.0000000000000067,False,"200,100",2,1.0,True,
24e86406-350f-4954-a203-8ed4b8f33410,93fjPpKww5c5KfxAwgnpG7q7w3b5C2vSjkBZquz1tFH3,93fjPpKw,completed,2025-11-30T13:23:28.394496,2025-11-30T13:41:12.402226,17.733462166666666,0.5618955,0.574794,0.5806,0.5618955,26.47625276102051,46.062159244912976,0.08812753837100336,0.5941327610205116,2.2955336001089233,True,low_liquidity,0,0,0,0,0,14514.47,0,0,0,False,False,False,False,0.351,0.3,0.2,1.0,0.3,0.9,0.5,0,0,up,0.27999999999999997,15.125000000000002,,,30043.10939624748,5,138,0.0,0.0,jupiter,True,10.0,0.9999999999999962,False,,0,1.0,True,
3c1c2b8a-ed16-4214-949a-1c4240f7069a,AA8mrDPGZAKaJsdN5ASmd9UniVu18zW2taBCgweKHmm2,AA8mrDPG,completed,2025-11-30T13:31:31.979603,2025-11-30T13:41:12.507876,9.675471216666667,0.49586699999999995,0.996039,2.14,0.49586699999999995,25.9944712217994,26.097844784992756,0.08652350403728083,13.053411221799399,100.86817634567336,True,trailing_stop,0,0,0,0,0,52487.82,0,0,0,False,False,False,False,0.351,0.3,0.2,1.0,0.3,0.9,0.5,0,0,up,0.27999999999999997,15.125000000000002,,,30043.248376301344,4,139,0.0,0.0,jupiter,True,10.0,53.4561214953271,False,"200,100,300",3,1.0,True,
38f5ad0e-d443-4a27-a8f0-d4e8d9800a2c,GQMXP3uNBFRqEyjhZGpztZWt5As4nZt1uzMd7ppQ6uuL,GQMXP3uN,completed,2025-11-30T13:40:00.059074,2025-11-30T13:41:12.612974,1.2092316666666667,0.5317455,0.35402399999999995,0.5317455,0.5317455,17.231723918453472,48.67388628582659,0.05734015211187843,-8.650396081546532,-33.422285661091635,False,stop_loss,0,0,0,0,0,31295.6,0,0,0,False,False,False,False,0.351,0.3,0.2,1.0,0.3,0.9,0.5,0,0,up,0.27999999999999997,15.125000000000002,,,30051.758294662417,3,140,0.0,0.0,jupiter,True,10.0,33.422285661091635,False,,0,1.0,True,
12ffffee-6843-41e8-8487-dbcf0a01d9ab,LbdjwsBb2opoFk9kN7m3rwyCW5NHMNusyG9VmDxYT6W,LbdjwsBb,completed,2025-11-30T13:40:51.378956,2025-11-30T13:45:14.844765,4.391096816666666,0.7406849999999999,0.550044,1.3,0.7406849999999999,19.220457837380266,34.94349149773521,0.06388149523615676,-6.661662162619736,-25.73847182000445,False,stop_loss,0,0,0,0,0,39067.83,0,0,0,False,False,False,False,0.351,0.3,0.2,1.0,0.3,0.9,0.5,0,0,up,0.27999999999999997,15.125000000000002,,,30087.676824604972,2,141,0.0,0.0,jupiter,True,10.0,57.68892307692308,False,,0,1.0,True,
ab35b3fa-60ee-4821-b9a7-96c5c408c58c,B8VVcdRocKEr1bLrSFipg7Ghf3sGWnoT453B2fjEGxeE,B8VVcdRo,completed,2025-11-30T13:39:44.796650,2025-11-30T13:51:30.869057,11.76787345,0.40129649999999994,1.0355400000000001,2.34,0.40129649999999994,26.71537932157396,25.798500609898174,0.08865546071921036,16.362531321573957,158.04859997533003,True,trailing_stop,0,0,0,0,0,53636.54,0,0,0,False,False,False,False,0.351,0.3,0.2,1.0,0.3,0.9,0.5,0,0,up,0.27999999999999997,15.125000000000002,,,30133.935467536427,3,142,0.0,0.0,jupiter,True,10.0,55.74615384615383,False,"200,100,400,300",4,1.0,True,
511a8910-0e7c-4511-aea0-743d8e5d74f5,sH3H7Se5GCzSPfxDiByYbokAoiuqTFSqXd57biYdmJn,sH3H7Se5,completed,2025-11-30T13:49:02.392845,2025-11-30T13:58:13.934466,9.19236035,0.46792799999999996,0.959409,1.73,0.46792799999999996,34.5334167087148,35.994468166042644,0.11467592793340375,17.690597208714806,105.03346668718265,True,trailing_stop,0,0,0,0,0,51631.32,0,0,0,False,False,False,False,0.35025,0.3,0.2,1.0,0.3,0.9,0.5,0,0,up,0.295,15.125000000000002,,,30113.91957409714,3,143,0.0,0.0,jupiter,True,10.0,44.5428323699422,False,"200,100",2,1.0,True,
9e6047f2-92d4-4ce6-9a00-93a3ea4fe5f3,xuJfSZurxUywXy3azebfpxjCBmESaR4F1Ydi8qWgq3Y,xuJfSZur,completed,2025-11-30T13:57:11.186651,2025-11-30T13:58:14.052016,1.0477560833333333,0.9992714999999999,0.299475,1.032,0.9992714999999999,8.181982452966988,27.321086745027092,0.027146515352246648,-19.11920088036635,-70.03066734115804,False,stop_loss,0,0,0,0,0,28847.46,0,0,0,False,False,False,False,0.3154166666666667,0.2,0.2,1.0,0.3,0.9,0.5,0,0,up,0.2916666666666667,16.25,,,30140.083715348188,2,144,0.0,0.0,jupiter,True,10.0,70.9811046511628,False,,0,1.0,True,
d741365e-bff0-4e50-8d31-8083ecc070ed,BwFhXJoJeXamUpTKzmoEhnFzssJ7GBcVsmxTkCPS7boi,BwFhXJoJ,completed,2025-11-30T14:03:04.084914,2025-11-30T14:03:50.397734,0.7718803333333334,0.5554634999999999,0.5499088649999999,0.5554634999999999,0.5554634999999999,25.623298800000004,46.595536880461104,0.08495336992659293,-0.25882119999999886,-0.9999999999999957,False,low_liquidity,0,0,0,0,0,0.0,0,0,0,False,False,False,False,0.351,0.3,0.2,1.0,0.3,0.9,0.5,0,0,up,0.27999999999999997,15.125000000000002,,,30161.60373878135,4,145,0.0,0.0,jupiter,True,10.0,0.9999999999999957,False,,0,1.0,True,
f8998972-d906-4557-8d6d-7cf82b45ff81,J5XBRKVmEe876CJxmRz49STgxvmenmi2PEBkYp3kQmat,J5XBRKVm,completed,2025-11-30T13:59:25.693198,2025-11-30T14:06:06.716840,6.683727366666667,0.622899,0.428571,1.13,0.622899,17.807583654043434,41.551070077171424,0.05906970864522535,-8.074536345956568,-31.197353021918484,False,stop_loss,0,0,0,0,0,34534.44,0,0,0,False,False,False,False,0.351,0.3,0.2,1.0,0.3,0.9,0.5,0,0,up,0.27999999999999997,15.125000000000002,,,30146.72674449163,3,146,0.0,0.0,jupiter,True,10.0,62.073362831858404,False,,0,1.0,True,
ba4ce676-aa10-4684-954a-e08116dfd122,DuxyLU4k6fynnVWcayZmq3X7mrW9N7EC4S4VPTa4kbWr,DuxyLU4k,completed,2025-11-30T13:27:08.313108,2025-11-30T14:10:05.101664,42.94647593333333,0.40481399999999995,2.5046999999999997,2.53,0.40481399999999995,48.04202371755919,19.180749677629734,0.15946858004785056,40.277387717559186,518.7286012835524,True,low_liquidity,0,0,0,0,0,63470.05,0,0,0,False,False,False,False,0.351,0.3,0.2,1.0,0.3,0.9,0.5,0,0,up,0.27999999999999997,15.125000000000002,,,30126.325639284914,4,147,0.0,0.0,jupiter,True,10.0,1.000000000000004,False,"400,100,500,200,300",5,1.0,True,
f6218356-c214-43ff-9bf9-275ea4532055,5QZ5gDU49ZRZZLPFktzeNNNZfrgsQkTgihxeVsb9KHdb,5QZ5gDU4,completed,2025-11-30T13:48:12.419374,2025-11-30T14:10:05.226158,21.88011306666667,0.635763,1.1384999999999998,1.15,0.635763,46.34870796192921,40.71032759062733,0.15384234934107763,20.466587961929207,79.0761651747585,True,low_liquidity,0,0,0,0,0,28851.01,0,0,0,False,False,False,False,0.351,0.3,0.2,1.0,0.3,0.9,0.5,0,0,up,0.27999999999999997,15.125000000000002,,,30127.4052043832,3,148,0.0,0.0,jupiter,True,10.0,1.0000000000000058,False,,0,1.0,True,
7532a07f-c7fe-4175-b066-8c8ba1a2ec15,AgRaESLfvDYUke754eQQNP4PF27s671QQNDfioUSxzn1,AgRaESLf,completed,2025-11-30T14:01:00.217775,2025-11-30T14:20:08.478017,19.1376707,0.5805885,1.1285999999999998,1.14,0.5805885,50.311986255325415,44.57911240060732,0.16624150353643077,24.429866255325415,94.3889691235703,True,low_liquidity,0,0,0,0,0,28605.27,0,0,0,False,False,False,False,0.351,0.3,0.2,1.0,0.3,0.9,0.5,0,0,up,0.27999999999999997,15.125000000000002,,,30264.39558416281,5,149,0.0,0.0,jupiter,True,10.0,1.0000000000000069,False,,0,1.0,True,
5270a766-b3f0-47b1-b949-311e999e7066,22tB9gymW5cuRVpPLPyFstce72XGn8TnKBVjci9HbYp9,22tB9gym,completed,2025-11-30T14:17:33.174638,2025-11-30T14:20:08.602341,2.590461716666667,0.5853119999999999,0.6949799999999999,0.7825,0.5853119999999999,30.7315683901919,44.21935651413264,0.1014795353062647,4.849448390191898,18.736673773987206,True,trailing_stop,0,0,0,0,0,44024.23,0,0,0,False,False,False,False,0.351,0.3,0.2,1.0,0.3,0.9,0.5,0,0,up,0.27999999999999997,15.125000000000002,,,30283.513121580807,4,150,0.0,0.0,jupiter,True,10.0,11.18466453674122,False,,0,1.0,True,
50bd2a06-cb17-4114-87ef-01e3f7ba2b8c,evGFbK6x3kxwezbL4rYkqH9RMZrR2EK8vBYbFULUqM5,evGFbK6x,completed,2025-11-30T14:13:32.846818,2025-11-30T14:22:38.567927,9.095351816666666,0.6424964999999999,0.827541,1.6,0.6424964999999999,28.3359335761082,34.24112349250152,0.09356925629726326,6.3361315761082,28.800857280934615,True,trailing_stop,0,0,0,0,0,48182.79,0,0,0,False,False,False,False,0.351,0.3,0.2,1.0,0.3,0.9,0.5,0,0,up,0.27999999999999997,15.125000000000002,,,30283.380137260938,3,151,0.0,0.0,jupiter,True,10.0,48.278687500000004,False,100,1,1.0,True,
6c2dff70-e9e2-4fc4-965d-41d030651a78,Go729S2AJDMRAMZGDhPJGRjzAtzd8YDXMU1Sh9dmkrtL,Go729S2A,completed,2025-11-30T14:07:15.568893,2025-11-30T14:24:32.502032,17.282218983333333,0.17245799999999997,0.0517374,0.497,0.17245799999999997,6.599940600000003,127.56614364077055,0.02181508761823731,-15.3998614,-70.0,False,stop_loss,0,0,0,0,0,22050.97,0,0,0,False,False,False,False,0.351,0.3,0.2,1.0,0.3,0.9,0.5,0,0,up,0.27999999999999997,15.125000000000002,,,30254.018299163206,2,152,0.0,0.0,jupiter,True,10.0,89.59006036217303,False,100,1,1.0,True,
353d4c3d-6d92-44ee-a229-27d4f05baa83,v4k6sBzNmwrNveDpyBuFwPGJnFJRZrJmnhrJtzQYnRu,v4k6sBzN,completed,2025-11-30T14:15:28.476842,2025-11-30T14:26:47.284234,11.313456533333333,0.7309364999999999,1.0484099999999998,1.61,0.7309364999999999,31.555152075207626,30.09810291318056,0.1044404753219954,9.555350075207627,43.43380033696498,True,trailing_stop,0,0,0,0,0,54254.73,0,0,0,False,False,False,False,0.351,0.3,0.2,1.0,0.3,0.9,0.5,0,0,up,0.27999999999999997,15.125000000000002,,,30213.527828096776,2,153,0.0,0.0,jupiter,True,10.0,34.881366459627344,False,100,1,1.0,True,
0423dc0a-ea3f-4914-b939-4619a12b3590,6Z5FuWwa7pw2EvX5dVTQduyi7vu7AsPCfXJyKpGe79xF,6Z5FuWwa,completed,2025-11-30T14:28:20.908517,2025-11-30T14:28:59.991358,0.6513806833333333,0.35848349999999995,0.35489866499999995,0.35848349999999995,0.35848349999999995,28.433044199999998,80.1159514082703,0.09408235768663678,-0.2872024666666674,-1.0000000000000024,False,low_liquidity,0,0,0,0,0,0.0,0,0,0,False,False,False,False,0.2798333333333333,0.1,0.2,1.0,0.3,0.9,0.5,0,0,up,0.30333333333333334,19.625,,,30221.44097908651,2,154,0.0,0.0,jupiter,True,10.0,1.0000000000000024,False,,0,1.0,True,
3cc2c0f5-1a7e-445e-8f4d-524b549cca4e,DKAVPCSzLiaSyuVanoKnBZWTYksQVvvqWJF5a3RSme6b,DKAVPCSz,completed,2025-11-30T14:32:08.979629,2025-11-30T14:34:55.661188,2.7780259833333334,0.40330649999999996,0.27076500000000003,0.5323,0.40330649999999996,18.329000165506887,67.69338786588696,0.06056449056199418,-8.97218316782645,-32.863715313291486,False,stop_loss,0,0,0,0,0,44877.37,0,0,0,False,False,False,False,0.3154166666666667,0.2,0.2,1.0,0.3,0.9,0.5,0,0,up,0.2916666666666667,16.25,,,30263.608255311272,4,155,0.0,0.0,jupiter,True,10.0,49.133007702423434,False,,0,1.0,True,
cf8598a2-b874-45a6-9361-c51074d6b493,8HfHCRzTTaTLezTHVgosEKnJBEwMtZkXUmUgpJ3sj7bo,8HfHCRzT,completed,2025-11-30T14:26:41.282150,2025-11-30T14:37:06.320005,10.417297583333333,0.357579,0.525888,0.7649,0.357579,32.392287544134305,61.595411083984246,0.10705604808426147,10.367062044134308,47.06903928922002,True,trailing_stop,0,0,0,0,0,38544.65,0,0,0,False,False,False,False,0.35025,0.3,0.2,1.0,0.3,0.9,0.5,0,0,up,0.295,15.125000000000002,,,30257.316726878467,4,156,0.0,0.0,jupiter,True,10.0,31.247483331154395,False,100,1,1.0,True,
ad7ced34-b24d-44a1-8a26-2ebb64ed8500,EL4bLMYwjQgX8XfaJckiUYpAnAUoECHPdNTPkDMxPaTX,EL4bLMYw,completed,2025-11-30T14:38:10.569173,2025-11-30T14:39:26.182515,1.2602223666666668,0.6913394999999999,0.681021,0.6913394999999999,0.6913394999999999,25.49581970149254,37.43764098536248,0.08424528236116298,-0.3863002985074589,-1.4925373134328213,False,low_liquidity,0,0,0,0,0,1609.64,0,0,0,False,False,False,False,0.351,0.3,0.2,1.0,0.3,0.9,0.5,0,0,up,0.27999999999999997,15.125000000000002,,,30263.79517869133,4,157,0.0,0.0,jupiter,True,10.0,1.4925373134328213,False,,0,1.0,True,
824eb270-6a02-485c-b932-449da9614151,B7xyH9AoYfbvyGbEtU5eG8C9yL7J41tcGpgc1JNLuqm7,B7xyH9Ao,completed,2025-11-30T14:33:59.002730,2025-11-30T14:39:26.299723,5.454949883333333,0.5888294999999999,0.42441300000000004,0.9005,0.5888294999999999,18.6551594231607,43.95520265204105,0.06162844833102145,-7.226960576839301,-27.922598986633634,False,stop_loss,0,0,0,0,0,34608.71,0,0,0,False,False,False,False,0.351,0.3,0.2,1.0,0.3,0.9,0.5,0,0,up,0.27999999999999997,15.125000000000002,,,30270.37014295619,3,158,0.0,0.0,jupiter,True,10.0,52.869183786785115,False,,0,1.0,True,
551d8874-df9e-45d6-955d-ad392b545609,DEdtTVijTBAVmx6jCN3LQPifoTJyWwRkrRKc6BnUkKo8,DEdtTVij,completed,2025-11-30T14:36:48.907980,2025-11-30T14:41:30.211551,4.68839285,0.9658049999999999,0.68409,1.25,0.9658049999999999,19.337719836302362,28.267800781041036,0.0638795432682004,-7.963463497030974,-29.168931616630683,False,stop_loss,0,0,0,0,0,43928.35,0,0,0,False,False,False,False,0.3154166666666667,0.2,0.2,1.0,0.3,0.9,0.5,0,0,up,0.2916666666666667,16.25,,,30272.163586255305,4,159,0.0,0.0,jupiter,True,10.0,45.272800000000004,False,,0,1.0,True,
34d62796-bf8f-4277-8681-fe0751d4162a,AaQMfqkueVWTv1fDXyZ5amANmAuH5qdmwjTcgtEE9a6P,AaQMfqku,completed,2025-11-30T14:40:42.094630,2025-11-30T14:43:39.352853,2.9543037166666664,0.4718474999999999,0.497574,0.6445,0.4718474999999999,27.293288566496596,54.852722542770714,0.09014300680429403,1.411168566496596,5.452291259358183,True,trailing_stop,0,0,0,0,0,12578.26,0,0,0,False,False,False,False,0.351,0.3,0.2,1.0,0.3,0.9,0.5,0,0,up,0.27999999999999997,15.125000000000002,,,30277.76589009505,4,160,0.0,0.0,jupiter,True,10.0,22.796896819239716,False,,0,1.0,True,
73dfddc2-13e7-48a8-965a-3f2a34393d9e,5rQsdadDH3EeAb1JLnmu1Y4GXuq3CJ2f5X3YdwisNt7y,5rQsdadD,completed,2025-11-30T14:32:34.496288,2025-11-30T14:45:37.896340,13.056667533333332,0.7040025,1.3365,2.3,0.7040025,31.938018255616996,23.89675888935054,0.10551040692437322,15.114640255616994,89.84307584135,True,trailing_stop,0,0,0,0,0,61335.05,0,0,0,False,False,False,False,0.351,0.3,0.2,1.0,0.3,0.9,0.5,0,0,up,0.27999999999999997,15.125000000000002,,,30270.017135380054,4,161,0.0,0.0,jupiter,True,10.0,41.89130434782608,False,"200,100",2,1.0,True,
499e5728-175f-4081-8ea0-4af7cf180302,BQtkZ3YC1NH3fCGteMQQJHzioqxVodu7n9aKS7cYwScZ,BQtkZ3YC,completed,2025-11-30T14:45:07.607570,2025-11-30T14:50:02.403147,4.913259616666666,0.6057134999999999,0.244332,1.028,0.6057134999999999,10.44029915767108,42.72997052236743,0.03442086560582431,-15.441820842328921,-59.6621174862373,False,stop_loss,0,0,0,0,0,26203.26,0,0,0,False,False,False,False,0.351,0.3,0.2,1.0,0.3,0.9,0.5,0,0,up,0.27999999999999997,15.125000000000002,,,30331.30914611424,6,162,0.0,0.0,jupiter,True,10.0,76.23229571984436,False,,0,1.0,True,
36e86b0b-d943-4aa6-a4bf-12fde2d7c1a3,DUFQoyJNYN334JKNER6U3fiEXDpD7SCDfWj468EGK7pe,DUFQoyJN,completed,2025-11-30T14:48:55.272104,2025-11-30T14:51:28.567138,2.554917233333333,0.35325749999999995,0.388872,0.4416,0.35325749999999995,28.49148784849579,73.26700777761266,0.09400709228886518,2.60936784849579,10.081739241205085,True,trailing_stop,0,0,0,0,0,33054.09,0,0,0,False,False,False,False,0.351,0.3,0.2,1.0,0.3,0.9,0.5,0,0,up,0.27999999999999997,15.125000000000002,,,30307.806735418522,5,163,0.0,0.0,jupiter,True,10.0,11.940217391304348,False,,0,1.0,True,
679cf243-d9a4-4f5f-b530-83d5c0b90db0,CHDzTmn6vekrkxmEDZRdLNBVUrckNFYb8e1SYYW8Khme,CHDzTmn6,completed,2025-11-30T14:49:24.831954,2025-11-30T14:51:28.673220,2.0640211,0.165624,0.114939,0.1968,0.165624,18.946352649072598,164.83832858361913,0.06249400107645322,-8.354830684260735,-30.602448920446314,False,stop_loss,0,0,0,0,0,70417.09,0,0,0,False,False,False,False,0.3154166666666667,0.2,0.2,1.0,0.3,0.9,0.5,0,0,up,0.2916666666666667,16.25,,,30317.07415547649,4,164,0.0,0.0,jupiter,True,10.0,41.59603658536585,False,,0,1.0,True,
3f81d074-4ded-4200-998c-a03c1212cbe4,EttsSmpwMDASaNQ8nW3PYY1jQCZLZnJTPSdUTj5iHKVT,EttsSmpw,completed,2025-11-30T14:09:20.156260,2025-11-30T14:52:21.639786,43.02472543333333,0.6503355,2.6136,2.64,0.6503355,52.00816258069874,19.89905210464445,0.17172281795773714,39.06710258069874,301.8848732692587,True,low_liquidity,0,0,0,0,0,66483.23,0,0,0,False,False,False,False,0.351,0.3,0.2,1.0,0.3,0.9,0.5,0,0,up,0.27999999999999997,15.125000000000002,,,30286.110604997477,3,165,0.0,0.0,jupiter,True,10.0,1.0000000000000075,False,"200,100,300",3,1.0,True,
5e96e6a3-eab9-48bd-89b4-53d31a4ba253,8z6giE4Cb1y8KHZxoexJLo8JUi3f7qxM7qrMGeuqDydo,8z6giE4C,completed,2025-11-30T14:41:10.471144,2025-11-30T14:54:01.097155,12.84376685,0.6914399999999998,1.2771000000000001,2.34,0.6914399999999998,31.07303026119404,24.33092965405531,0.10258491843463283,14.24965226119404,84.7014925373135,True,trailing_stop,0,0,0,0,0,59902.98,0,0,0,False,False,False,False,0.351,0.3,0.2,1.0,0.3,0.9,0.5,0,0,up,0.27999999999999997,15.125000000000002,,,30290.05699409294,2,166,0.0,0.0,jupiter,True,10.0,45.42307692307691,False,"200,100",2,1.0,True,
84d7e73b-0973-47f0-b9ce-6b03b9921fc4,9791HR8XCH9aQXinrhMgNkLKPaRRiamPFDSSzuN3FoLX,9791HR8X,completed,2025-11-30T14:43:12.196950,2025-11-30T14:56:32.764917,13.34279945,0.77787,0.265716,1.68,0.77787,7.515008148189287,28.28210626454292,0.024806529974275505,-14.484793851810716,-65.84056461876663,False,stop_loss,0,0,0,0,0,27338.92,0,0,0,False,False,False,False,0.351,0.3,0.2,1.0,0.3,0.9,0.5,0,0,up,0.27999999999999997,15.125000000000002,,,30294.475511014192,2,167,0.0,0.0,jupiter,True,10.0,84.18357142857143,False,100,1,1.0,True,
b519564b-b817-48c2-b5b6-71673010f8b9,EeAp6GBdejw6KE1BNfBQHeXbdo3foj9BHYKQsdzLe46N,EeAp6GBd,completed,2025-11-30T14:55:04.782193,2025-11-30T15:06:03.042734,10.971009016666667,0.518379,1.386,2.4,0.518379,34.600763456852995,24.964475798595238,0.1137611631128335,21.659703456852995,167.3719421504343,True,trailing_stop,0,0,0,0,0,62542.51,0,0,0,False,False,False,False,0.351,0.3,0.2,1.0,0.3,0.9,0.5,0,0,up,0.27999999999999997,15.125000000000002,,,30415.268717439518,2,168,0.0,0.0,jupiter,True,10.0,42.25000000000001,False,"200,100,300",3,1.0,True,
6efea3b6-b2a3-47df-b02b-c08b53692ece,GHv3PjchwiWvTBTEYobbJTDd9AEMw3819BSZ9Qnhp5cD,GHv3Pjch,completed,2025-11-30T14:57:06.342650,2025-11-30T15:09:02.909348,11.942778299999999,0.48481199999999997,1.2474,2.36,0.48481199999999997,33.29677946090444,26.692944894103285,0.10953079786320634,20.355719460904435,157.295611494765,True,trailing_stop,0,0,0,0,0,59248.36,0,0,0,False,False,False,False,0.351,0.3,0.2,1.0,0.3,0.9,0.5,0,0,up,0.27999999999999997,15.125000000000002,,,30399.467647892954,1,169,0.0,0.0,jupiter,True,10.0,47.14406779661016,False,"200,100,300",3,1.0,True,
ca7afd30-a5bd-4be1-9b41-3766365aa493,BPAbNrCnnQ1fxXB7TwJx2XLfPndgLCHajMtNeKsBRfeE,BPAbNrCn,completed,2025-11-30T14:48:44.819494,2025-11-30T15:17:21.351104,28.608860166666666,0.148941,0.0748143,0.7038,0.148941,6.500401804459483,86.88715665934832,0.021339201827471975,-6.440658195540514,-49.769170342618885,False,stop_loss,0,0,0,0,0,26547.84,0,0,0,False,False,False,False,0.351,0.3,0.2,1.0,0.3,0.9,0.5,0,0,up,0.27999999999999997,15.125000000000002,,,30462.25372914792,3,170,0.0,0.0,jupiter,True,10.0,89.36994884910486,False,"200,100,300",3,1.0,True,
d02ed792-6797-48cd-9f44-5f4d248d9fe9,9BATKhJSgPjoKMpGiLM2hTZGaK8F1JrBaucsvAPDAeW5,9BATKhJS,completed,2025-11-30T15:14:11.241535,2025-11-30T15:20:50.648769,6.6567872333333336,0.8262105,1.0246499999999998,1.88,0.8262105,27.283721423656562,26.627357071835814,0.08955638037864087,5.28391942365656,24.01803172436079,True,trailing_stop,0,0,0,0,0,53646.3,0,0,0,False,False,False,False,0.351,0.3,0.2,1.0,0.3,0.9,0.5,0,0,up,0.27999999999999997,15.125000000000002,,,30465.413305341346,2,171,0.0,0.0,jupiter,True,10.0,45.49734042553192,False,100,1,1.0,True,
5391eaa1-a314-4e26-985e-39af1c3535ba,5H68QGBYUwUvHcqv5noUwpvxCawgDJbBbgLngGJePa6L,5H68QGBY,completed,2025-11-30T15:11:46.286518,2025-11-30T15:29:17.021715,17.512253283333333,0.441999,0.947133,2.29,0.441999,22.18449359565068,23.42278602440278,0.07264391073647229,11.831645595650672,114.28396896825559,True,trailing_stop,0,0,0,0,0,51534.63,0,0,0,False,False,False,False,0.351,0.3,0.2,1.0,0.3,0.9,0.5,0,0,up,0.27999999999999997,15.125000000000002,,,30538.68296838887,2,172,0.0,0.0,jupiter,True,10.0,58.64048034934498,False,"200,100,400,300",4,1.0,True,
dc53080a-5bc5-4b7e-a22a-5e9aad708548,31r7RXG7Whp3HvCKdJmojNhWdxwp9JUwaRdFwrWnpJDK,31r7RXG7,completed,2025-11-30T15:13:49.109922,2025-11-30T15:31:48.184337,17.984573583333333,0.45586799999999994,2.3364,2.36,0.45586799999999994,53.06008332938483,22.710188036887878,0.17389939819155079,42.70723532938483,412.51678117349763,True,low_liquidity,0,0,0,0,0,81018.88,0,0,0,False,False,False,False,0.351,0.3,0.2,1.0,0.3,0.9,0.5,0,0,up,0.27999999999999997,15.125000000000002,,,30511.941893518786,1,173,0.0,0.0,jupiter,True,10.0,1.0000000000000029,False,"200,100,400,300",4,1.0,True,
a8e568d2-3125-426f-830c-5569f0cf74e3,GPgzX9qDttM84WF3cSojRmLdDgMsRS2Xqrxq7zPRvHob,GPgzX9qD,completed,2025-11-30T15:46:20.713474,2025-11-30T15:54:32.659963,8.199108149999999,0.5455139999999999,0.719532,1.44,0.5455139999999999,29.017699880597014,40.328574518710795,0.09488824383536916,7.017897880597015,31.8998229193018,True,trailing_stop,0,0,0,0,0,44836.27,0,0,0,False,False,False,False,0.351,0.3,0.2,1.0,0.3,0.9,0.5,0,0,up,0.27999999999999997,15.125000000000002,,,30580.922048618206,2,101,0.0,0.0,jupiter,True,10.0,50.0325,False,100,1,1.0,True,
2d71e429-fa47-488c-8177-5178fb8427e2,925bFWvgZoaU2fKfwCChNbHZmTYhNCiRs8PkCht2Jubm,925bFWvg,completed,2025-11-30T15:24:42.925617,2025-11-30T16:03:23.858571,38.682215899999996,0.6555614999999999,1.683,1.7,0.6555614999999999,56.47931851702702,33.55871569639157,0.1844662737260618,34.479516517027015,156.72648561576608,True,low_liquidity,0,0,0,0,0,42665.05,0,0,0,False,False,False,False,0,0,0,0,0,0,0.5,0,0,,0,0,,,30617.693617479676,3,102,0.0,0.0,jupiter,True,10.0,0.9999999999999944,False,100,1,1.0,True,
06ee95e8-1578-48ff-b90c-0c6f11ad7c18,5w6BhvBeVq2Vry9UgjdKxqPpngT5tyNJ2EUjf7iUKTbs,5w6BhvBe,completed,2025-11-30T16:00:15.176059,2025-11-30T16:07:36.238617,7.351042633333334,0.6364664999999999,0.566775,1.73,0.6364664999999999,19.59087835502733,34.56553015751811,0.0638899008505908,-2.40892364497267,-10.949751479457271,False,stop_loss,0,0,0,0,0,39710.62,0,0,0,False,False,False,False,0.351,0.3,0.2,1.0,0.3,0.9,0.5,0,0,up,0.27999999999999997,15.125000000000002,,,30663.49782079239,2,103,0.0,0.0,jupiter,True,10.0,67.23843930635837,False,100,1,1.0,True,
c246abc5-ca39-4b86-af47-4134841a0c9e,5kKkwqLAXXkzhCBfWDTP4JsGz7mLJ8BvffwZ2ZYaG1Gi,5kKkwqLA,completed,2025-11-30T16:02:30.724502,2025-11-30T16:15:30.781373,13.00094785,0.17677949999999998,0.0861894,0.4852,0.17677949999999998,10.726072505572198,124.44769896962036,0.034949921242902644,-11.273729494427803,-51.244686176847424,False,stop_loss,0,0,0,0,0,28480.22,0,0,0,False,False,False,False,0.351,0.3,0.2,1.0,0.3,0.9,0.5,0,0,up,0.27999999999999997,15.125000000000002,,,30689.833121584972,3,104,0.0,0.0,jupiter,True,10.0,82.23631492168178,False,100,1,1.0,True,
56ce3a04-a9cf-4ba2-812c-9b016f46d692,JDbUa2QaQ5FvYUJGVwmmdRvJ5bBrTkvcyecKPL91V4rS,JDbUa2Qa,completed,2025-11-30T16:10:50.728081,2025-11-30T16:17:52.440129,7.028534133333333,0.13266,0.120087,0.3299,0.13266,19.91474613880597,165.83598673300168,0.06494766220254011,-2.0850558611940304,-9.477611940298509,False,stop_loss,0,0,0,0,0,37810.12,0,0,0,False,False,False,False,0.351,0.3,0.2,1.0,0.3,0.9,0.5,0,0,up,0.27999999999999997,15.125000000000002,,,30662.760542021635,3,105,0.0,0.0,jupiter,True,10.0,63.59896938466202,False,100,1,1.0,True,
f49a2052-cd40-4f90-9da5-26bf21cc3fa6,8fuvUsY1q4AbT5gzEGaaxrvyBRaCoumFBG57Q5oQjPeq,8fuvUsY1,completed,2025-11-30T15:49:59.206708,2025-11-30T16:23:54.255480,33.917479533333335,0.4867215,2.06019,2.081,0.4867215,54.77679206979761,26.58822345016606,0.17834259056397933,41.83573206979761,323.27902095962475,True,low_liquidity,0,0,0,0,0,52494.0,0,0,0,False,False,False,False,0.351,0.3,0.2,1.0,0.3,0.9,0.5,0,0,up,0.27999999999999997,15.125000000000002,,,30714.36379642964,3,106,0.0,0.0,jupiter,True,10.0,0.9999999999999999,False,"200,100,300",3,1.0,True,
8d1b0f96-0701-4cc9-8876-a858b78af70f,6oKhn6FKzW3vmK1s4MDYySpM6BTiE2nLSLMm8acP67LV,6oKhn6FK,completed,2025-11-30T16:25:18.467411,2025-11-30T16:26:05.761307,0.7882315999999999,0.40983899999999995,0.296604,0.40983899999999995,0.40983899999999995,19.758100574615888,66.61441037415507,0.06423318719216173,-7.543082758717448,-27.629142175342018,False,stop_loss,0,0,0,0,0,46600.03,0,0,0,False,False,False,False,0.3154166666666667,0.2,0.2,1.0,0.3,0.9,0.5,0,0,up,0.2916666666666667,16.25,,,30759.95671132903,3,107,0.0,0.0,jupiter,True,10.0,27.629142175342018,False,,0,1.0,True,
5b1f7418-2436-4f16-8586-94ba276bb66a,9JTLXFFHsduQyqYSgFdvcA9yRyYvwDsu1Z8g2uwsDTd3,9JTLXFFH,completed,2025-11-30T16:11:10.872461,2025-11-30T16:28:06.214442,16.92236635,0.5811915,0.7519049999999999,2.45,0.5811915,16.742240241469467,22.266430255776285,0.05445437991701087,3.801180241469464,29.373020768541863,True,trailing_stop,0,0,0,0,0,45832.25,0,0,0,False,False,False,False,0.351,0.3,0.2,1.0,0.3,0.9,0.5,0,0,up,0.27999999999999997,15.125000000000002,,,30745.442822018806,3,108,0.0,0.0,jupiter,True,10.0,69.31,False,"200,100,300",3,1.0,True,
3ad3427c-1127-4f12-9694-af4903599bc1,9oh56hGaKvKRD2xtoHzhVMMeUqSv5ajeAdV2S4b2W8uz,9oh56hGa,completed,2025-11-30T16:29:41.980940,2025-11-30T16:30:18.137278,0.6026056333333333,0.48420899999999995,0.4793669099999999,0.48420899999999995,0.48420899999999995,25.6232988,53.45237283900135,0.08334282795730333,-0.2588212000000012,-1.0000000000000044,False,low_liquidity,0,0,0,0,0,0.0,0,0,0,False,False,False,False,0.351,0.3,0.2,1.0,0.3,0.9,0.5,0,0,up,0.27999999999999997,15.125000000000002,,,30744.455675450394,3,109,0.0,0.0,jupiter,True,10.0,1.0000000000000044,False,,0,1.0,True,
facf69e8-cca1-46e5-9328-c750f0d876b9,DTiXc6DbAUBKKYnz5iJktnjKUY83xTpZiyuXtEpzBNGe,DTiXc6Db,completed,2025-11-30T16:17:08.050833,2025-11-30T16:30:18.264840,13.170233450000001,0.5691315,1.02168,1.43,0.5691315,39.49308324589308,38.65504193670532,0.12851592172587264,17.493281245893083,79.51563039473301,True,trailing_stop,0,0,0,0,0,53441.14,0,0,0,False,False,False,False,0.351,0.3,0.2,1.0,0.3,0.9,0.5,0,0,up,0.27999999999999997,15.125000000000002,,,30730.109324611713,2,110,0.0,0.0,jupiter,True,10.0,28.55384615384616,False,100,1,1.0,True,
f1ff2f87-6f9b-4342-9f75-833b78eef6ea,BQ3MUVLxrH6skq5MoAfzTgesBRHDLA72QJyCrtajpzGT,BQ3MUVLx,completed,2025-11-30T16:27:52.941273,2025-11-30T16:34:22.190882,6.487493483333334,0.9383684999999998,0.303435,1.85,0.9383684999999998,8.828231728526696,29.094309254129204,0.028717404227258495,-18.47295160480664,-67.66355648127575,False,stop_loss,0,0,0,0,0,29087.4,0,0,0,False,False,False,False,0.3154166666666667,0.2,0.2,1.0,0.3,0.9,0.5,0,0,up,0.2916666666666667,16.25,,,30741.74691648125,2,111,0.0,0.0,jupiter,True,10.0,83.59810810810812,False,,0,1.0,True,
a2eaef32-be1f-42ea-9118-0fe2a8927313,GRhZ3P2TfdGegohiLCxq98waQ49dtvKA6WADyhf6nktT,GRhZ3P2T,completed,2025-11-30T16:33:41.647135,2025-11-30T16:44:50.923057,11.154598700000001,0.4550639999999999,1.1186999999999998,1.78,0.4550639999999999,41.35750788592374,36.9692570715328,0.1343087480723592,24.53412988592374,145.8335530826433,True,trailing_stop,0,0,0,0,0,56020.78,0,0,0,False,False,False,False,0.351,0.3,0.2,1.0,0.3,0.9,0.5,0,0,up,0.27999999999999997,15.125000000000002,,,30792.86232616975,2,112,0.0,0.0,jupiter,True,10.0,37.15168539325844,False,"200,100",2,1.0,True,
7ea81b82-1fa4-44cd-929a-4a870aa806fc,AwfMCXGFtZyJvaXTDf6FGDZo8TXHohzAt9cfg2vnF18M,AwfMCXGF,completed,2025-11-30T16:35:40.521538,2025-11-30T16:48:59.694145,13.31954345,0.5452124999999999,0.473121,1.68,0.5452124999999999,14.598882862623293,30.85655226173282,0.04739388442832446,-2.2244951373767075,-13.222642547630489,False,stop_loss,0,0,0,0,0,36344.15,0,0,0,False,False,False,False,0.351,0.3,0.2,1.0,0.3,0.9,0.5,0,0,up,0.27999999999999997,15.125000000000002,,,30803.305191625994,2,113,0.0,0.0,jupiter,True,10.0,71.83803571428571,False,"200,100",2,1.0,True,
4b2a317f-12d8-42b6-8379-f2b9457d7586,DWC5E1CiYSD4LfwpEU1U8dNZPT7gt2t9wdH6Rf6cGtYS,DWC5E1Ci,completed,2025-11-30T16:19:18.837709,2025-11-30T16:59:52.457742,40.560333883333335,0.5551619999999999,2.5344,2.56,0.5551619999999999,59.07793124169164,23.310421102308883,0.19157705921487078,46.13687124169164,356.5153955061767,True,low_liquidity,0,0,0,0,0,64287.48,0,0,0,False,False,False,False,0.351,0.3,0.2,1.0,0.3,0.9,0.5,0,0,up,0.27999999999999997,15.125000000000002,,,30837.685620505566,3,114,0.0,0.0,jupiter,True,10.0,0.999999999999994,False,"200,100,300",3,1.0,True,
a9dc1b61-7511-42ab-8b04-832ff78ed3e3,4e6me8ypZFYNuy53D89BRPrjGM6Pga5a51TgjgYrXqru,4e6me8yp,completed,2025-11-30T16:58:50.120708,2025-11-30T17:00:14.320016,1.4033218,0.6764654999999999,0.64944,0.7339,0.6764654999999999,24.848102398126738,38.26081300524565,0.08049661771731341,-1.0340176018732634,-3.995103963173277,False,trailing_stop,0,0,0,0,0,42609.36,0,0,0,False,False,False,False,0.351,0.3,0.2,1.0,0.3,0.9,0.5,0,0,up,0.27999999999999997,15.125000000000002,,,30868.50491704864,2,115,0.0,0.0,jupiter,True,10.0,11.508379888268154,False,,0,1.0,True,
d6a4b450-af73-43c2-baa9-4cc77250f3a4,ByCgKsQjaHC6LCFxD1VNPgHaR7Jpaz7mzhkz2qbF3jrf,ByCgKsQj,completed,2025-11-30T16:59:09.456249,2025-11-30T17:03:50.073163,4.676948566666667,0.7044044999999999,0.7029,1.3,0.7044044999999999,25.82683976039336,36.74326328125389,0.08361737005517043,-0.05528023960664312,-0.21358466619675326,False,trailing_stop,0,0,0,0,0,44348.67,0,0,0,False,False,False,False,0.351,0.3,0.2,1.0,0.3,0.9,0.5,0,0,up,0.27999999999999997,15.125000000000002,,,30886.93143942808,3,116,0.0,0.0,jupiter,True,10.0,45.930769230769236,False,,0,1.0,True,
5fa745e1-3c2e-490a-88ee-31c72d0351ba,FTgKe61TUx8d1bHNtqEgUUm1Maq9rV1iagt4NAnS8k1s,FTgKe61T,completed,2025-11-30T16:48:01.845154,2025-11-30T17:05:34.497702,17.544209133333332,0.47938499999999995,1.0989,2.42,0.47938499999999995,23.731957961137702,21.59610334073865,0.07685622712183629,13.379109961137706,129.2312024781752,True,trailing_stop,0,0,0,0,0,55469.4,0,0,0,False,False,False,False,0.351,0.3,0.2,1.0,0.3,0.9,0.5,0,0,up,0.27999999999999997,15.125000000000002,,,30878.38012594169,3,117,0.0,0.0,jupiter,True,10.0,54.59090909090909,False,"200,100,400,300",4,1.0,True,
c3ae7810-af9c-44cb-bcd8-bedd87dda58a,AyytvgvhbqAZvwxX4AjqXejC5qxUvSoBVaJ5YmCJnqf,Ayytvgvh,completed,2025-11-30T17:07:57.085466,2025-11-30T17:08:31.856982,0.5795252666666666,0.7494284999999999,0.303732,0.7494284999999999,0.7494284999999999,11.064755365188276,36.429336932520364,0.03575890363192836,-16.236427968145062,-59.47151729617969,False,stop_loss,0,0,0,0,0,47210.29,0,0,0,False,False,False,False,0.3154166666666667,0.2,0.2,1.0,0.3,0.9,0.5,0,0,up,0.2916666666666667,16.25,,,30942.65830708745,3,118,0.0,0.0,jupiter,True,10.0,59.47151729617969,False,,0,1.0,True,
27bf4fe1-e6e3-4e9f-b826-7393cb7afe98,8Hvpx1DN5nMWseW1d6Thi9FhTg7pxVi1vKkugBUxzt1V,8Hvpx1DN,completed,2025-11-30T17:11:20.318890,2025-11-30T17:12:08.194686,0.7979299333333334,0.11889149999999998,0.11770258499999998,0.11889149999999998,0.11889149999999998,25.6232988,217.69529360803762,0.08282046827677256,-0.25882119999999975,-0.999999999999999,False,low_liquidity,0,0,0,0,0,0.0,0,0,0,False,False,False,False,0.351,0.3,0.2,1.0,0.3,0.9,0.5,0,0,up,0.27999999999999997,15.125000000000002,,,30938.365036009087,4,119,0.0,0.0,jupiter,True,10.0,0.999999999999999,False,,0,1.0,True,
9877979f-4b0f-481a-8609-9f99c31bff0d,FKwcUtzdt7T8bfucfuYHy8Wa9WaQEwrPnFMSDC4FZryX,FKwcUtzd,completed,2025-11-30T17:00:38.448109,2025-11-30T17:12:08.348656,11.498342449999999,0.43777799999999994,0.361251,2.072,0.43777799999999994,10.678862039800995,29.56078194884165,0.03450011072842288,-2.262197960199004,-17.480777928539116,False,stop_loss,0,0,0,0,0,31796.28,0,0,0,False,False,False,False,0.351,0.3,0.2,1.0,0.3,0.9,0.5,0,0,up,0.27999999999999997,15.125000000000002,,,30953.12395911595,3,120,0.0,0.0,jupiter,True,10.0,82.56510617760617,False,"200,100,300",3,1.0,True,
d275624b-69e5-41a1-912e-ba73ab78b012,9tBESNjahtnT6hphvmFuf18CodFv3hDSSoGfyAgTfqyd,9tBESNja,completed,2025-11-30T17:15:09.223734,2025-11-30T17:16:27.895664,1.3111988333333333,0.40682399999999996,0.274032,0.40682399999999996,0.40682399999999996,17.433900428293317,63.61994375946356,0.056317877409408953,-8.448219571706684,-32.6411421155094,False,stop_loss,0,0,0,0,0,27719.73,0,0,0,False,False,False,False,0.351,0.3,0.2,1.0,0.3,0.9,0.5,0,0,up,0.27999999999999997,15.125000000000002,,,30956.24556578309,3,121,0.0,0.0,jupiter,True,10.0,32.6411421155094,False,,0,1.0,True,
ae7de4d1-8406-498f-8465-e52297f3e328,CsBWeoGqb6WudnYCkbJrAz2KbwE8sVitoV4BZGWdWuwd,CsBWeoGq,completed,2025-11-30T17:05:09.996536,2025-11-30T17:24:44.312950,19.571940233333333,0.45838049999999997,0.812988,0.8212,0.45838049999999997,45.90477338054303,56.46426931337612,0.14839585419992385,20.022653380543026,77.36094794608411,True,low_liquidity,0,0,0,0,0,20528.39,0,0,0,False,False,False,False,0.351,0.3,0.2,1.0,0.3,0.9,0.5,0,0,up,0.27999999999999997,15.125000000000002,,,30933.999893756183,2,122,0.0,0.0,jupiter,True,10.0,0.9999999999999997,False,,0,1.0,True,
deb8c8f6-168e-4be0-8df7-a62261605afe,FhjEgQjsq6HFwPpcjwVqL6WQZoZxhmCezVbR6AGY3rg3,FhjEgQjs,completed,2025-11-30T17:09:03.802279,2025-11-30T17:28:53.217410,19.823585516666665,0.43275299999999994,0.668646,0.6754,0.43275299999999994,39.990424120734,59.80806603304888,0.12891272009629756,14.108304120734001,54.50984741873541,True,low_liquidity,0,0,0,0,0,16883.67,0,0,0,False,False,False,False,0.351,0.3,0.2,1.0,0.3,0.9,0.5,0,0,up,0.27999999999999997,15.125000000000002,,,31021.317439319584,4,123,0.0,0.0,jupiter,True,10.0,1.0000000000000056,False,,0,1.0,True,
3246f659-3430-4f27-8f82-7bf85c757c0f,DAehDU371RAM5oSJqmh4KTAhBdSD2vWpAvsVyKfGx71g,DAehDU37,completed,2025-11-30T17:25:48.597500,2025-11-30T17:33:00.713155,7.201927583333333,0.5446095,0.642609,1.94,0.5446095,19.8506528314361,30.890717110149566,0.06381941411762003,3.027274831436103,17.994452906164877,True,trailing_stop,0,0,0,0,0,42520.23,0,0,0,False,False,False,False,0.351,0.3,0.2,1.0,0.3,0.9,0.5,0,0,up,0.27999999999999997,15.125000000000002,,,31104.41094750742,4,124,0.0,0.0,jupiter,True,10.0,66.87582474226804,False,"200,100",2,1.0,True,
98f791ee-682b-4b67-9cbf-bb1f928b0120,CGwnrY2NUvKfGCtoedVLhExTUqjCxMdpJBHrbH8iNBoE,CGwnrY2N,completed,2025-11-30T17:25:28.894959,2025-11-30T17:36:56.292811,11.456630866666666,0.5650109999999999,0.761706,2.087,0.5650109999999999,22.680032712403833,29.775310569174763,0.07302957605060177,5.856654712403832,34.81259656891637,True,trailing_stop,0,0,0,0,0,46294.54,0,0,0,False,False,False,False,0.351,0.3,0.2,1.0,0.3,0.9,0.5,0,0,up,0.27999999999999997,15.125000000000002,,,31055.95559898769,6,125,0.0,0.0,jupiter,True,10.0,63.50234786775276,False,"200,100",2,1.0,True,
b145f8ab-a9d4-49ab-9bdc-c0390498089f,42HHavDhDsiUAtTFuCv7U7jWpLJBas9evsBJ1GSCjLX5,42HHavDh,completed,2025-11-30T17:34:47.183979,2025-11-30T17:36:56.402335,2.1536392666666666,0.8876159999999998,0.688149,0.8876159999999998,0.8876159999999998,20.065833644143417,29.159140889754134,0.06460699615634502,-5.816286355856583,-22.472217715768966,False,stop_loss,0,0,0,0,0,44000.32,0,0,0,False,False,False,False,0.351,0.3,0.2,1.0,0.3,0.9,0.5,0,0,up,0.27999999999999997,15.125000000000002,,,31058.29838549577,5,126,0.0,0.0,jupiter,True,10.0,22.472217715768966,False,,0,1.0,True,
0f95d1f9-8b99-4a15-b58f-1a5115deb160,3pVjCt9wpJ6phipQqY6wTP5hE5H6NYJy91rQjxU4nwau,3pVjCt9w,completed,2025-11-30T17:33:52.330974,2025-11-30T17:38:52.857383,5.008773483333333,0.39657299999999995,0.390654,0.39657299999999995,0.39657299999999995,25.495819701492543,65.26445320281513,0.08205832029788819,-0.38630029850745967,-1.492537313432824,False,low_liquidity,0,0,0,0,0,54714.5,0,0,0,False,False,False,False,0.351,0.3,0.2,1.0,0.3,0.9,0.5,0,0,up,0.27999999999999997,15.125000000000002,,,31070.365087827286,4,127,0.0,0.0,jupiter,True,10.0,1.492537313432824,False,,0,1.0,True,
6a862f67-887c-480f-ad35-0d4fcef514f5,6XUq7SfXuEPeZzosz1P2Mjxyt8nBFUJnvXHKEVxKcR4z,6XUq7SfX,completed,2025-11-30T17:03:36.804519,2025-11-30T17:42:52.769400,39.26608135,0.5566694999999999,2.6235,2.65,0.5566694999999999,60.9892780366088,23.247294849098076,0.19640686347656774,48.0482180366088,371.2850263935783,True,low_liquidity,0,0,0,0,0,66482.49,0,0,0,False,False,False,False,0.351,0.3,0.2,1.0,0.3,0.9,0.5,0,0,up,0.27999999999999997,15.125000000000002,,,31052.51871398329,5,128,0.0,0.0,jupiter,True,10.0,0.9999999999999988,False,"200,100,300",3,1.0,True,
31ddf651-69b7-4bc4-923a-d231bf804621,EhtFtpSmNSrqSiaBTzVkemSF7SmYb8a7t83Xo4Gay6dj,EhtFtpSm,completed,2025-11-30T17:39:49.938934,2025-11-30T17:45:23.669586,5.562177533333334,0.19557299999999997,0.192654,0.19557299999999997,0.19557299999999997,25.49581970149254,132.33994467538977,0.08199416628431544,-0.3863002985074597,-1.4925373134328244,False,low_liquidity,0,0,0,0,0,87885.09,0,0,0,False,False,False,False,0.351,0.3,0.2,1.0,0.3,0.9,0.5,0,0,up,0.27999999999999997,15.125000000000002,,,31094.67521516784,4,129,0.0,0.0,jupiter,True,10.0,1.4925373134328244,False,,0,1.0,True,
24c135f6-dfc0-4cc3-b19b-e55d8cddada0,Fq4GeTiBEaPWwAr3iRNL48TKe42iCgocWEreRxTwNco9,Fq4GeTiB,completed,2025-11-30T17:26:12.350518,2025-11-30T17:47:18.079918,21.095489999999998,0.536469,1.3266,1.34,0.536469,54.40190828025477,41.00852425769243,0.17505061364604932,32.40210628025478,147.2836268265268,True,low_liquidity,0,0,0,0,0,33699.86,0,0,0,False,False,False,False,0.351,0.3,0.2,1.0,0.3,0.9,0.5,0,0,up,0.27999999999999997,15.125000000000002,,,31077.816379584317,3,130,0.0,0.0,jupiter,True,10.0,1.0000000000000058,False,100,1,1.0,True,
6ccb4d99-676a-45e6-b03c-967ebefd187b,Dvt3gTvUErqtq1P6BzWW5jhqohQyK8WnhXhj25cYTiVg,Dvt3gTvU,completed,2025-11-30T17:29:46.115510,2025-11-30T17:49:32.123283,19.766796216666666,0.43848149999999997,0.890703,0.8997,0.43848149999999997,44.688976937011034,50.172702839230396,0.1437134883130396,22.689174937011032,103.13354155192411,True,low_liquidity,0,0,0,0,0,85252.34,0,0,0,False,False,False,False,0.351,0.3,0.2,1.0,0.3,0.9,0.5,0,0,up,0.27999999999999997,15.125000000000002,,,31095.88213436766,3,131,0.0,0.0,jupiter,True,10.0,1.0000000000000036,False,100,1,1.0,True,
c5daf365-39c3-4603-92e7-ca9992f1b826,HA33JZYvAV7aYTq9vX1mgSwHR7EBxX7aqb8gmWmPUQ3T,HA33JZYv,completed,2025-11-30T17:40:37.183266,2025-11-30T17:51:35.897252,10.978566433333333,0.6130499999999999,1.089,1.52,0.6130499999999999,39.07965806704185,35.88582007992824,0.1256370580997737,17.07985606704185,77.63640812331786,True,trailing_stop,0,0,0,0,0,55605.84,0,0,0,False,False,False,False,0.351,0.3,0.2,1.0,0.3,0.9,0.5,0,0,up,0.27999999999999997,15.125000000000002,,,31105.199897316157,2,132,0.0,0.0,jupiter,True,10.0,28.35526315789474,False,100,1,1.0,True,
bc051456-932d-44ca-b3b7-66587419f87c,HgMRkPkY4hVfQArwtUczecvweyPaa5xCenbGqT9CDBKe,HgMRkPkY,completed,2025-11-30T17:36:46.279275,2025-11-30T17:56:11.522203,19.420715466666664,0.5741565,1.2375,1.25,0.5741565,47.41695857314165,38.3167342005185,0.15237596094109027,25.41715657314165,115.53356968004371,True,low_liquidity,0,0,0,0,0,31283.98,0,0,0,False,False,False,False,0.351,0.3,0.2,1.0,0.3,0.9,0.5,0,0,up,0.27999999999999997,15.125000000000002,,,31118.39838796713,1,133,0.0,0.0,jupiter,True,10.0,0.9999999999999963,False,100,1,1.0,True,
733d62b5-25af-49fc-b907-0ea918b4a234,77BPnB4u27BRvdDk4daa6WMmo2dPGNvcigSMX44Erj4J,77BPnB4u,completed,2025-11-30T18:05:25.035524,2025-11-30T18:14:58.734433,9.561648483333332,0.4652144999999999,0.916938,1.89,0.4652144999999999,25.50683539373773,27.817404659571018,0.08120621040342216,12.565775393737733,97.10004739749087,True,trailing_stop,0,0,0,0,0,50696.73,0,0,0,False,False,False,False,0.351,0.3,0.2,1.0,0.3,0.9,0.5,0,0,up,0.27999999999999997,15.125000000000002,,,31409.956537834983,6,134,0.0,0.0,jupiter,True,10.0,51.484761904761896,False,"200,100,300",3,1.0,True,
71af78f0-bc29-41af-99ad-ac33e75f96be,HBme5RPPW5VJkoPZbzdjKwP7t2fkNdVA5E6VqwnUDVk3,HBme5RPP,completed,2025-11-30T18:01:20.297165,2025-11-30T18:16:52.678211,15.539684099999999,0.702897,0.358182,1.99,0.702897,11.210651176436947,31.298756432308007,0.03581586904566526,-10.789150823563055,-49.042036030883615,False,stop_loss,0,0,0,0,0,31682.12,0,0,0,False,False,False,False,0.351,0.3,0.2,1.0,0.3,0.9,0.5,0,0,up,0.27999999999999997,15.125000000000002,,,31300.7934056922,5,135,0.0,0.0,jupiter,True,10.0,82.00090452261306,False,100,1,1.0,True,
6224329f-e32e-4dd4-9c22-e146b5f35214,4DVX7d4iK6ANc1zJcrSv3dxEfWHtnhTruR4V76fnWN7Y,4DVX7d4i,completed,2025-11-30T18:03:25.242141,2025-11-30T18:16:52.816383,13.4595707,0.5402879999999999,0.76923,2.25,0.5402879999999999,18.42471345615672,23.95215144515518,0.058877390889868264,5.48365345615672,42.37406716417913,True,trailing_stop,0,0,0,0,0,46423.88,0,0,0,False,False,False,False,0.351,0.3,0.2,1.0,0.3,0.9,0.5,0,0,up,0.27999999999999997,15.125000000000002,,,31293.35926352552,4,136,0.0,0.0,jupiter,True,10.0,65.812,False,"200,100,300",3,1.0,True,
88c9a710-9383-4524-bf72-d4f5031aa72a,5LpkLkvTtKPx8iTAgYNUowYGLS4jy9Aovsyu2N7J7Eu,5LpkLkvT,completed,2025-11-30T18:05:31.945187,2025-11-30T18:16:52.931963,11.3497796,0.37014149999999996,0.863676,1.46,0.37014149999999996,39.25511680675635,45.45120717347286,0.12552769494687427,22.431738806756343,133.33671042020418,True,trailing_stop,0,0,0,0,0,49191.83,0,0,0,False,False,False,False,0.351,0.3,0.2,1.0,0.3,0.9,0.5,0,0,up,0.27999999999999997,15.125000000000002,,,31272.076511378516,3,137,0.0,0.0,jupiter,True,10.0,40.844109589041096,False,"200,100",2,1.0,True,
7976d534-f469-4c42-bc60-f3659083514e,G6KKqsRyNnBxS1gEt49DCBbhdFxJ6LED7sK6THdtGZm2,G6KKqsRy,completed,2025-11-30T18:13:45.297703,2025-11-30T18:16:53.043115,3.1290902,0.16170449999999997,0.07227,0.1971,0.16170449999999997,11.567401107575858,160.05813072610846,0.03695710986042767,-14.314718892424143,-55.30736621429829,False,stop_loss,0,0,0,0,0,25841.52,0,0,0,False,False,False,False,0.351,0.3,0.2,1.0,0.3,0.9,0.5,0,0,up,0.27999999999999997,15.125000000000002,,,31299.528429742855,2,138,0.0,0.0,jupiter,True,10.0,63.33333333333333,False,,0,1.0,True,
87dc6c36-446b-4113-b4f5-538867851c61,6UngLpb36Nx2uWgvubhSmDWxEXAEJ1w4JKc5ttAfPJYv,6UngLpb3,completed,2025-11-30T18:14:21.363090,2025-11-30T18:23:04.280574,8.7152914,0.5785784999999999,1.7325,1.75,0.5785784999999999,50.376055081549,29.077088070158155,0.16095631175500222,33.55267708154901,199.44078461263254,True,low_liquidity,0,0,0,0,0,1031.46,0,0,0,False,False,False,False,0.351,0.3,0.2,1.0,0.3,0.9,0.5,0,0,up,0.27999999999999997,15.125000000000002,,,31297.968083555697,3,139,0.0,0.0,jupiter,True,10.0,1.000000000000004,False,"200,100",2,1.0,True,
035ffa6e-c05c-4e57-905f-681e5488086c,HgKnTcQTkVNnQshPpJx4LBdjECEGuvoGmqo9bDrXWAvj,HgKnTcQT,completed,2025-11-30T17:48:20.159564,2025-11-30T18:33:42.324877,45.36942188333333,0.49616849999999996,2.5046999999999997,2.53,0.49616849999999996,52.26204078977203,20.865589008572698,0.16649759955385218,41.90919278977203,404.8083463581424,True,low_liquidity,0,0,0,0,0,63433.13,0,0,0,False,False,False,False,0.351,0.3,0.2,1.0,0.3,0.9,0.5,0,0,up,0.27999999999999997,15.125000000000002,,,31389.065626059273,2,140,0.0,0.0,jupiter,True,10.0,1.000000000000004,False,"200,100,400,300",4,1.0,True,
5242eaa7-5b69-479f-a322-b7020a3f5e41,CcfG52LGN6mUuWKgYKNxPhG75niA6k4fE7GrfKukmFaY,CcfG52LG,completed,2025-11-30T18:22:57.073602,2025-11-30T18:37:11.843891,14.246171483333335,0.45807899999999996,0.226314,1.32,0.45807899999999996,11.464930730649082,50.65939681437773,0.03651582123392383,-11.741075102684253,-50.5949847078779,False,stop_loss,0,0,0,0,0,40859.38,0,0,0,False,False,False,False,0.3154166666666667,0.2,0.2,1.0,0.3,0.9,0.5,0,0,up,0.2916666666666667,16.25,,,31397.159760432725,2,141,0.0,0.0,jupiter,True,10.0,82.85500000000002,False,100,1,1.0,True,
825603ad-09ad-46c6-8c9a-a772204e59c3,4LuwvoiXH91KxTkGu1384w3Ud3NQ9YZTkiZerU9ba6zk,4LuwvoiX,completed,2025-11-30T18:35:10.541844,2025-11-30T18:40:14.817606,5.0712627,0.7845029999999998,1.089,1.59,0.7845029999999998,30.538805304759833,28.042980077832723,0.09728085696157886,8.539003304759834,38.814000711278375,True,trailing_stop,0,0,0,0,0,55472.45,0,0,0,False,False,False,False,0.351,0.3,0.2,1.0,0.3,0.9,0.5,0,0,up,0.27999999999999997,15.125000000000002,,,31392.40983127971,2,142,0.0,0.0,jupiter,True,10.0,31.509433962264154,False,100,1,1.0,True,
43cf3928-3485-4405-9d0b-76ca6d7f9da8,7kBrKuxBUh8MLgWeci1Q4BqRNxQcT56Zahe5gW8FJLkn,7kBrKuxB,completed,2025-11-30T18:38:27.312712,2025-11-30T18:41:39.622940,3.2051704666666665,0.4471245,0.230076,0.7143,0.4471245,13.31811305602802,57.885711921399974,0.04243936561515951,-12.56400694397198,-48.54319099042883,False,stop_loss,0,0,0,0,0,25416.83,0,0,0,False,False,False,False,0.351,0.3,0.2,1.0,0.3,0.9,0.5,0,0,up,0.27999999999999997,15.125000000000002,,,31381.508330724755,1,143,0.0,0.0,jupiter,True,10.0,67.790004199916,False,,0,1.0,True,
100bfb0c-3f70-4943-8df6-ef572b0ccb01,HPq1igtaAjFcrJ8cGoanHA8rTF9aCKH1nbHSBXFmCDC3,HPq1igta,completed,2025-11-30T18:23:00.709593,2025-11-30T18:54:39.428257,31.645311066666668,0.6851084999999999,2.2571999999999997,2.28,0.6851084999999999,55.427321105489135,24.555786419231413,0.1768648546328825,38.60394310548914,229.46606267474422,True,low_liquidity,0,0,0,0,0,57148.88,0,0,0,False,False,False,False,0.351,0.3,0.2,1.0,0.3,0.9,0.5,0,0,up,0.27999999999999997,15.125000000000002,,,31338.798892826584,0,144,0.0,0.0,jupiter,True,10.0,1.0000000000000069,False,"200,100",2,1.0,True,
b30109ff-bae0-4a2f-b224-c867138c7fbb,8UpsF9HaLGY99BSFzJQ5hSHBqveVMQv3tjzDqFCTbXja,8UpsF9Ha,completed,2025-11-30T19:05:44.172352,2025-11-30T19:15:15.204954,9.517210033333333,0.39637199999999995,1.6533,1.91,0.39637199999999995,53.97821868850475,32.6487743836598,0.17099737187353614,41.037158688504746,317.10817111198577,True,trailing_stop,0,0,0,0,0,68008.36,0,0,0,False,False,False,False,0.351,0.3,0.2,1.0,0.3,0.9,0.5,0,0,up,0.27999999999999997,15.125000000000002,,,31566.694912963463,2,145,0.0,0.0,jupiter,True,10.0,13.439790575916227,False,"200,100,300",3,1.0,True,
fe7ec552-f0aa-4dca-a75f-45a012257be5,G2gvQs1GQrLEZTGQwuXPnaBVz27771Juneqpk2poqgEb,G2gvQs1G,completed,2025-11-30T19:03:33.020326,2025-11-30T19:17:28.414981,13.92324425,0.14572499999999997,0.395505,0.8662,0.14572499999999997,28.02238621142563,70.85216675244467,0.08875110573739353,17.697454211425633,171.40504374678338,True,trailing_stop,0,0,0,0,0,60316.35,0,0,0,False,False,False,False,0.35275,0.3,0.2,1.0,0.3,0.9,0.5,0,0,sideways,0.24499999999999997,0.0,,,31574.126292399473,1,146,0.0,0.0,jupiter,True,10.0,54.340221657815746,False,"200,100,400,300",4,1.0,True,
644385bb-28e3-407e-ac0e-56f3d46786f1,ESxEYqKJVvR4348Phrr3cwTUUi2zHYZHeszjUm4Mr7V2,ESxEYqKJ,completed,2025-11-30T19:22:48.425699,2025-11-30T19:27:51.000965,5.0429211,0.46149599999999996,0.454608,0.46149599999999996,0.46149599999999996,25.49581970149254,56.08308631060725,0.08060307528861291,-0.3863002985074599,-1.492537313432825,False,low_liquidity,0,0,0,0,0,65587.5,0,0,0,False,False,False,False,0.351,0.3,0.2,1.0,0.3,0.9,0.5,0,0,up,0.27999999999999997,15.125000000000002,,,31631.32375557689,2,147,0.0,0.0,jupiter,True,10.0,1.492537313432825,False,,0,1.0,True,
7bcaa262-9e30-4382-83e0-ace36aa3912d,B2uJpKWjJjfNP5ERtJuBUJAZJmEEJ8dwKzLDXxzRXznd,B2uJpKWj,completed,2025-11-30T19:03:42.838357,2025-11-30T19:29:19.728776,25.61484031666667,0.47234999999999994,0.923175,2.64,0.47234999999999994,20.233916486503652,21.91774743304753,0.06401012202053862,9.881068486503654,95.44299777707211,True,trailing_stop,0,0,0,0,0,50776.6,0,0,0,False,False,False,False,0.351,0.3,0.2,1.0,0.3,0.9,0.5,0,0,up,0.27999999999999997,15.125000000000002,,,31610.49510265157,1,148,0.0,0.0,jupiter,True,10.0,65.03125,False,"200,100,400,300",4,1.0,True,
d0284e9c-2c26-41f9-afe0-276c442e4814,HKn1m4A1fiW1voQMSkmCr9mxyLwQACQkqXhfbKmJYein,HKn1m4A1,completed,2025-11-30T19:22:58.212435,2025-11-30T19:30:32.655873,7.574057300000001,0.618678,0.48688200000000004,2.14,0.618678,13.239520279363415,27.19246199153679,0.04192911873197994,-3.5838577206365803,-21.30284251258327,False,stop_loss,0,0,0,0,0,36867.97,0,0,0,False,False,False,False,0.351,0.3,0.2,1.0,0.3,0.9,0.5,0,0,up,0.27999999999999997,15.125000000000002,,,31575.95647071266,0,149,0.0,0.0,jupiter,True,10.0,77.2485046728972,False,"200,100",2,1.0,True,
017677d4-66d5-45b8-9f24-cd62e820ddd3,J3yRneeYKn2S9X4jykRF9H1Rjem7wK3JKq3ounDGQUSn,J3yRneeY,completed,2025-11-30T19:41:30.440427,2025-11-30T19:44:36.779345,3.1056486333333333,0.500892,0.588852,0.5948,0.500892,30.427194138137565,51.672057050222406,0.09624566189933648,4.545074138137565,17.560671761577353,True,low_liquidity,0,0,0,0,0,40540.7,0,0,0,False,False,False,False,0.351,0.3,0.2,1.0,0.3,0.9,0.5,0,0,up,0.27999999999999997,15.125000000000002,,,31614.094118820052,1,150,0.0,0.0,jupiter,True,10.0,0.9999999999999922,False,,0,1.0,True,
cce9f548-da3f-4b4a-9b1d-b0d021e33212,AZEGqRMVuKvzCDxjCe2nqjQzL1sZt2y2VQVmcNWppQfo,AZEGqRMV,completed,2025-11-30T19:35:15.682614,2025-11-30T19:52:18.724889,17.050704583333335,0.553956,0.903474,2.46,0.553956,21.106209234018582,23.361169479164406,0.06669272887583247,8.165149234018585,63.09490284426922,True,trailing_stop,0,0,0,0,0,50250.47,0,0,0,False,False,False,False,0.351,0.3,0.2,1.0,0.3,0.9,0.5,0,0,up,0.27999999999999997,15.125000000000002,,,31646.942012694984,2,151,0.0,0.0,jupiter,True,10.0,63.27341463414634,False,"200,100,300",3,1.0,True,
d77c1079-72ef-4a7a-8006-03bd4f661a80,6HQtTygiXKu5RBKeXTS2wrNurDmdbLex2Gj6JDj1F8rV,6HQtTygi,completed,2025-11-30T19:54:42.319000,2025-11-30T20:03:02.333502,8.333575033333334,0.5888294999999999,0.302148,1.31,0.5888294999999999,11.9077733886125,39.41039950161013,0.03742816304695212,-11.298232444720838,-48.6866741561012,False,stop_loss,0,0,0,0,0,46137.71,0,0,0,False,False,False,False,0.3154166666666667,0.2,0.2,1.0,0.3,0.9,0.5,0,0,up,0.2916666666666667,16.25,,,31815.008857567165,5,152,0.0,0.0,jupiter,True,10.0,76.9352671755725,False,100,1,1.0,True,
34fd9b55-4650-4552-b130-0d3b00fdb80d,7LuvsD65beabHxorDTJ5Ak7itNfvW9g99duxK7pooMQ7,7LuvsD65,completed,2025-11-30T19:58:06.590721,2025-11-30T20:03:34.881346,5.471510416666666,0.1954725,0.5169779999999999,0.5222,0.1954725,58.18421332083029,112.54678791134303,0.18310117629028144,36.18441132083029,164.47607719755973,True,low_liquidity,0,0,0,0,0,0.0,0,0,0,False,False,False,False,0.351,0.3,0.2,1.0,0.3,0.9,0.5,0,0,up,0.27999999999999997,15.125000000000002,,,31777.083304253225,4,153,0.0,0.0,jupiter,True,10.0,1.0000000000000115,False,100,1,1.0,True,
32b9c037-c4e6-49d6-877b-efcf69ebf6e9,hMZ76ismjMQvmtmBKDMtFpDWCmznzaqyToKUqhu9KVu,hMZ76ism,completed,2025-11-30T20:06:46.201437,2025-11-30T20:09:30.603589,2.7400358666666667,0.16843799999999998,0.0857538,0.247,0.16843799999999998,13.176896793217685,153.65962550018406,0.04129318381909407,-12.705223206782314,-49.088804189078466,False,stop_loss,0,0,0,0,0,28145.09,0,0,0,False,False,False,False,0.351,0.3,0.2,1.0,0.3,0.9,0.5,0,0,up,0.27999999999999997,15.125000000000002,,,31910.585657298372,5,154,0.0,0.0,jupiter,True,10.0,65.28186234817814,False,,0,1.0,True,
9f2d7112-359f-4ad8-913c-aa4a60e82bbb,2nfdGHT6VcVTCN3t5ACQSbd7oPYZkMDWuV2jfTJCoGjK,2nfdGHT6,completed,2025-11-30T20:08:17.711294,2025-11-30T20:18:02.901011,9.753161949999999,0.41948699999999994,0.827739,1.57,0.41948699999999994,33.19618029245723,40.10464686629146,0.10381594338499862,16.372802292457223,97.32172868289128,True,trailing_stop,0,0,0,0,0,48107.91,0,0,0,False,False,False,False,0.351,0.3,0.2,1.0,0.3,0.9,0.5,0,0,up,0.27999999999999997,15.125000000000002,,,31975.994447548474,5,155,0.0,0.0,jupiter,True,10.0,47.27777070063694,False,"200,100",2,1.0,True,
55439ff6-2246-46b8-b095-c4f79646c943,DVqVrF9qrUtvCW3woQ9oeHkcNQHNkJoHvZPst5TdunRS,DVqVrF9q,completed,2025-11-30T19:49:20.566138,2025-11-30T20:20:20.476582,30.9985074,0.37948799999999994,2.5344,2.56,0.37948799999999994,51.85590447761194,20.46082089552239,0.162105845494137,44.09126847761195,567.8472046546929,True,low_liquidity,0,0,0,0,0,64108.81,0,0,0,False,False,False,False,0.351,0.3,0.2,1.0,0.3,0.9,0.5,0,0,up,0.27999999999999997,15.125000000000002,,,31988.91706806924,4,156,0.0,0.0,jupiter,True,10.0,0.999999999999994,False,"400,100,500,200,300",5,1.0,True,
cc8a8993-5f70-4b65-b2ff-92591169a241,6NSgvQbaUdMQtgndCzB22mo7pfutTTuVWfcQiJ4XFBib,6NSgvQba,completed,2025-11-30T19:49:36.521402,2025-11-30T20:26:25.594525,36.81788538333333,0.38762849999999993,1.9404,1.96,0.38762849999999993,51.82453369450389,26.70817032287358,0.16180085589677487,41.4716856945039,400.58238751794573,True,low_liquidity,0,0,0,0,0,49294.31,0,0,0,False,False,False,False,0.351,0.3,0.2,1.0,0.3,0.9,0.5,0,0,up,0.27999999999999997,15.125000000000002,,,32029.82667011769,4,157,0.0,0.0,jupiter,True,10.0,1.000000000000003,False,"200,100,400,300",4,1.0,True,
5140889f-3120-4e91-a973-2ceb6beafa57,4GX3HBQqmBeWf6b4A7cyh4pPeTCVgaBsC6yUA6HLm4z4,4GX3HBQq,completed,2025-11-30T20:02:42.805150,2025-11-30T20:28:12.167444,25.489371566666666,0.635964,2.0988,2.12,0.635964,55.52029005792782,26.453349560666958,0.17358150402468578,38.69691205792782,230.0186803026587,True,low_liquidity,0,0,0,0,0,53164.4,0,0,0,False,False,False,False,0.351,0.3,0.2,1.0,0.3,0.9,0.5,0,0,up,0.27999999999999997,15.125000000000002,,,31985.14171765215,3,158,0.0,0.0,jupiter,True,10.0,0.9999999999999944,False,"200,100",2,1.0,True,
eb02d6bf-86a2-4721-8ef3-72cde465c10f,BmDGomR7bRMNvaAvTuTHEceS9idMvPZWRodeHgGLsNPZ,BmDGomR7,completed,2025-11-30T20:00:51.342907,2025-11-30T20:28:12.300566,27.349294316666665,0.6234014999999999,0.7099289999999999,2.67,0.6234014999999999,14.737266087328951,20.758788677922656,0.04601713183509272,1.7962060873289523,13.87989923027134,True,trailing_stop,0,0,0,0,0,17976.19,0,0,0,False,False,False,False,0.351,0.3,0.2,1.0,0.3,0.9,0.5,0,0,up,0.27999999999999997,15.125000000000002,,,32025.607637045934,2,159,0.0,0.0,jupiter,True,10.0,73.4108988764045,False,"200,100,300",3,1.0,True,
40436007-ebea-466c-b750-fbaf82f327a1,5JywnDKG6Gjir39VD95TYB4rbaiK3ruzSkcB8o3ge3JR,5JywnDKG,completed,2025-11-30T20:23:45.510791,2025-11-30T20:28:12.410323,4.448325533333334,0.13587599999999997,0.09846540000000001,0.13587599999999997,0.13587599999999997,8.366515381700966,84.96908946392301,0.026119364275443535,-3.178744618299035,-27.53289764196765,False,stop_loss,0,0,0,0,0,16569.28,0,0,0,False,False,False,False,0.421,0.5,0.2,1.0,0.3,0.9,0.5,0,0,sideways,0.27999999999999997,0.0,,,32031.849219113097,1,160,0.0,0.0,jupiter,True,10.0,27.53289764196765,False,,0,1.0,True,
c757fb74-17f8-490d-8eab-c07dd6544024,Bp29eNRmefmoiBCurs9ers4gDa5YdwPxQQUVXz9BTypP,Bp29eNRm,completed,2025-11-30T20:14:50.357191,2025-11-30T20:37:58.358578,23.13335645,0.41094449999999993,2.3364,2.36,0.41094449999999993,58.860488623646255,25.19281314143394,0.1840003156479759,48.50764062364626,468.5439274646577,True,manual_closeall,0,0,0,0,0,59391.51,0,0,0,False,False,False,False,0.351,0.3,0.2,1.0,0.3,0.9,0.5,0,0,up,0.27999999999999997,15.125000000000002,,,31989.341114097024,1,161,0.0,0.0,jupiter,True,10.0,1.0000000000000029,False,"200,100,400,300",4,1.0,True,
3aeae807-edc0-444b-a76d-2ba6ed455b2c,Br6qz6espV2ty5Eh2kms4cjyVZ9eKr3QHXXP3g3oBxtX,Br6qz6es,completed,2025-11-30T20:36:14.288981,2025-11-30T20:37:58.599328,1.7385057833333333,0.49576649999999994,0.798831,0.6621,0.49576649999999994,41.703987263600915,52.20627049225796,0.13027017562226478,15.821867263600913,61.13049187470312,True,manual_closeall,0,0,0,0,0,42699.58,0,0,0,False,False,False,False,0.351,0.3,0.2,1.0,0.3,0.9,0.5,0,0,up,0.27999999999999997,15.125000000000002,,,32013.457465910706,0,162,0.0,0.0,jupiter,True,10.0,-20.651110104213856,False,,0,1.0,True,
e30c3d54-223f-4a10-93c0-b1bbb5cf00c2,AMAgv2SC77nBMyWZwpwFj7mdsedtYRoircRNSVSNfnvQ,AMAgv2SC,completed,2025-12-17T03:04:22.130131,2025-12-17T03:16:18.953262,11.947052183333334,0.44129549999999995,0.812493,2.087,0.44129549999999995,23.826485116163656,29.325157405865227,0.0741426861653066,10.88542511616366,84.115405663552,True,trailing_stop,0,0,0,0,0,45946.09,0,0,0,False,False,False,False,0,0,0,0,0,0,0.5,0,0,,0,0,,,32135.988522240412,2,1,0.0,0.0,jupiter,True,10.0,61.06885481552469,False,"200,100,300",3,1.0,True,
04f7cd6d-24ad-4b5f-8861-3bea7b168df5,FA7oJttigpgRZe6PnJDF3hNH92ZZunQqtVRe34sNDSwL,FA7oJtti,completed,2025-12-17T03:13:26.464057,2025-12-17T03:16:19.147640,2.878059716666667,0.37345799999999996,0.331947,0.4923,0.37345799999999996,23.00524312677731,69.3039645689743,0.0715860140772052,-2.8768768732226895,-11.115306138842913,False,stop_loss,0,0,0,0,0,29370.61,0,0,0,False,False,False,False,0.351,0.3,0.2,1.0,0.3,0.9,0.5,0,0,up,0.27999999999999997,15.125000000000002,,,32136.50518656655,1,2,0.0,0.0,jupiter,True,10.0,32.57221206581353,False,,0,1.0,True,
8482101e-3f3d-41b5-8421-d13b53b47ecf,2QPr3WrZveGhsdERseMqYjB5RmYhUgrt9HdQGqr3MxaP,2QPr3WrZ,completed,2025-12-17T03:08:45.467791,2025-12-17T03:20:58.889930,12.223702316666667,0.37546799999999997,0.804276,1.87,0.37546799999999997,27.72056199878552,34.46647916733251,0.08625429429499636,14.77950199878552,114.20627057432327,True,trailing_stop,0,0,0,0,0,45739.62,0,0,0,False,False,False,False,0,0,0,0,0,0,0.5,0,0,,0,0,,,32138.18190196891,1,3,0.0,0.0,jupiter,True,10.0,56.99058823529411,False,"200,100,300",3,1.0,True,
983a1618-f5b5-4f07-b22b-638f2f66c851,CkfSPfaQR5jgoHgMoHpSd4hfrtmKaXKLsnhFLrKy3NX1,CkfSPfaQ,completed,2025-12-17T03:25:15.482698,2025-12-17T03:28:00.920792,2.757301566666667,0.630738,1.07514,1.36,0.630738,37.50030459918381,34.87946183676899,0.11642778402068353,15.500502599183811,70.45746411346707,True,trailing_stop,0,0,0,0,0,52908.61,0,0,0,False,False,False,False,0.351,0.3,0.2,1.0,0.3,0.9,0.5,0,0,up,0.27999999999999997,15.125000000000002,,,32209.06840631944,1,4,0.0,0.0,jupiter,True,10.0,20.945588235294125,False,100,1,1.0,True,
cd2063ba-54d6-4f12-bfdb-27e3784c4c06,4T15aSaTGzF5aR3R1G1Pi8uFVA4TDrxm7VByjNwC5jE9,4T15aSaT,completed,2025-12-17T03:17:59.362525,2025-12-17T03:29:22.180189,11.3802944,0.40632149999999995,0.571428,2.057,0.40632149999999995,14.55967067197774,25.479449155410197,0.04522473393307948,4.206822671977736,40.6344483370927,True,trailing_stop,0,0,0,0,0,38563.78,0,0,0,False,False,False,False,0.351,0.3,0.2,1.0,0.3,0.9,0.5,0,0,up,0.27999999999999997,15.125000000000002,,,32194.04384671928,0,5,0.0,0.0,jupiter,True,10.0,72.22032085561497,False,"200,100,400,300",4,1.0,True,
6b157b62-1d27-4f33-aeb2-1c874b5d44c1,CtXrXLroFNtG1pUJscUEBqZBiq38pN4q4PQo7fBBfbMk,CtXrXLro,completed,2025-12-17T03:53:04.383074,2025-12-17T04:03:54.757620,10.839575766666666,0.6302355,0.828432,2.19,0.6302355,22.113994980124097,26.693796207925452,0.06833651566850141,5.2906169801240965,31.448006340487012,True,trailing_stop,0,0,0,0,0,46546.76,0,0,0,False,False,False,False,0.351,0.3,0.2,1.0,0.3,0.9,0.5,0,0,up,0.27999999999999997,15.125000000000002,,,32360.43682326224,3,6,0.0,0.0,jupiter,True,10.0,62.17205479452056,False,"200,100",2,1.0,True,
b35c70a3-9698-4e40-aea3-93ef943f3a49,6aJbsF9YS8tqfSyq7W8UZ22YtuzkBXTup2FQwJsumvZ9,6aJbsF9Y,completed,2025-12-17T04:06:54.104649,2025-12-17T04:08:30.654202,1.6091592166666666,0.1309515,0.128997,0.1309515,0.1309515,25.49581970149254,197.64660962264657,0.0786957664201627,-0.3863002985074623,-1.4925373134328341,False,low_liquidity,0,0,0,0,0,2418.47,0,0,0,False,False,False,False,0.351,0.3,0.2,1.0,0.3,0.9,0.5,0,0,up,0.27999999999999997,15.125000000000002,,,32397.95590193304,3,7,0.0,0.0,jupiter,True,10.0,1.4925373134328341,False,,0,1.0,True,
73ddb8c5-048d-4d26-b73d-6c49e093f051,A1ySpXy1VsAapr7Ua9nBe3kxMTYZ2GptKbBCStxiAaAh,A1ySpXy1,completed,2025-12-17T03:42:32.124329,2025-12-17T04:16:47.713540,34.25982018333333,0.39617099999999994,2.2176,2.24,0.39617099999999994,57.950924537131705,26.132271165733993,0.1788497167132004,47.5980765371317,459.7582861945979,True,low_liquidity,0,0,0,0,0,56141.72,0,0,0,False,False,False,False,0.351,0.3,0.2,1.0,0.3,0.9,0.5,0,0,up,0.27999999999999997,15.125000000000002,,,32402.021989255132,2,8,0.0,0.0,jupiter,True,10.0,1.0000000000000087,False,"200,100,400,300",4,1.0,True,
682391e8-a59a-4595-8f4c-a575c1c4ee64,9EUhyYFFnRCMCJHFsWxUWMm8ELAMB6zpfEqqe9gTh8BH,9EUhyYFF,completed,2025-12-17T03:48:06.992854,2025-12-17T04:21:15.193596,33.13667903333333,0.4154669999999999,1.1483999999999999,2.089,0.4154669999999999,28.616498165197243,24.91858077777538,0.08827883412187315,18.26365016519724,176.4118449840782,True,trailing_stop,0,0,0,0,0,54913.08,0,0,0,False,False,False,False,0.351,0.3,0.2,1.0,0.3,0.9,0.5,0,0,up,0.27999999999999997,15.125000000000002,,,32416.035451590582,1,9,0.0,0.0,jupiter,True,10.0,45.026328386787945,False,"200,100,400,300",4,1.0,True,
e749c97e-3baa-4c7a-8e7f-6f4406cf02d9,A6o1dMFvENjLP4Wrb7uWFEUQoY2XeVH2KEGjtoRDK3Uy,A6o1dMFv,completed,2025-12-17T03:59:27.390552,2025-12-17T04:27:31.881820,28.074854466666668,0.428934,0.889119,2.06,0.428934,26.824971501769507,30.17028260758066,0.08282727976014707,13.883911501769505,107.28573626711801,True,trailing_stop,0,0,0,0,0,48170.09,0,0,0,False,False,False,False,0.351,0.3,0.2,1.0,0.3,0.9,0.5,0,0,up,0.27999999999999997,15.125000000000002,,,32386.638290488117,0,10,0.0,0.0,jupiter,True,10.0,56.83888349514563,False,"200,100,300",3,1.0,True,
6f44a637-87b4-4ee1-9bb2-95a2425bdc03,8pEqo45i15AwmwVrCVpBeSkAHKhCXQv5H8nvEyEXcDst,8pEqo45i,completed,2025-12-17T04:29:03.664516,2025-12-17T04:35:38.265579,6.576684383333333,0.699078,0.535788,1.71,0.699078,16.861108365555776,31.46973871299054,0.05196167804342093,-5.138693634444223,-23.35790855955987,False,stop_loss,0,0,0,0,0,37336.05,0,0,0,False,False,False,False,0.351,0.3,0.2,1.0,0.3,0.9,0.5,0,0,up,0.27999999999999997,15.125000000000002,,,32449.122123165584,1,11,0.0,0.0,jupiter,True,10.0,68.66736842105261,False,100,1,1.0,True,
440146ae-640b-4c0f-a1b6-1cfadc37b48b,ATt9hjJkhbDXDPksE9YMKbWoDcLk9NH2SRzJbZMFiH2T,ATt9hjJk,completed,2025-12-17T04:28:24.623126,2025-12-17T04:41:38.442540,13.230323566666668,0.3673275,0.680724,1.53,0.3673275,23.982114400473687,35.23030538143754,0.0739039546066359,11.04105440047369,85.3180064111726,True,trailing_stop,0,0,0,0,0,42049.59,0,0,0,False,False,False,False,0.351,0.3,0.2,1.0,0.3,0.9,0.5,0,0,up,0.27999999999999997,15.125000000000002,,,32450.380399968897,3,12,0.0,0.0,jupiter,True,10.0,55.50823529411765,False,"200,100,300",3,1.0,True,
324c7aaa-3b4e-4a29-a52a-f5352d2e8e6c,5UNDoBVCpnrmvTqUnKXs8MtnUw6eQenujNQZpf2mBMaf,5UNDoBVC,completed,2025-12-17T04:39:29.135152,2025-12-17T04:44:00.510528,4.522922933333334,0.5494334999999999,0.377685,1.037,0.5494334999999999,17.7915771284423,47.10692012773157,0.05481576311139417,-8.090542871557702,-31.25919697288206,False,stop_loss,0,0,0,0,0,31333.13,0,0,0,False,False,False,False,0.351,0.3,0.2,1.0,0.3,0.9,0.5,0,0,up,0.27999999999999997,15.125000000000002,,,32457.04541645629,2,13,0.0,0.0,jupiter,True,10.0,63.57907425265187,False,,0,1.0,True,
b77db54a-aeba-4283-be69-56b0e500767c,6H4cHuTEi7AtzeihWi84HpzXAve7DZrwKVJyDPgbr3kh,6H4cHuTE,completed,2025-12-17T04:38:55.102576,2025-12-17T04:56:21.803154,17.44500963333333,0.19074899999999997,0.109098,0.9683,0.19074899999999997,5.9212630792507435,54.27471703652444,0.018225279283839255,-4.4315849207492555,-42.80546687007533,False,stop_loss,0,0,0,0,0,30890.02,0,0,0,False,False,False,False,0.351,0.3,0.2,1.0,0.3,0.9,0.5,0,0,up,0.27999999999999997,15.125000000000002,,,32489.28582675413,1,14,0.0,0.0,jupiter,True,10.0,88.73303728183414,False,"200,100,400,300",4,1.0,True,
874df10e-3cf0-42ed-ac08-541197a3a141,AfX3BAaSRB2cvbo4pUTQqQViiAttpWbQEfcwT2om2SgG,AfX3BAaS,completed,2025-12-17T05:25:21.626775,2025-12-17T05:33:44.186239,8.375991066666666,0.420492,0.42154200000000003,1.061,0.420492,22.054737152392917,52.319192755153495,0.06766068391604672,0.054935152392913834,0.24970748551697797,True,trailing_stop,0,0,0,0,0,32988.38,0,0,0,False,False,False,False,0.351,0.3,0.2,1.0,0.3,0.9,0.5,0,0,up,0.27999999999999997,15.125000000000002,,,32596.089598737137,4,15,0.0,0.0,jupiter,True,10.0,60.26936852026389,False,100,1,1.0,True,
69fc90f2-e70f-49c2-9e9c-2cd1f3c20100,6buhjXWXg2Ts3y84CtihJP4qKKQEvoyHXqRZbNt4fM7C,6buhjXWX,completed,2025-12-17T05:27:32.237419,2025-12-17T05:33:44.328841,6.2015237,0.38380949999999997,0.399168,0.7077,0.38380949999999997,26.917817501025905,67.43480815352409,0.08259307839522746,1.0356975010259033,4.001594541041859,True,trailing_stop,0,0,0,0,0,32102.58,0,0,0,False,False,False,False,0.351,0.3,0.2,1.0,0.3,0.9,0.5,0,0,up,0.27999999999999997,15.125000000000002,,,32590.887788705204,3,16,0.0,0.0,jupiter,True,10.0,43.59643916913946,False,,0,1.0,True,
8166bf3b-abbf-4d97-9d1e-cb89cb46659c,61pjS4pTEZQ3aw2kSAbz5NsS2ReLxm1iPA5VnGhwpbeY,61pjS4pT,completed,2025-12-17T04:41:32.667982,2025-12-17T05:42:06.220643,60.55921101666667,0.27315899999999993,0.26037,1.027,0.27315899999999993,16.035726188263983,61.58822517288468,0.04914034839903662,-0.7876518117360184,-4.681888570393046,False,trailing_stop,0,0,0,0,0,38815.47,0,0,0,False,False,False,False,0.351,0.3,0.2,1.0,0.3,0.9,0.5,0,0,up,0.27999999999999997,15.125000000000002,,,32632.50406376516,3,17,0.0,0.0,jupiter,True,10.0,74.6475170399221,False,"200,100",2,1.0,True,
6cd2aa87-6756-4c6f-9b0e-ce5731994e99,9E5F7dntXSQfdFvuYybC5kUCw8hgH65c3rbcfaGqUt5F,9E5F7dnt,completed,2025-12-17T05:31:31.096428,2025-12-17T05:44:18.597133,12.791678416666667,0.164016,0.0683595,0.5652,0.164016,7.019843915290278,102.69010035606284,0.021528412327447143,-9.822975584709724,-58.321444249341525,False,stop_loss,0,0,0,0,0,21631.95,0,0,0,False,False,False,False,0.35025,0.3,0.2,1.0,0.3,0.9,0.5,0,0,up,0.295,15.125000000000002,,,32607.346089987754,2,18,0.0,0.0,jupiter,True,10.0,87.90525477707007,False,"200,100",2,1.0,True,
d990da24-e365-4064-a841-d4630de2c18c,6bGC8AwSHpF8QqiCuP84PQdv7hb7EYaF2CnvnQGP6oTW,6bGC8AwS,completed,2025-12-17T05:12:57.543439,2025-12-17T05:50:26.567539,37.483735,0.5108415,2.06811,2.089,0.5108415,52.39107550306701,25.332828284311283,0.16099722718710913,39.45001550306701,304.8437724812882,True,low_liquidity,0,0,0,0,0,52346.39,0,0,0,False,False,False,False,0.351,0.3,0.2,1.0,0.3,0.9,0.5,0,0,up,0.27999999999999997,15.125000000000002,,,32541.60113091805,1,19,0.0,0.0,jupiter,True,10.0,1.0000000000000036,False,"200,100,300",3,1.0,True,
628d195b-2b43-4c44-af09-9fd683806be2,8LzwNJkfjdTa1cWEsYkiNXyc2L7FkSUvy9j7uVX6UKa6,8LzwNJkf,completed,2025-12-17T05:37:24.327173,2025-12-17T05:50:26.717308,13.039835583333334,0.39034199999999997,0.5265810000000001,1.45,0.39034199999999997,22.695152483253153,43.099072095751936,0.06967921112982696,5.871774483253152,34.902470141568195,True,trailing_stop,0,0,0,0,0,36872.56,0,0,0,False,False,False,False,0.351,0.3,0.2,1.0,0.3,0.9,0.5,0,0,up,0.27999999999999997,15.125000000000002,,,32570.90904913853,0,20,0.0,0.0,jupiter,True,10.0,63.68406896551724,False,"200,100",2,1.0,True,
d6518c06-b1cd-48d8-b12e-e1be886606f1,DytUsp6PSuHA7vJ3VNKwe5BHNaeaznLWMyzxgDyhtdVz,DytUsp6P,completed,2025-12-17T06:03:51.212065,2025-12-17T06:21:54.672510,18.057674083333332,0.36059399999999997,0.489852,0.4948,0.36059399999999997,35.15978703539161,71.77634680554863,0.10769411857612611,9.277667035391607,35.845854340338455,True,low_liquidity,0,0,0,0,0,35525.76,0,0,0,False,False,False,False,0.351,0.3,0.2,1.0,0.3,0.9,0.5,0,0,up,0.27999999999999997,15.125000000000002,,,32647.824691130267,1,21,0.0,0.0,jupiter,True,10.0,1.0000000000000016,False,,0,1.0,True,
9627b210-ac1a-489f-b982-8f4918b7ff73,EZB4GsF2Mf1eJg9w3UXvp92qi8MxYNXQm5mU7225KtR8,EZB4GsF2,completed,2025-12-17T06:02:23.366807,2025-12-17T06:30:04.090289,27.6787247,0.35516699999999995,1.3464,1.93,0.35516699999999995,39.24653626941693,29.1492396534588,0.12026628536142378,28.893688269416927,279.0892734966932,True,trailing_stop,0,0,0,0,0,58961.33,0,0,0,False,False,False,False,0.351,0.3,0.2,1.0,0.3,0.9,0.5,0,0,up,0.27999999999999997,15.125000000000002,,,32633.032733549047,0,22,0.0,0.0,jupiter,True,10.0,30.238341968911914,False,"200,100,400,300",4,1.0,True,
372f4a64-9010-419a-a860-4eab34e03214,CYmqdEjiWanjFxeHPjQaRutHpqYi3Ai4SmCxeBQeTa5Q,CYmqdEji,completed,2025-12-17T06:41:50.406992,2025-12-17T06:44:29.941707,2.658911916666667,0.39597,0.322938,0.4477,0.39597,21.108467986362605,65.36384069500215,0.06465826885190067,-4.773652013637396,-18.443821501628907,False,stop_loss,0,0,0,0,0,28825.04,0,0,0,False,False,False,False,0.351,0.3,0.2,1.0,0.3,0.9,0.5,0,0,up,0.27999999999999997,15.125000000000002,,,32646.20034092068,0,23,0.0,0.0,jupiter,True,10.0,27.867321867321866,False,,0,1.0,True,
a81bd3d6-4d66-4ce7-b9ef-d7aed24cd806,CdpSJLuPGjouFBUm1PZmv74o8VGoqXYu5eHg6mMeVd2B,CdpSJLuP,completed,2025-12-17T06:45:56.539992,2025-12-17T06:53:05.485791,7.149096650000001,0.22672799999999996,0.376002,0.4668,0.22672799999999996,36.4841111446491,97.03169436505418,0.11167269958181816,14.484309144649101,65.83836138456655,True,trailing_stop,0,0,0,0,0,45197.69,0,0,0,False,False,False,False,0.351,0.3,0.2,1.0,0.3,0.9,0.5,0,0,up,0.27999999999999997,15.125000000000002,,,32670.57327464233,1,24,0.0,0.0,jupiter,True,10.0,19.451156812339327,False,100,1,1.0,True,
fb1dd9bb-5f15-4ece-bbdb-0b695764aeae,9hF3KWxZ5h6pfSihdceXNV6yicB7jnmNSZJ16scuCuXe,9hF3KWxZ,completed,2025-12-17T06:46:08.855433,2025-12-17T07:03:24.163579,17.25513576666667,0.15446849999999998,0.07383419999999999,0.4948,0.15446849999999998,8.041384851459034,108.91138322700098,0.024603616004927754,-8.781993148540964,-52.20112838539897,False,stop_loss,0,0,0,0,0,25280.23,0,0,0,False,False,False,False,0.351,0.3,0.2,1.0,0.3,0.9,0.5,0,0,up,0.27999999999999997,15.125000000000002,,,32683.752054366556,0,25,0.0,0.0,jupiter,True,10.0,85.07797089733226,False,"200,100",2,1.0,True,
ce729bee-6895-4549-b2c4-9935cd45070e,ETVikGSCsWMwqLqwrkehYH4zft3hderQL8BSvP8hBXqW,ETVikGSC,completed,2025-12-17T07:15:19.922604,2025-12-17T07:32:03.312697,16.723168216666668,0.46461149999999996,0.6802290000000001,1.62,0.46461149999999996,24.659256746045898,36.25140466820129,0.07523873030519566,7.816437246045896,46.40812808120336,True,trailing_stop,0,0,0,0,0,41922.38,0,0,0,False,False,False,False,0.35025,0.3,0.2,1.0,0.3,0.9,0.5,0,0,up,0.295,15.125000000000002,,,32774.684854487816,2,26,0.0,0.0,jupiter,True,10.0,58.010555555555555,False,"200,100",2,1.0,True,
539fca02-feb5-4e3a-8a06-66ddd599bfcc,28RdLRzBWtcsEhYeVB2BziQQJnstrRajcWo3vAr5rrke,28RdLRzB,completed,2025-12-17T07:25:12.374651,2025-12-17T07:32:03.428758,6.850901783333333,0.18934199999999998,0.227799,0.3835,0.18934199999999998,26.468152315904558,116.19081873012857,0.08076321597155259,4.468350315904557,20.31086605190609,True,trailing_stop,0,0,0,0,0,44360.46,0,0,0,False,False,False,False,0.351,0.3,0.2,1.0,0.3,0.9,0.5,0,0,up,0.27999999999999997,15.125000000000002,,,32772.53387882362,1,27,0.0,0.0,jupiter,True,10.0,40.6,False,100,1,1.0,True,
42f54643-4034-4f3f-9349-a53b67525987,ACi3VAUsgdnGAMtNQsdvpvgAQ2xEADXZFAeb9XZrJkAp,ACi3VAUs,completed,2025-12-17T07:21:11.555370,2025-12-17T07:46:45.905149,25.572496316666665,0.42611999999999994,0.924561,2.21,0.42611999999999994,22.46277926341875,24.29561625833098,0.06857942502220678,12.109931263418753,116.97197972402142,True,trailing_stop,0,0,0,0,0,48831.03,0,0,0,False,False,False,False,0.351,0.3,0.2,1.0,0.3,0.9,0.5,0,0,up,0.27999999999999997,15.125000000000002,,,32754.40010782396,0,28,0.0,0.0,jupiter,True,10.0,58.16466063348417,False,"200,100,400,300",4,1.0,True,
d71406de-60f6-49dc-b081-0cf48304dd7c,CNLp6gtCgZ3gJjx9W7Njs1Gd39LMX4fhHitg6Ki7HX9n,CNLp6gtC,completed,2025-12-17T07:58:19.528215,2025-12-17T08:03:28.593062,5.151080783333333,0.40149749999999995,0.932778,0.9422,0.40149749999999995,51.11098153775803,54.79436858261883,0.1560166866645909,29.111179537758026,132.32473427605404,True,low_liquidity,0,0,0,0,0,2818.08,0,0,0,False,False,False,False,0.351,0.3,0.2,1.0,0.3,0.9,0.5,0,0,up,0.27999999999999997,15.125000000000002,,,32759.945509955523,0,29,0.0,0.0,jupiter,True,10.0,1.0000000000000044,False,100,1,1.0,True,
f4671cb9-89ae-4915-9f22-65b94ab73164,DY6Yu9ShGErEPgMosrJMomG7V3DgTiHDPn5StKXUq1P6,DY6Yu9Sh,completed,2025-12-17T08:04:40.106263,2025-12-17T08:13:45.157266,9.084183383333334,0.606618,0.467577,1.089,0.606618,19.94976084329842,42.666257842662105,0.06085037783741863,-5.9323591567015805,-22.920684846146994,False,stop_loss,0,0,0,0,0,34767.07,0,0,0,False,False,False,False,0.351,0.3,0.2,1.0,0.3,0.9,0.5,0,0,up,0.27999999999999997,15.125000000000002,,,32784.941609731046,0,30,0.0,0.0,jupiter,True,10.0,57.06363636363636,False,,0,1.0,True,
3a77363a-53b3-4b4e-9831-089cd92dccd8,3ZoaQwZAVK4AHqbCRVU7aFLjvpYDxUZE8nu3ozSa8sAZ,3ZoaQwZA,completed,2025-12-17T08:14:41.291387,2025-12-17T08:18:04.109992,3.3803100833333333,0.11537399999999999,0.0310662,0.11537399999999999,0.11537399999999999,6.969153503770348,224.332345242429,0.021261115190542895,-18.912966496229654,-73.07348276041395,False,stop_loss,0,0,0,0,0,16408.03,0,0,0,False,False,False,False,0.351,0.3,0.2,1.0,0.3,0.9,0.5,0,0,up,0.27999999999999997,15.125000000000002,,,32778.87091675361,0,31,0.0,0.0,jupiter,True,10.0,73.07348276041395,False,,0,1.0,True,
9708f4a4-4450-4fc7-b4c1-4ca34aafdf5b,3Bz66DZmgxH9PxDCSdivAir2a6Qojp2k177DiVoTwGRk,3Bz66DZm,completed,2025-12-17T08:21:31.849823,2025-12-17T08:34:49.697141,13.2974553,0.44672249999999997,0.330957,1.84,0.44672249999999997,9.58746065940265,28.968901275400277,0.02922830580121425,-3.35359934059735,-25.914409952487276,False,stop_loss,0,0,0,0,0,29275.91,0,0,0,False,False,False,False,0.351,0.3,0.2,1.0,0.3,0.9,0.5,0,0,up,0.27999999999999997,15.125000000000002,,,32801.971912461486,0,32,0.0,0.0,jupiter,True,10.0,82.01320652173914,False,"200,100,300",3,1.0,True,
987f0568-91ac-41e0-af46-7aa7ee06b978,G1P5BB19fYaB8WtAMrf4ZFAVAT2RVxjd1J21H1mqsXKh,G1P5BB19,completed,2025-12-17T08:46:52.417665,2025-12-17T08:53:03.364915,6.182454166666667,0.3755684999999999,0.6183540000000001,0.6246,0.3755684999999999,42.61356431777426,68.91451226607131,0.12981579402221236,16.73144431777427,64.64479848549604,True,low_liquidity,0,0,0,0,0,904.37,0,0,0,False,False,False,False,0.351,0.3,0.2,1.0,0.3,0.9,0.5,0,0,up,0.27999999999999997,15.125000000000002,,,32826.17853917128,1,33,0.0,0.0,jupiter,True,10.0,0.9999999999999957,False,,0,1.0,True,
19419f07-12d1-44bb-aa8a-b1db742af690,5AAQo4c66ngu4TdX18p5HjsDHhip96ffDo7zbyaNPToT,5AAQo4c6,completed,2025-12-17T08:55:15.563681,2025-12-17T08:58:03.292126,2.795474083333333,0.11456999999999999,0.177705,0.1795,0.11456999999999999,40.144733652788695,225.9066073143057,0.12217163008677047,14.262613652788692,55.10604870384918,True,low_liquidity,0,0,0,0,0,2661.08,0,0,0,False,False,False,False,0.351,0.3,0.2,1.0,0.3,0.9,0.5,0,0,up,0.27999999999999997,15.125000000000002,,,32859.29280331001,1,34,0.0,0.0,jupiter,True,10.0,0.999999999999995,False,,0,1.0,True,
e62298e8-d67b-4cd8-9d38-7f8d8a49e87e,BLnmvxaR5zGVYxcfob2RN9xKQjR42jK3QXUfzqT7mzFP,BLnmvxaR,completed,2025-12-17T09:05:04.568081,2025-12-17T09:05:44.983165,0.6735847333333334,0.182307,0.0504702,0.182307,0.182307,7.165252967927726,141.96997372563862,0.02178953874492629,-18.716867032072276,-72.31581892083135,False,stop_loss,0,0,0,0,0,20864.62,0,0,0,False,False,False,False,0.351,0.3,0.2,1.0,0.3,0.9,0.5,0,0,up,0.27999999999999997,15.125000000000002,,,32883.91301810443,2,35,0.0,0.0,jupiter,True,10.0,72.31581892083135,False,,0,1.0,True,
a3e47fc9-0946-4eb8-a97a-c79d37c01c55,CUqyJmUUu6VPqoq487LZs1mi6jeWrgZyTdBJHbYgs5ge,CUqyJmUU,completed,2025-12-17T09:03:39.762087,2025-12-17T09:16:18.715668,12.64922635,0.40702499999999997,0.400158,1.063,0.40702499999999997,21.628638950226648,54.05024752779314,0.06577993151720464,-0.3711630497733531,-1.6871199557766619,False,low_liquidity,0,0,0,0,0,32158.73,0,0,0,False,False,False,False,0.351,0.3,0.2,1.0,0.3,0.9,0.5,0,0,up,0.27999999999999997,15.125000000000002,,,32880.30019394245,3,36,0.0,0.0,jupiter,True,10.0,62.3557855126999,False,100,1,1.0,True,
c8da37ba-ab3a-48dc-a6c8-3b99a19c2070,BbJoDuNtukmnNZ7oyuWzCuRm1sY2d1B65tPQfv237nCM,BbJoDuNt,completed,2025-12-17T09:15:47.228469,2025-12-17T09:16:18.853525,0.5270842666666666,0.5931509999999999,0.374418,0.5931509999999999,0.5931509999999999,16.356594608354367,43.685385340326505,0.04973825380188173,-9.555435391645632,-36.87644461528345,False,stop_loss,0,0,0,0,0,31108.91,0,0,0,False,False,False,False,0.35025,0.3,0.2,1.0,0.3,0.9,0.5,0,0,up,0.295,15.125000000000002,,,32885.34147882681,2,37,0.0,0.0,jupiter,True,10.0,36.87644461528345,False,,0,1.0,True,
7e292b86-d93a-4310-a878-c2e36a0752b0,FeWpwf4N4BDpaxb4Meaow3PGPpwAucMJDBqkjrNngrhF,FeWpwf4N,completed,2025-12-17T08:44:49.275604,2025-12-17T09:19:54.275729,35.083335416666664,0.6071205,2.1978,2.23,0.6071205,60.901287583601615,27.710113560652296,0.18532730356662713,44.07790958360162,262.00391849723405,True,low_liquidity,0,0,0,0,0,55781.89,0,0,0,False,False,False,False,0.351,0.3,0.2,1.0,0.3,0.9,0.5,0,0,up,0.27999999999999997,15.125000000000002,,,32861.47610824487,1,38,0.0,0.0,jupiter,True,10.0,1.4439461883408076,False,"200,100",2,1.0,True,
ec509f0a-2088-4931-b315-8ecb2c25e5f6,6TvZMn9MTX3CqyFRoYiexurEy1RfcKGUoMCpRybAfbjt,6TvZMn9M,completed,2025-12-17T09:24:04.476961,2025-12-17T09:36:45.218081,12.679018666666668,0.5246099999999999,0.596376,1.69,0.5246099999999999,19.146896403293884,32.105410686033444,0.05809542793164244,2.3040769032938795,13.679876479670636,True,trailing_stop,0,0,0,0,0,39118.71,0,0,0,False,False,False,False,0.35025,0.3,0.2,1.0,0.3,0.9,0.5,0,0,up,0.295,15.125000000000002,,,32957.66480250897,1,39,0.0,0.0,jupiter,True,10.0,64.71147928994083,False,"200,100",2,1.0,True,
0b92cc27-c80a-4a45-89cd-2c1fadebc29d,2xHcWk6LFyKNP5xPXFrmFKqsqq7QvBq5wiBfB2SSTv9q,2xHcWk6L,completed,2025-12-17T09:07:45.640849,2025-12-17T09:53:57.058006,46.190285949999996,0.41184899999999997,1.5048,2.17,0.41184899999999997,37.87060086973624,25.166534336613665,0.1149914544374949,27.505788869736243,265.3766307554468,True,trailing_stop,0,0,0,0,0,62161.66,0,0,0,False,False,False,False,0.35025,0.3,0.2,1.0,0.3,0.9,0.5,0,0,up,0.295,15.125000000000002,,,32933.404534265894,1,40,0.0,0.0,jupiter,True,10.0,30.654377880184335,False,"200,100,400,300",4,1.0,True,
5fbdaf6e-7ef0-4ec2-9335-5aa0c0b1fd30,DxXG1CV8wJzSZEkiozwi6Pjq9SWSwJyvZovCLUpgdZsF,DxXG1CV8,completed,2025-12-17T10:27:55.817560,2025-12-17T10:28:51.237825,0.9236710833333334,0.13547399999999998,0.0354915,0.13547399999999998,0.13547399999999998,6.780601901324241,191.04861449429413,0.020490982495286594,-19.101518098675758,-73.8019841445591,False,stop_loss,0,0,0,0,0,17386.6,0,0,0,False,False,False,False,0.351,0.3,0.2,1.0,0.3,0.9,0.5,0,0,up,0.27999999999999997,15.125000000000002,,,33090.66269947738,2,41,0.0,0.0,jupiter,True,10.0,73.8019841445591,False,,0,1.0,True,
f3fc86d8-bb7b-44c9-9773-b46752a0be90,CHPYJPsF4h4r4HtynqjYekLwUMPr7WeUunvqMiK55rKE,CHPYJPsF,completed,2025-12-17T09:48:31.918526,2025-12-17T10:37:35.848455,49.06549881666667,0.2443155,0.279774,1.18,0.2443155,14.819248555412985,52.96864095810541,0.04479812148207916,1.8781885554129825,14.513405821570894,True,trailing_stop,0,0,0,0,0,39813.33,0,0,0,False,False,False,False,0.351,0.3,0.2,1.0,0.3,0.9,0.5,0,0,up,0.27999999999999997,15.125000000000002,,,33080.06689820959,2,42,0.0,0.0,jupiter,True,10.0,76.29033898305086,False,"200,100,300",3,1.0,True,
5ab5433d-b171-497a-818e-539973bfc594,ApVyfByd2bxGEC8Jrrrz6V63NE19YJ7tyhwtLkytDLie,ApVyfByd,completed,2025-12-17T10:09:23.041890,2025-12-17T10:39:57.701716,30.577663766666667,0.3606945,1.8908999999999998,1.91,0.3606945,54.27363123973335,28.70253912937403,0.16419156058253878,43.92078323973335,424.23865625896707,True,low_liquidity,0,0,0,0,0,48025.81,0,0,0,False,False,False,False,0.351,0.3,0.2,1.0,0.3,0.9,0.5,0,0,up,0.27999999999999997,15.125000000000002,,,33055.06753646458,1,43,0.0,0.0,jupiter,True,10.0,1.000000000000006,False,"200,100,400,300",4,1.0,True,
067b4d34-d785-48fb-9618-06c556e23fcc,A6tHmJ6BFYHFd13GCAerd4Rm8G7AT6Mo1L9k48DRgysF,A6tHmJ6B,completed,2025-12-17T10:31:00.731096,2025-12-17T10:47:55.332552,16.910024266666667,0.46782749999999995,0.5384610000000001,2.075,0.46782749999999995,14.894926246661434,27.662033548690495,0.04503776413250498,1.9538662466614336,15.09819324430482,True,trailing_stop,0,0,0,0,0,37141.93,0,0,0,False,False,False,False,0.351,0.3,0.2,1.0,0.3,0.9,0.5,0,0,up,0.27999999999999997,15.125000000000002,,,33072.0819151663,0,44,0.0,0.0,jupiter,True,10.0,74.05007228915662,False,"200,100,300",3,1.0,True,
679d9df9-30a2-4135-9ea6-e08d05898617,63LczbWQNagHKStusbdfMr1oXLgBMUVmmKo98JUkDo5Y,63LczbWQ,completed,2025-12-17T11:22:34.155224,2025-12-17T11:23:16.259146,0.7017320333333333,0.11165549999999999,0.11068199999999999,0.1118,0.11165549999999999,25.65645942958475,231.80335944042167,0.0776034644665113,-0.225660570415251,-0.8718782325993814,False,low_liquidity,0,0,0,0,0,0.0,0,0,0,False,False,False,False,0.351,0.3,0.2,1.0,0.3,0.9,0.5,0,0,up,0.27999999999999997,15.125000000000002,,,33060.97170527282,0,45,0.0,0.0,jupiter,True,10.0,1.000000000000007,False,,0,1.0,True,
0cb7d5c3-34ed-4733-93ba-aece3160b81f,GZYx92yH6kTL99v85aZajJMECu2zGaStjC2qZkRyzDUe,GZYx92yH,completed,2025-12-17T11:26:22.707894,2025-12-17T11:27:42.861045,1.33588585,0.13266,0.09576269999999999,0.13266,0.13266,18.683413937313432,195.1011608623549,0.05651264451472933,-7.198706062686569,-27.8134328358209,False,stop_loss,0,0,0,0,0,28582.78,0,0,0,False,False,False,False,0.351,0.3,0.2,1.0,0.3,0.9,0.5,0,0,up,0.27999999999999997,15.125000000000002,,,33060.59041785565,0,46,0.0,0.0,jupiter,True,10.0,27.8134328358209,False,,0,1.0,True,
a8031642-3172-4a4a-a470-4cc1df7f54fe,DhwUd3uurFMqg2bJ2ZVqUF7vZHe2vwG2BrV6prQuskdp,DhwUd3uu,completed,2025-12-17T11:33:22.624331,2025-12-17T11:40:05.061499,6.707286133333333,0.11065049999999998,0.0317493,0.2145,0.11065049999999998,7.435021207125139,234.17905929028794,0.022430116768404392,-18.477008792874862,-71.30668184960753,False,stop_loss,0,0,0,0,0,16855.52,0,0,0,False,False,False,False,0.35025,0.3,0.2,1.0,0.3,0.9,0.5,0,0,up,0.295,15.125000000000002,,,33147.49220386713,2,47,0.0,0.0,jupiter,True,10.0,85.19846153846153,False,,0,1.0,True,
14a04ad0-74ea-46e1-bd4f-ebe2c0ae9cb3,GZYx92yH6kTL99v85aZajJMECu2zGaStjC2qZkRyzDUe,GZYx92yH,completed,2025-12-17T11:29:10.162476,2025-12-17T11:44:04.054013,14.898192283333334,0.1204995,0.107613,0.6491,0.1204995,9.256374621936192,86.01539425474796,0.02792643192538334,-1.1084373780638093,-10.694235245789399,False,stop_loss,0,0,0,0,0,30433.78,0,0,0,False,False,False,False,0.35025,0.3,0.2,1.0,0.3,0.9,0.5,0,0,up,0.295,15.125000000000002,,,33145.56849463729,1,48,0.0,0.0,jupiter,True,10.0,83.4211985826529,False,"200,100,400,300",4,1.0,True,
b58ed1ea-098f-4433-b389-d98937a3ea65,5aE9fBNBTfcixoRGqPa6GbuYnHYsmr13NyHNtKrrdgjk,5aE9fBNB,completed,2025-12-17T11:37:30.232110,2025-12-17T11:56:26.195551,18.93272401666667,0.39315599999999995,0.39283199999999996,2.024,0.39315599999999995,10.34431621426609,26.332672018231946,0.031177189576248446,-0.008531785733906913,-0.08241003571101319,False,low_liquidity,0,0,0,0,0,32453.07,0,0,0,False,False,False,False,0.351,0.3,0.2,1.0,0.3,0.9,0.5,0,0,up,0.27999999999999997,15.125000000000002,,,33179.11702389829,2,49,0.0,0.0,jupiter,True,10.0,80.5913043478261,False,"200,100,400,300",4,1.0,True,
f04df4c2-9088-4a71-b2a6-59425bc2d9a4,6L3sdhFYLyTAe7FULEhpQXa3nx29ymQSULLwzgKTUc5m,6L3sdhFY,completed,2025-12-17T11:47:41.644601,2025-12-17T12:11:03.483007,23.363973433333335,0.37436249999999993,0.982773,1.88,0.37436249999999993,27.17820157602325,27.654607499415683,0.08176160012684162,16.825353576023247,162.5190824401483,True,trailing_stop,0,0,0,0,0,50200.45,0,0,0,False,False,False,False,0.351,0.3,0.2,1.0,0.3,0.9,0.5,0,0,up,0.27999999999999997,15.125000000000002,,,33240.789727525014,1,50,0.0,0.0,jupiter,True,10.0,47.72484042553191,False,"200,100,400,300",4,1.0,True,
058d075a-b309-43d8-b4e1-53181eeef21d,9PKp1oxWHa4QeiuS8UJaG9E3Q9r241KYwudn8JDp965J,9PKp1oxW,completed,2025-12-17T12:18:47.609125,2025-12-17T12:23:56.145975,5.142280833333333,0.2714505,0.267399,0.2714505,0.2714505,25.525283283582095,95.45766170996187,0.07676958773031448,-0.38674671641790914,-1.4925373134328306,False,low_liquidity,0,0,0,0,0,56356.86,0,0,0,False,False,False,False,0.35025,0.3,0.2,1.0,0.3,0.9,0.5,0,0,up,0.295,15.125000000000002,,,33249.21240068451,1,51,0.0,0.0,jupiter,True,10.0,1.4925373134328306,False,,0,1.0,True,
ccbc6c9e-346c-4607-bde6-35415d03b33b,8yEfE3Lg56fZxg8L3FBcVYH3zkNjhz5vAd48FYpuMpCZ,8yEfE3Lg,completed,2025-12-17T11:50:03.117621,2025-12-17T12:38:45.475540,48.70596531666667,0.40159799999999996,2.02257,2.043,0.40159799999999996,52.20035410246067,25.80892335121191,0.1571261809696961,41.83554210246067,403.63049616780967,True,low_liquidity,0,0,0,0,0,51137.18,0,0,0,False,False,False,False,0.35025,0.3,0.2,1.0,0.3,0.9,0.5,0,0,up,0.295,15.125000000000002,,,33221.932704218285,0,52,0.0,0.0,jupiter,True,10.0,1.0000000000000082,False,"200,100,400,300",4,1.0,True,
ca23a622-9b10-4f46-9eab-849129430e6e,HK6Kokadurb67poZAGZ6DQWEDLh8dVE6jbA4A5mDX7uf,HK6Kokad,completed,2025-12-17T12:52:17.352625,2025-12-17T12:57:27.589038,5.170606883333334,0.1946685,0.19176300000000002,0.1946685,0.1946685,25.52528328358209,133.1084895604579,0.07666904625783014,-0.3867467164179075,-1.4925373134328244,False,low_liquidity,0,0,0,0,0,16256.9,0,0,0,False,False,False,False,0.35025,0.3,0.2,1.0,0.3,0.9,0.5,0,0,up,0.295,15.125000000000002,,,33292.81441397247,1,53,0.0,0.0,jupiter,True,10.0,1.4925373134328244,False,,0,1.0,True,
3bc74b89-2999-4ec0-9a6b-8a3c27d119bb,8dTVCfmWvRcqxtcHT6hdoiUaisbiYSU6HUhJqCyuRgmR,8dTVCfmW,completed,2025-12-17T12:51:51.608579,2025-12-17T13:05:01.003208,13.15657715,0.3659204999999999,0.6139979999999999,1.71,0.3659204999999999,21.714511643594722,35.36576934060815,0.0652310244117513,8.77345164359472,67.79546376876947,True,trailing_stop,0,0,0,0,0,39806.45,0,0,0,False,False,False,False,0.351,0.3,0.2,1.0,0.3,0.9,0.5,0,0,up,0.27999999999999997,15.125000000000002,,,33288.62583320533,0,54,0.0,0.0,jupiter,True,10.0,64.09368421052632,False,"200,100,300",3,1.0,True,
25024eac-6266-4045-8463-c11cb17f735a,6Cu3dMGL2gyAaweCaoYLpSC4sQsTE7c4ByetdqLUdM3N,6Cu3dMGL,completed,2025-12-17T13:07:57.973697,2025-12-17T13:13:23.770345,5.429944133333334,0.5425995,0.969111,1.16,0.5425995,39.29279351717426,40.5451940151069,0.11802255318591305,17.292991517174265,78.60521434317576,True,trailing_stop,0,0,0,0,0,62636.71,0,0,0,False,False,False,False,0.351,0.3,0.2,1.0,0.3,0.9,0.5,0,0,up,0.27999999999999997,15.125000000000002,,,33292.61438301453,0,55,0.0,0.0,jupiter,True,10.0,16.455948275862067,False,100,1,1.0,True,
530f57e2-f506-4f5d-ac72-484d60f5ef88,GGNer5a2Lm7JTeKMgjpLBv8jfA87ueWTAmRb9XoQoBae,GGNer5a2,completed,2025-12-17T13:29:05.724171,2025-12-17T13:29:55.008006,0.8213972500000001,0.1355745,0.099792,0.1355745,0.1355745,9.525495277651773,95.45349604829818,0.02856460330602179,-3.4155647223482277,-26.393237666375303,False,stop_loss,0,0,0,0,0,21881.97,0,0,0,False,False,False,False,0.351,0.3,0.2,1.0,0.3,0.9,0.5,0,0,up,0.27999999999999997,15.125000000000002,,,33347.19959385424,1,56,0.0,0.0,jupiter,True,10.0,26.393237666375303,False,,0,1.0,True,
110964bb-6500-4061-84c4-778cdbb8918a,E4XSH3DCGD7nq7XcPvWEUcFEkXM2iN2gb54EbzyfAq8D,E4XSH3DC,completed,2025-12-17T13:25:36.369815,2025-12-17T13:53:15.910204,27.659006483333332,0.6714405,1.4058,1.42,0.6714405,46.061150096844024,32.76508045016647,0.13827818137925138,24.061348096844025,109.37074841329945,True,low_liquidity,0,0,0,0,0,60429.95,0,0,0,False,False,False,False,0.351,0.3,0.2,1.0,0.3,0.9,0.5,0,0,up,0.27999999999999997,15.125000000000002,,,33310.49746055996,0,57,0.0,0.0,jupiter,True,10.0,0.9999999999999993,False,100,1,1.0,True,
179202fd-647b-4beb-b49f-bf5e6dd5eeb7,FUuiYb4FxvicgJjCjq46bhgYUrq5gJwWPrJ59i9dXeBd,FUuiYb4F,completed,2025-12-17T13:58:36.226997,2025-12-17T14:10:02.615985,11.439816466666667,0.414663,0.970596,1.89,0.414663,30.290961749082992,31.20862001191329,0.09074867600914797,17.349901749082992,134.0686292242134,True,trailing_stop,0,0,0,0,0,50073.83,0,0,0,False,False,False,False,0.351,0.3,0.2,1.0,0.3,0.9,0.5,0,0,up,0.27999999999999997,15.125000000000002,,,33378.95722691259,0,58,0.0,0.0,jupiter,True,10.0,48.645714285714284,False,"200,100,300",3,1.0,True,
f9f0413a-a6f7-4dc9-9af6-1f2af8a0bda2,BBbeug4PGavZMz9dV5pwcwzNW1Jybgf1pFWqqi3cLNWc,BBbeug4P,completed,2025-12-17T14:16:59.285659,2025-12-17T14:20:43.401440,3.7352630166666665,0.48119399999999996,0.474012,0.48119399999999996,0.48119399999999996,25.49581970149254,53.787287455787066,0.07624932257314476,-0.3863002985074609,-1.4925373134328288,False,low_liquidity,0,0,0,0,0,8804.6,0,0,0,False,False,False,False,0.351,0.3,0.2,1.0,0.3,0.9,0.5,0,0,up,0.27999999999999997,15.125000000000002,,,33437.437659901574,1,59,0.0,0.0,jupiter,True,10.0,1.4925373134328288,False,,0,1.0,True,
0c6a01ee-95ac-41e8-bf51-05fb04d8222b,9FhXGBibVybHj64UAUGd5TuK1qkJiwNNooUTExmWq9uZ,9FhXGBib,completed,2025-12-17T14:11:12.893381,2025-12-17T14:22:16.965675,11.067871566666668,0.4057185,0.295911,1.28,0.4057185,12.942886015494734,43.73911755728829,0.03874318652941821,-4.802883151171934,-27.064947740859736,False,stop_loss,0,0,0,0,0,45165.7,0,0,0,False,False,False,False,0.3154166666666667,0.2,0.2,1.0,0.3,0.9,0.5,0,0,up,0.2916666666666667,16.25,,,33406.87014907003,0,60,0.0,0.0,jupiter,True,10.0,76.881953125,False,"200,100",2,1.0,True,
72fa7e06-8b01-499b-88c4-731eb8fa71b6,FycbqZU4b2x6o9Yb45Ag5kbi8NC5qzPkN15C5u9GeB5N,FycbqZU4,completed,2025-12-17T14:40:28.411405,2025-12-17T14:46:56.578599,6.469453233333334,0.5273235,0.868428,1.17,0.5273235,36.23059478907351,41.71974509006332,0.10833754374905016,14.230792789073504,64.68600394255141,True,trailing_stop,0,0,0,0,0,47529.12,0,0,0,False,False,False,False,0.351,0.3,0.2,1.0,0.3,0.9,0.5,0,0,up,0.27999999999999997,15.125000000000002,,,33442.32621056738,1,61,0.0,0.0,jupiter,True,10.0,25.77538461538461,False,100,1,1.0,True,
8e079b8d-17fe-44d7-aaf8-58ce5f5df434,CTQXssNXeuzfkfLkF7ozNfFvAGX8Z2atgHGE5ze9FqCM,CTQXssNX,completed,2025-12-17T14:34:21.516702,2025-12-17T14:55:46.628125,21.418523716666666,0.7939499999999999,2.02455,2.045,0.7939499999999999,56.09887164065748,27.709304112349646,0.16785123096898558,34.099069640657476,154.99716606839223,True,low_liquidity,0,0,0,0,0,51128.36,0,0,0,False,False,False,False,0.351,0.3,0.2,1.0,0.3,0.9,0.5,0,0,up,0.27999999999999997,15.125000000000002,,,33421.78148876552,0,62,0.0,0.0,jupiter,True,10.0,0.9999999999999931,False,100,1,1.0,True,
c9551fc0-0748-4df0-8302-aa793c6a77a0,tdvtuQ13TMcHjtkZZc3o9xqNA4pULiLyHs4JZpoG57w,tdvtuQ13,completed,2025-12-17T15:07:16.800822,2025-12-17T15:16:31.545538,9.245745266666667,0.44822999999999996,0.789723,1.27,0.44822999999999996,40.88596601012315,51.77254051119589,0.1221958959952951,17.67996017678982,76.1870022086875,True,trailing_stop,0,0,0,0,0,74117.56,0,0,0,False,False,False,False,0.3154166666666667,0.2,0.2,1.0,0.3,0.9,0.5,0,0,up,0.2916666666666667,16.25,,,33459.36103426696,0,63,0.0,0.0,jupiter,True,10.0,37.817086614173235,False,100,1,1.0,True,
c2c47c85-df7f-4c64-8eeb-96367255e2ed,9PeHmpjRt4rZV6cYpxmBwJzMohN2Sc5VxbmjyTCuMGTA,9PeHmpjR,completed,2025-12-17T15:40:49.047068,2025-12-17T15:43:11.412297,2.3727538166666666,0.3957689999999999,0.202455,0.4506,0.3957689999999999,13.239957158342369,65.3970371605659,0.039552765269861116,-12.642162841657631,-48.84515967647794,False,stop_loss,0,0,0,0,0,22928.78,0,0,0,False,False,False,False,0.351,0.3,0.2,1.0,0.3,0.9,0.5,0,0,up,0.27999999999999997,15.125000000000002,,,33474.16310341039,0,64,0.0,0.0,jupiter,True,10.0,55.06990679094541,False,,0,1.0,True,
e298238a-f05c-48d7-9c31-fc24489f49fe,B3PzG6NWZe496rvjir6JoJ9d5zekfHAwak4oWSvn3iNE,B3PzG6NW,completed,2025-12-17T16:05:20.923280,2025-12-17T16:20:32.541846,15.193642766666667,0.377679,0.468765,1.37,0.377679,22.02557061264328,46.986380409465895,0.06577082255412074,4.27980144597661,24.117305966177625,True,trailing_stop,0,0,0,0,0,57917.4,0,0,0,False,False,False,False,0.3154166666666667,0.2,0.2,1.0,0.3,0.9,0.5,0,0,up,0.2916666666666667,16.25,,,33488.36118708889,0,65,0.0,0.0,jupiter,True,10.0,65.78357664233577,False,"200,100",2,1.0,True,
87894466-166e-4ed7-9c6f-95cc5c3cfc9b,232vau94fJ9PENSDBX5HLW9X8X4pCyrP3tawKxsk4Uci,232vau94,completed,2025-12-17T16:24:40.326800,2025-12-17T16:26:44.980764,2.077566066666667,4.813949999999999,1.4157,6.42,4.813949999999999,8.028809033122489,5.671264415570028,0.02397880780232379,-19.272374300210842,-70.59171782008536,False,stop_loss,0,0,0,0,0,34284.09,0,0,0,False,False,False,False,0.3154166666666667,0.2,0.2,1.0,0.3,0.9,0.5,0,0,up,0.2916666666666667,16.25,,,33482.936680214836,0,66,0.0,0.0,jupiter,True,10.0,77.94859813084112,False,,0,1.0,True,
6d7a40d1-b6e7-4a43-b29e-1436697cb455,HVXuPbRB3D18S3VCnhveNSngXfoJ5BMpKZT6t6Vp8Pxu,HVXuPbRB,completed,2025-12-17T16:41:04.606149,2025-12-17T16:49:42.040975,8.623913766666668,0.45124499999999995,0.308682,2.014,0.45124499999999995,8.852557442010442,28.678567075535472,0.026417585776528685,-4.088502557989562,-31.593258651065376,False,stop_loss,0,0,0,0,0,28343.11,0,0,0,False,False,False,False,0.351,0.3,0.2,1.0,0.3,0.9,0.5,0,0,up,0.27999999999999997,15.125000000000002,,,33510.092545533436,0,67,0.0,0.0,jupiter,True,10.0,84.67318768619661,False,"200,100,300",3,1.0,True,
1d94d048-d5f5-4316-b7b9-30e0aeb6cf9a,CF19SMr9Fii8dMZDZJei3J414jYxUui1hGWP2CRdxsSE,CF19SMr9,completed,2025-12-17T17:18:36.869318,2025-12-17T17:42:30.674388,23.896751166666665,0.4607925,1.782,1.8,0.4607925,65.06021603216199,36.50966107304264,0.19409272720828702,48.23683803216199,286.72504435293547,True,low_liquidity,0,0,0,0,0,45179.85,0,0,0,False,False,False,False,0.351,0.3,0.2,1.0,0.3,0.9,0.5,0,0,up,0.27999999999999997,15.125000000000002,,,33520.17201672056,0,68,0.0,0.0,jupiter,True,10.0,1.0000000000000009,False,"200,100",2,1.0,True,
a452163b-1b57-4b3b-94b8-8c0c04746bcd,5qAfHDVCgedzDq6kLjs4KBX1FJUSGqrJEtUWDtdLdL5F,5qAfHDVC,completed,2025-12-17T18:26:54.768207,2025-12-17T18:27:52.389396,0.96035315,0.327027,0.320463,0.327027,0.327027,25.36262088928437,79.14367926807266,0.07557604263044493,-0.51949911071563,-2.007173719601138,False,low_liquidity,0,0,0,0,0,0.0,0,0,0,False,False,False,False,0.351,0.3,0.2,1.0,0.3,0.9,0.5,0,0,up,0.27999999999999997,15.125000000000002,,,33559.07508058292,0,69,0.0,0.0,jupiter,True,10.0,2.007173719601138,False,,0,1.0,True,
3e162bf2-522d-478c-bda6-356e46bcd563,23PXRHLHfVu1kfgzYmoQ26yYumVWFhwEHhZ24YMkfBqC,23PXRHLH,completed,2025-12-17T18:29:13.411627,2025-12-17T18:38:44.134428,9.512046683333333,0.37637249999999994,0.23789700000000003,1.15,0.37637249999999994,10.633697084845469,44.698743930547536,0.03166449874534667,-6.189680915154532,-36.79214076480081,False,stop_loss,0,0,0,0,0,24398.15,0,0,0,False,False,False,False,0.351,0.3,0.2,1.0,0.3,0.9,0.5,0,0,up,0.27999999999999997,15.125000000000002,,,33582.39513078718,0,70,0.0,0.0,jupiter,True,10.0,79.31330434782609,False,"200,100",2,1.0,True,
803baf0e-1394-44cd-8bf6-c47cbb20fedc,GN2eya7nWk4EH4NHv3FvJb6CF6xdN8aVVjzq319HvX3u,GN2eya7n,completed,2025-12-17T19:12:44.106530,2025-12-17T19:24:15.728031,11.527025016666666,0.38210099999999997,0.161667,1.23,0.38210099999999997,7.117974177314375,44.02861547077867,0.021190114320171066,-9.705403822685623,-57.68998249154019,False,stop_loss,0,0,0,0,0,32860.39,0,0,0,False,False,False,False,0.351,0.3,0.2,1.0,0.3,0.9,0.5,0,0,up,0.27999999999999997,15.125000000000002,,,33591.013572487944,0,71,0.0,0.0,jupiter,True,10.0,86.85634146341464,False,"200,100",2,1.0,True,
0a4fda88-ae66-4b34-89ae-aae751fc5582,A3TBLBbKxxFUbD8ZFtF1xyFbkgMpXrqn6wxZGBCEemmR,A3TBLBbK,completed,2025-12-17T20:09:33.041597,2025-12-17T20:21:01.721835,11.478003966666668,0.4189844999999999,0.680526,1.99,0.4189844999999999,21.019220991611867,30.886727313301574,0.06249707846363348,8.078160991611865,62.422714921435066,True,trailing_stop,0,0,0,0,0,40993.73,0,0,0,False,False,False,False,0.351,0.3,0.2,1.0,0.3,0.9,0.5,0,0,up,0.27999999999999997,15.125000000000002,,,33632.32571558168,1,72,0.0,0.0,jupiter,True,10.0,65.8027135678392,False,"200,100,300",3,1.0,True,
0a93c797-1989-4a04-b50b-88f221fd4f32,Bb6XSQC2dt7eM19rpja72dtmEwMcpwoiPC9qK9jZK517,Bb6XSQC2,completed,2025-12-17T20:07:59.909200,2025-12-17T20:27:18.205271,19.304934516666666,0.5998844999999999,1.01277,1.072,0.5998844999999999,43.696135960172334,43.14517211229829,0.13001264272022223,17.814015960172338,68.82749929361404,True,low_liquidity,0,0,0,0,0,25593.05,0,0,0,False,False,False,False,0.351,0.3,0.2,1.0,0.3,0.9,0.5,0,0,up,0.27999999999999997,15.125000000000002,,,33609.143730893345,0,73,0.0,0.0,jupiter,True,10.0,5.52518656716419,False,,0,1.0,True,
3cf628a3-abee-4f53-b8a7-e3c04b20a2e6,9oogD8TcnsZRmstjdUfSYVVqY5LQWU9oAoUrfes2hYG2,9oogD8Tc,completed,2025-12-17T20:30:42.128951,2025-12-17T20:31:19.635755,0.6251134,0.4933545,0.31412700000000005,0.4933545,0.4933545,16.47957545586389,52.46150587457903,0.04900734297377496,-9.40254454413611,-36.32833996649467,False,stop_loss,0,0,0,0,0,27841.2,0,0,0,False,False,False,False,0.351,0.3,0.2,1.0,0.3,0.9,0.5,0,0,up,0.27999999999999997,15.125000000000002,,,33626.747454320306,0,74,0.0,0.0,jupiter,True,10.0,36.32833996649467,False,,0,1.0,True,
a8b60b0e-b8de-4811-9873-c2354de638cf,9uByTF5aaCRVEMCWwjvMZSwR7dbMf2csLh6tFEqaqA6L,9uByTF5a,completed,2025-12-17T20:34:13.152746,2025-12-17T20:45:51.980292,11.647125766666667,0.31466549999999993,0.307197,1.21,0.31466549999999993,16.424079701988305,53.46432322577468,0.04882150267537134,-0.39929829801169464,-2.3734727830028826,False,trailing_stop,0,0,0,0,0,44889.22,0,0,0,False,False,False,False,0.351,0.3,0.2,1.0,0.3,0.9,0.5,0,0,up,0.27999999999999997,15.125000000000002,,,33641.07780786037,0,75,0.0,0.0,jupiter,True,10.0,74.6118181818182,False,"200,100",2,1.0,True,
e375c0aa-16a6-4fff-879d-174508af8fe8,CMRk4dJAhygk8mdzCXT2iwpb3meuZWf3shop2RChZALo,CMRk4dJA,completed,2025-12-17T21:05:50.090676,2025-12-17T21:17:04.916670,11.2470999,0.37858349999999996,1.4157,1.94,0.37858349999999996,38.71411964229821,27.346273675424317,0.1149235378186128,28.361271642298203,273.9465666094799,True,trailing_stop,0,0,0,0,0,59176.18,0,0,0,False,False,False,False,0.351,0.3,0.2,1.0,0.3,0.9,0.5,0,0,up,0.27999999999999997,15.125000000000002,,,33686.84986308187,0,76,0.0,0.0,jupiter,True,10.0,27.02577319587629,False,"200,100,400,300",4,1.0,True,
38ed3c59-5d72-43c2-baa9-22812a0daf33,HFors8q59rcSaoTfjrtDW59xT3X9pwiZ3MqT7iNrrW14,HFors8q5,completed,2025-12-17T22:16:54.945354,2025-12-17T22:27:52.685823,10.962341149999999,0.45647099999999996,0.167706,1.2,0.45647099999999996,8.525813062133192,50.837853518259294,0.025293889443456844,-14.680192771200142,-63.260316646621575,False,stop_loss,0,0,0,0,0,33255.51,0,0,0,False,False,False,False,0.3154166666666667,0.2,0.2,1.0,0.3,0.9,0.5,0,0,up,0.2916666666666667,16.25,,,33707.00690849542,0,77,0.0,0.0,jupiter,True,10.0,86.0245,False,100,1,1.0,True,
04aca90b-fc11-4f5d-98e6-b8a8a53708cd,FZheDddHarUET6Mt59FjNQXP3zBzreVpgXCTStRCwFi3,FZheDddH,completed,2025-12-17T22:54:26.024139,2025-12-17T22:57:34.247171,3.137050533333333,0.469335,0.509454,0.5146,0.469335,28.09453708434274,55.146366667732,0.08339244567346049,2.212417084342738,8.548052031065222,True,low_liquidity,0,0,0,0,0,35485.95,0,0,0,False,False,False,False,0.351,0.3,0.2,1.0,0.3,0.9,0.5,0,0,up,0.27999999999999997,15.125000000000002,,,33689.5468857604,0,78,0.0,0.0,jupiter,True,10.0,0.9999999999999969,False,,0,1.0,True,
9cc54e5b-727a-47ba-b0f2-4a1a592b4f7e,8tuazTEujNDE3dmZqXwGRU1VHe8rZx1HSF6WSCwoMeHS,8tuazTEu,completed,2025-12-17T23:44:21.711732,2025-12-17T23:47:16.518865,2.9134522166666668,0.45797849999999996,0.0907929,0.5462,0.45797849999999996,5.1310546956854965,56.51383198119563,0.015229479339127421,-20.7510653043145,-80.17529207157104,False,stop_loss,0,0,0,0,0,15015.48,0,0,0,False,False,False,False,0.351,0.3,0.2,1.0,0.3,0.9,0.5,0,0,up,0.27999999999999997,15.125000000000002,,,33691.59628788388,0,79,0.0,0.0,jupiter,True,10.0,83.37735261808861,False,,0,1.0,True,
57228d81-270b-4877-986a-ca56b9665f56,ErPud3JyLJ76PnQ1pfbcot4HtpRg8RV7Yj4TaeKqj1xh,ErPud3Jy,completed,2025-12-18T01:06:49.888857,2025-12-18T01:11:54.320876,5.073866983333334,0.15587549999999997,0.099198,0.277,0.15587549999999997,16.47118719593522,166.043541159451,0.048769466632259756,-9.41093280406478,-36.360749444268016,False,stop_loss,0,0,0,0,0,28740.84,0,0,0,False,False,False,False,0.351,0.3,0.2,1.0,0.3,0.9,0.5,0,0,up,0.27999999999999997,15.125000000000002,,,33773.56434946112,2,1,0.0,0.0,jupiter,True,10.0,64.1884476534296,False,,0,1.0,True,
7422e017-cb0b-4aa7-ab54-c9034311406e,9uHGDKqxEfiVt4yCuHJwHTEsmjxA8UJorg5sJHw22Nd6,9uHGDKqx,completed,2025-12-18T01:07:14.836565,2025-12-18T01:15:49.464663,8.577134966666668,0.4724505,0.314919,1.26,0.4724505,14.664299531989068,46.5653057833572,0.043455082460943276,-7.335502468010935,-33.34349312785149,False,stop_loss,0,0,0,0,0,28028.18,0,0,0,False,False,False,False,0.351,0.3,0.2,1.0,0.3,0.9,0.5,0,0,up,0.27999999999999997,15.125000000000002,,,33745.87896633059,1,2,0.0,0.0,jupiter,True,10.0,75.00642857142857,False,100,1,1.0,True,
769bd3af-cb3a-4599-abfc-150347b382c4,3n14bjEozqoerDN3sJrHixqqAkYcHWSf3LMLVn4ExNCs,3n14bjEo,completed,2025-12-18T00:56:55.921278,2025-12-18T01:19:48.918656,22.883289633333334,0.45395849999999993,1.9404,1.96,0.45395849999999993,55.31526080908277,28.50714327410986,0.16411771705436903,42.37420080908277,327.4399532115821,True,low_liquidity,0,0,0,0,0,49126.73,0,0,0,False,False,False,False,0.351,0.3,0.2,1.0,0.3,0.9,0.5,0,0,up,0.27999999999999997,15.125000000000002,,,33704.624827774016,0,3,0.0,0.0,jupiter,True,10.0,1.000000000000003,False,"200,100,300",3,1.0,True,
3258d6a1-0451-4119-b724-913a520e9f4e,BnmNtfTpuiymwzgas6fgY6LsJMtdFifPmnfA4KfCCAhB,BnmNtfTp,completed,2025-12-18T01:40:39.128881,2025-12-18T01:51:04.094710,10.41609715,0.5872215,0.467379,1.72,0.5872215,17.530229851877873,37.50752569515933,0.05195405789308778,-4.4949956481221305,-20.40839785328023,False,stop_loss,0,0,0,0,0,34177.94,0,0,0,False,False,False,False,0.35025,0.3,0.2,1.0,0.3,0.9,0.5,0,0,up,0.295,15.125000000000002,,,33741.79142647908,0,4,0.0,0.0,jupiter,True,10.0,72.8268023255814,False,100,1,1.0,True,
05ef504e-6e31-4539-ab66-77bb1ce0f860,9NzvdFC9MC4i1duWKTTJ4mc8zgpJqkUqskK1GpVBSqbC,9NzvdFC9,completed,2025-12-18T01:53:09.950070,2025-12-18T02:02:28.061958,9.3018648,0.588126,0.5703389999999999,1.8,0.588126,16.314579843676356,28.605057419668576,0.0483266587396484,-0.5087981563236481,-3.0243519245876067,False,trailing_stop,0,0,0,0,0,37718.76,0,0,0,False,False,False,False,0.351,0.3,0.2,1.0,0.3,0.9,0.5,0,0,up,0.27999999999999997,15.125000000000002,,,33758.96507053873,0,5,0.0,0.0,jupiter,True,10.0,68.3145,False,"200,100",2,1.0,True,
13cc62c6-d2c2-4c1c-ac63-10724fc1069f,7sQuXmezbB19swuDQKYrNWfm9gcYMCUp6z5dy9e2vc2W,7sQuXmez,completed,2025-12-18T02:22:31.710291,2025-12-18T02:26:53.704934,4.3665773833333335,0.5231024999999999,0.619641,0.6259,0.5231024999999999,30.65866196189084,49.47810419564044,0.0908430004358277,4.776541961890839,18.454987311282224,True,low_liquidity,0,0,0,0,0,285.46,0,0,0,False,False,False,False,0.351,0.3,0.2,1.0,0.3,0.9,0.5,0,0,up,0.27999999999999997,15.125000000000002,,,33749.0635654955,1,6,0.0,0.0,jupiter,True,10.0,1.0000000000000022,False,,0,1.0,True,
97593921-bb69-4022-a558-b69bee6fde61,EJ1M8rctSf543zjqn3skD9aWgXdkfFL6gq8xQpbHGusp,EJ1M8rct,completed,2025-12-18T02:28:45.756148,2025-12-18T02:38:00.504318,9.245802833333332,0.4321499999999999,0.0919809,0.8076,0.4321499999999999,5.508875833641098,59.89151914844384,0.016320564523539353,-20.3732441663589,-78.71551544602568,False,stop_loss,0,0,0,0,0,15155.19,0,0,0,False,False,False,False,0.351,0.3,0.2,1.0,0.3,0.9,0.5,0,0,up,0.27999999999999997,15.125000000000002,,,33754.19903947304,1,7,0.0,0.0,jupiter,True,10.0,88.6105869242199,False,,0,1.0,True,
2d02834f-e85f-4eb2-9330-646b3ebf9c1f,36AT2N2PzCmPad9ijap7wBFKG7fDiyeZpJcijrH6jeeK,36AT2N2P,completed,2025-12-18T02:26:32.680984,2025-12-18T02:42:09.151600,15.607843599999999,0.6254114999999999,0.628749,0.6351,0.6254114999999999,26.020239582866648,41.38414467914326,0.07714694217008077,0.13811958286664494,0.533648645731667,True,low_liquidity,0,0,0,0,0,15882.69,0,0,0,False,False,False,False,0.351,0.3,0.2,1.0,0.3,0.9,0.5,0,0,up,0.27999999999999997,15.125000000000002,,,33728.15415742797,1,8,0.0,0.0,jupiter,True,10.0,0.9999999999999993,False,,0,1.0,True,
e884aadf-df99-4ade-8471-117823b25425,4qYhtnDnr1qBhzF4rPyKiD2YnFC3ffN4Jcq3nmpEChUy,4qYhtnDn,completed,2025-12-18T02:41:23.061339,2025-12-18T02:42:09.356079,0.7715789999999999,0.15657899999999997,0.0925452,0.15657899999999997,0.15657899999999997,7.648745910447762,82.64875877352648,0.022665388941962687,-5.292314089552238,-40.89552238805969,False,stop_loss,0,0,0,0,0,21129.88,0,0,0,False,False,False,False,0.351,0.3,0.2,1.0,0.3,0.9,0.5,0,0,up,0.27999999999999997,15.125000000000002,,,33746.36954182983,0,9,0.0,0.0,jupiter,True,10.0,40.89552238805969,False,,0,1.0,True,
a334075d-4d50-494b-83de-83ea5e8bcf64,7GoZsb3qCirU8zNLG4dpu2BmNoAtTzgevA2SLNJme6Kd,7GoZsb3q,completed,2025-12-18T02:51:46.374184,2025-12-18T03:06:43.302898,14.9488119,0.5503379999999999,0.469062,1.96,0.5503379999999999,14.338837825910627,30.56917385315934,0.0424802425891491,-2.4845401740893758,-14.768378705450091,False,stop_loss,0,0,0,0,0,34198.15,0,0,0,False,False,False,False,0.351,0.3,0.2,1.0,0.3,0.9,0.5,0,0,up,0.27999999999999997,15.125000000000002,,,33754.13357355275,1,10,0.0,0.0,jupiter,True,10.0,76.06826530612244,False,"200,100",2,1.0,True,
