trade_id,token_address,token_symbol,action,entry_time,exit_time,hold_duration_minutes,entry_price,exit_price,highest_price_reached,lowest_price_reached,amount_usd,quantity,position_size_percent_of_portfolio,pnl_usd,pnl_percent,win,exit_reason,entry_liquidity_usd,entry_volume_24h,entry_price_change_24h,entry_holder_count,entry_market_cap,exit_liquidity_usd,exit_volume_24h,exit_price_change_24h,token_age_hours,is_mintable,has_freeze_authority,is_verified,ownership_renounced,overall_risk_score,liquidity_risk,security_risk,volatility_risk,sentiment_risk,age_risk,sentiment_score,sentiment_confidence,coordination_risk,price_prediction_direction,price_prediction_confidence,predicted_change_percent,volume_trend,price_pattern,portfolio_value_at_entry,open_positions_count,daily_trades_before_this,slippage_percent,total_fees_usd,execution_method,used_trailing_stop,trailing_stop_percent,max_drawdown_from_peak_percent,is_partial_sell,milestones_hit,partial_sell_count,bot_version,paper_trading,notes
114725b7-49ca-45f2-a0be-0e0f3f2646bb,3AhkM1BCFJBW7P7BQqsDxHPjQATdEGpyW2F4NkLJCT2U,3AhkM1BC,completed,2025-11-26T13:48:56.691752,2025-11-26T13:59:07.661241,10.182824816666665,1.255e-05,1e-08,1.341e-05,1.255e-05,0.043697211155378494,4369721.115537849,0.003933783351792791,-54.79630278884463,-99.9203187250996,False,rugged/dead,0,0,0,0,0,0.0,0,0,0,False,False,False,False,0,0,0,0,0,0,0.5,0,0,,0,0,,,1110.8189558904874,11,13,0.0,0.0,jupiter,True,10.0,99.92542878448918,False,,0,1.0,True,
8a9c8078-9fcf-4a11-bb68-23402bdd4f7d,HJeDuXDjqHL5GbGK83SsAEiKoPbDTamkaE7Aqya7zzrC,HJeDuXDj,completed,2025-11-26T13:48:50.541097,2025-11-26T14:02:01.818362,13.187954416666667,0.4117,1.1,1.1,0.4117,117.91401505950935,107.1945591450085,11.807184544981503,73.78201505950936,167.1848433325237,True,manual_closeall,0,0,0,0,0,27699.34,0,0,0,False,False,False,False,0,0,0,0,0,0,0.5,0,0,,0,0,,,998.6632682016243,10,15,0.0,0.0,jupiter,True,10.0,0.0,False,100,1,1.0,True,
2ca43e94-8bfa-45e3-b035-ff07a494e986,4RBZ5AjGhebaVhxoDPTcAcNDT4hPXU99chuxPwrFscqh,4RBZ5AjG,completed,2025-11-26T13:49:08.758266,2025-11-26T14:02:01.940115,12.88636415,0.0001568,0.000212,0.0002112,0.0001568,81.07738095238096,382440.4761904762,7.827468881865821,21.11071428571429,35.20408163265307,True,manual_closeall,0,0,0,0,0,348253.12,0,0,0,False,False,False,False,0,0,0,0,0,0,0.5,0,0,,0,0,,,1035.805854689705,9,16,0.0,0.0,jupiter,True,10.0,-0.3787878787878752,False,,0,1.0,True,
bdac7806-3f6c-4010-afee-3b2ab9326d32,FQPC6KApYUeE76bJmL4wLiXVMrM2SSTopStPU3eF6ZBY,FQPC6KAp,completed,2025-11-26T13:49:15.015225,2025-11-26T14:02:02.077192,12.784366116666666,0.4209,0.7875,0.7707,0.4209,97.14183891660727,123.35471608458066,9.50680477243632,45.22183891660727,87.09907341411261,True,manual_closeall,0,0,0,0,0,45727.03,0,0,0,False,False,False,False,0,0,0,0,0,0,0.5,0,0,,0,0,,,1021.8137559556998,8,17,0.0,0.0,jupiter,True,10.0,-2.1798365122615704,False,,0,1.0,True,
f9a8ced3-364b-421e-94e0-8a668bc0fca5,7ozWiNaSf3NwTksZdoDdXpbGr5AzTL4S2YqmNT3heVyV,7ozWiNaS,completed,2025-11-26T13:49:18.218077,2025-11-26T14:02:02.235729,12.733627533333333,0.0004719,0.000527,0.0005324,0.0004719,60.45405099950556,114713.56925902383,5.712709993921706,6.320717666172218,11.676202585293503,True,manual_closeall,0,0,0,0,0,47341.03,0,0,0,False,False,False,False,0,0,0,0,0,0,0.5,0,0,,0,0,,,1058.2377026635058,7,18,0.0,0.0,jupiter,True,10.0,1.014274981217134,False,,0,1.0,True,
967bd732-b02f-4c99-b9ae-e9c33a5fd4f5,4Q3TVGdjTnCqA5dS4h4eB8uuQNEXbx9meCjeLaM9cxQE,4Q3TVGdj,completed,2025-11-26T13:49:46.338979,2025-11-26T14:02:02.526914,12.269798916666668,0.5325,0.5199,0.5325,0.5325,50.69147042253522,97.50234741784038,4.746391102887122,-1.2285295774647835,-2.3661971830985813,False,manual_closeall,0,0,0,0,0,13006.24,0,0,0,False,False,False,False,0,0,0,0,0,0,0.5,0,0,,0,0,,,1068.0002832404762,6,19,0.0,0.0,jupiter,True,10.0,2.3661971830985813,False,,0,1.0,True,
c4528e4e-c4d2-4c1b-b922-a569f39ae641,92KVS6vg2GSLUWvuRr9A3GGvtYG9BGjmitX7Ec1XZqth,92KVS6vg,completed,2025-11-26T13:49:55.973938,2025-11-26T14:02:02.659292,12.111422566666667,3.99e-06,4.321e-06,4.384e-06,3.99e-06,61.00659983291562,14118629.908103593,5.769398979805083,4.6732664995822875,8.295739348370924,True,manual_closeall,0,0,0,0,0,68658.01,0,0,0,False,False,False,False,0,0,0,0,0,0,0.5,0,0,,0,0,,,1057.4168998618416,5,20,0.0,0.0,jupiter,True,10.0,1.4370437956204396,False,,0,1.0,True,
efb5d3af-a73a-40eb-a9ab-c11708880a3a,2k5HCHnwmjyXtXtGNpb3eYR37SuQKgAViSKW95iXm8YW,2k5HCHnw,completed,2025-11-26T20:35:26.602411,2025-11-26T21:28:33.902381,53.121666166666664,1.072e-05,1.263e-05,1.263e-05,1.072e-05,64.61093283582089,5115671.641791045,1.1596238782847634,9.770932835820888,17.817164179104463,True,low_liquidity,0,0,0,0,0,0.0,0,0,0,False,False,False,False,0,0,0,0,0,0,0.5,0,0,,0,0,,,5571.714591750989,1,101,0.0,0.0,jupiter,True,10.0,0.0,False,,0,1.0,True,
a9d7d0c5-16a4-4a4a-a889-337611a4b16c,H2VFidna8xwtcw5CCgj4nJ2ao2mNZi3wvqeML25MYYJb,H2VFidna,completed,2025-11-26T21:31:43.246047,2025-11-26T21:38:00.323003,6.284615933333333,0.4378,0.4261,0.6191,0.4378,50.53246231155779,118.5929648241206,0.8902097795815819,-1.3875376884422161,-2.6724531749657476,False,trailing_stop,0,0,0,0,0,34912.05,0,0,0,False,False,False,False,0.351,0.3,0.2,1.0,0.3,0.9,0.5,0,0,up,0.27999999999999997,15.125000000000002,,,5676.466768912509,4,102,0.0,0.0,jupiter,True,10.0,31.174285252786305,False,,0,1.0,True,
ddf2bd6a-45c4-4e23-8cc2-f2088be9d825,EoZXKQtx4RXN19FDkFCDb71jJ2xbpsXGyhoKrDB7xqtn,EoZXKQtx,completed,2025-11-26T21:37:11.118524,2025-11-26T21:43:39.437501,6.47198295,0.295,0.2406,0.4403,0.295,42.34560000000001,176.00000000000003,0.7308148876279497,-9.574399999999997,-18.44067796610169,False,stop_loss,0,0,0,0,0,26217.06,0,0,0,False,False,False,False,0.351,0.3,0.2,1.0,0.3,0.9,0.5,0,0,up,0.27999999999999997,15.125000000000002,,,5794.299037536537,9,103,0.0,0.0,jupiter,True,10.0,45.355439473086534,False,,0,1.0,True,
ea505346-8e53-43d8-ac54-33def298b9d9,CYtJ1cEaQbMXsmDgona7h6RS8RMEDEL7MdMgooa8xEek,CYtJ1cEa,completed,2025-11-26T21:38:50.775001,2025-11-26T21:43:51.049235,5.004570566666667,0.1294,0.1294,0.1294,0.1294,46.32,357.95981452859354,0.7999551475874866,0.0,0.0,False,low_liquidity,0,0,0,0,0,44892.89,0,0,0,False,False,False,False,0.421,0.5,0.2,1.0,0.3,0.9,0.5,0,0,sideways,0.27999999999999997,0.0,,,5790.324637536537,8,104,0.0,0.0,jupiter,True,10.0,0.0,False,,0,1.0,True,
a27d15fb-f8d1-44a7-a0f1-6cadf9a91be8,DKeVUm2Sk4EfSM3AQVFZA3y2PNNWwY4YSKd25N3FmgSQ,DKeVUm2S,completed,2025-11-26T21:32:34.268144,2025-11-26T21:46:10.464517,13.603272883333334,5.007e-05,3.438e-05,9.308e-05,5.007e-05,38.63944877171959,1123893.2161640371,0.6792717078712242,-17.633884561613744,-31.336129418813663,False,low_liquidity,0,0,0,0,0,0.0,0,0,0,False,False,False,False,0.2965833333333333,0.2,0.2,0.6,0.3,0.9,0.5,0,0,sideways,0.2683333333333333,0.0,,,5688.364217731387,10,105,0.0,0.0,jupiter,True,10.0,63.064030941125914,False,,0,1.0,True,
acc94339-2156-4c3c-a093-ac0d4c7eeb07,6k1D7s2irvt5phQif5Kzo5G4RhgWK9jiDNp9yBgB8cyg,6k1D7s2i,completed,2025-11-26T21:33:45.625530,2025-11-26T21:46:10.520562,12.4149172,0.2008,0.5045,0.7081,0.2008,84.79016932270916,168.06772908366534,1.5027820086049852,51.04216932270916,151.24501992031873,True,trailing_stop,0,0,0,0,0,37953.29,0,0,0,False,False,False,False,0.351,0.3,0.2,1.0,0.3,0.9,0.5,0,0,up,0.27999999999999997,15.125000000000002,,,5642.213497180398,9,106,0.0,0.0,jupiter,True,10.0,28.753000988560938,False,"200,100",2,1.0,True,
80f5bb0a-617d-4b22-a54f-87947ced4db3,9FRLcVuna4ExdXueT8Hsi1AkgnEX9aorNFU6EKPoWxhm,9FRLcVun,completed,2025-11-26T21:42:57.496387,2025-11-26T21:46:10.555843,3.2176576000000003,0.3774,0.1104,0.4326,0.3774,15.18804451510334,137.5728669846317,0.26590572105717103,-36.731955484896666,-70.74721780604133,False,stop_loss,0,0,0,0,0,17760.25,0,0,0,False,False,False,False,0.351,0.3,0.2,1.0,0.3,0.9,0.5,0,0,up,0.27999999999999997,15.125000000000002,,,5711.815621988004,8,107,0.0,0.0,jupiter,True,10.0,74.47988904299584,False,,0,1.0,True,
d81f5bf0-e8f4-4135-aff2-7ff6387f47d7,F5cR7TZF6wnAusDE9F9TjWuyjSmLpzvgdEh6G8pY1L9K,F5cR7TZF,completed,2025-11-26T21:45:36.471022,2025-11-26T21:48:06.080871,2.4934974833333334,3.631e-05,4.271e-05,4.271e-05,3.631e-05,66.35674653447168,1553658.3126778665,1.159324807061081,9.943413201138345,17.625998347562653,True,low_liquidity,0,0,0,0,0,0.0,0,0,0,False,False,False,False,0.29483333333333334,0.2,0.2,0.6,0.3,0.9,0.5,0,0,up,0.30333333333333334,17.375000000000004,,,5723.7407610286355,9,108,0.0,0.0,jupiter,True,10.0,0.0,False,,0,1.0,True,
56d78a49-30ad-4bd1-8efc-5bd5995e587a,CJQ6KJkChgpqpTHXct92zEGwcAF4pLpwaKs66AgD5GQY,CJQ6KJkC,completed,2025-11-26T20:25:09.879864,2025-11-26T21:51:13.598793,86.06198214999999,7.221e-06,1.604e-05,1.604e-05,7.221e-06,112.78275400452384,7031343.765868071,1.1490563820131892,62.0094206711905,122.12989890596869,True,low_liquidity,0,0,0,0,0,39.64,0,0,0,False,False,False,False,0,0,0,0,0,0,0.5,0,0,,0,0,,,9815.249779730068,11,101,0.0,0.0,jupiter,True,10.0,0.0,False,100,1,1.0,True,
4defb71d-f942-4393-bab2-06d99b11d97e,2SNQoARdLZYWySkeJZdBkHg2upSCk3xvPwBXwyEwstar,2SNQoARd,completed,2025-11-26T21:47:50.945092,2025-11-26T21:51:13.657684,3.3785432,0.0002544,0.01963,0.01963,0.0002544,4060.776205450734,206865.82809224317,69.21081981496606,4008.1495387840673,7616.194968553461,True,low_liquidity,0,0,0,0,0,0.11,0,0,0,False,False,False,False,0,0,0,0,0,0,0.5,0,0,,0,0,,,5867.256328283858,10,102,0.0,0.0,jupiter,True,10.0,0.0,False,,0,1.0,True,
de578a9f-d5a1-4f55-82cb-76f755544d2a,Ccvu9r4S52aYMi3KbTBvfBYSxkofpJ3n3Kk8ASxSEz4o,Ccvu9r4S,completed,2025-11-26T21:51:45.060444,2025-11-26T21:52:40.473045,0.92354335,1.241e-05,1.38e-05,1.38e-05,1.241e-05,60.878646253021756,4411496.105291432,0.6133504258416077,6.131979586355091,11.200644641418213,True,low_liquidity,0,0,0,0,0,0.0,0,0,0,False,False,False,False,0.31566666666666665,0.3,0.2,0.2,0.3,0.9,0.5,0,0,sideways,0.18666666666666665,0.0,,,9925.589628390202,11,103,0.0,0.0,jupiter,True,10.0,0.0,False,,0,1.0,True,
e0fd59c3-508d-4ea4-b6d5-e5f0c2f1044d,F5C2TEQc4dGG5Fe6CmqW1UokHh5GKkebiN4LrNLGTEdp,F5C2TEQc,completed,2025-11-26T21:50:48.298853,2025-11-26T21:54:42.481209,3.9030392666666667,4.806e-05,5.46e-05,5.46e-05,4.806e-05,63.18119017894299,1157164.6552919962,0.6318903206147198,7.567856845609657,13.6079900124844,True,low_liquidity,0,0,0,0,0,0.0,0,0,0,False,False,False,False,0.30483333333333335,0.2,0.2,0.8,0.3,0.9,0.5,0,0,up,0.30333333333333334,17.375000000000004,,,9998.758980431705,11,104,0.0,0.0,jupiter,True,10.0,0.0,False,,0,1.0,True,
5317f20d-54b3-4e2a-811d-86dc2b43ed53,43LKUiHhWBTicTtjjmes8Bgxd8Aaq7zuDdDMZwNJbkvn,43LKUiHh,completed,2025-11-26T21:52:29.383590,2025-11-26T21:54:42.525752,2.2190360333333334,1.301e-05,1.307e-05,1.307e-05,1.301e-05,54.38298744555471,4160901.870356137,0.5434192026105914,0.24965411222136583,0.46118370484242444,True,low_liquidity,0,0,0,0,0,0.0,0,0,0,False,False,False,False,0.3233333333333333,0.3,0.2,0.4,0.3,0.9,0.5,0,0,sideways,0.23333333333333334,0.0,,,10007.557183165092,10,105,0.0,0.0,jupiter,True,10.0,0.0,False,,0,1.0,True,
03a9bbfc-66e2-456f-90df-ceb0f9fc66dc,F89i7XUTohEMg27MWYjKzQfATXBn4wgP4zWRfKkvPfpT,F89i7XUT,completed,2025-11-26T21:45:56.284508,2025-11-26T21:56:50.782128,10.908293666666667,0.6233,1.15,1.59,0.6233,81.42435424354244,70.80378629873256,0.8128261023455856,37.292354243542434,84.50184501845018,True,trailing_stop,0,0,0,0,0,57560.33,0,0,0,False,False,False,False,0,0,0,0,0,0,0.5,0,0,,0,0,,,10017.43841746406,10,106,0.0,0.0,jupiter,True,10.0,27.67295597484278,False,100,1,1.0,True,
66e983cc-13a7-456a-9aeb-e27e3ab3f7b6,aqeA6qA8wanVGFtDuiZTMvpeJLQZjJaAhPL9WaQ4HwP,aqeA6qA8,completed,2025-11-26T21:43:35.106995,2025-11-26T22:01:16.212620,17.68509375,0.5235,0.6671,1.76,0.5235,43.005331041069724,64.46609360076408,0.42638496553584354,9.257331041069726,27.43075453677174,True,trailing_stop,0,0,0,0,0,43665.62,0,0,0,False,False,False,False,0,0,0,0,0,0,0.5,0,0,,0,0,,,10086.033635596032,10,107,0.0,0.0,jupiter,True,10.0,62.09659090909091,False,"200,100",2,1.0,True,
e31c8222-1242-4ce9-a845-381252124d88,44LayCXovS9nrKZ5EefzHya5jVMdd5muahhTDb1fjQWE,44LayCXo,completed,2025-11-26T21:39:33.991200,2025-11-26T22:03:17.498888,23.72512813333333,1.367e-05,1.626e-05,1.651e-05,1.367e-05,64.38975859546454,3960009.753718606,0.6391724463135057,10.256425262131193,18.946598390636435,True,low_liquidity,0,0,0,0,0,0.0,0,0,0,False,False,False,False,0,0,0,0,0,0,0.5,0,0,,0,0,,,10073.925896968689,10,108,0.0,0.0,jupiter,True,10.0,1.5142337976983604,False,,0,1.0,True,
ace741c0-35b9-4233-80a4-eb46bdc3ee18,3JGdWKoq4hkaFfp5rv5nx7t9JeRx3AZJHkGv5gAMRQHZ,3JGdWKoq,completed,2025-11-26T21:45:52.627728,2025-11-26T22:03:17.552633,17.415415083333336,0.4865,1.31,2.11,0.4865,69.90256937307299,53.36073997944503,0.6942759377736001,43.942569373072985,169.2702980472765,True,trailing_stop,0,0,0,0,0,61298.04,0,0,0,False,False,False,False,0,0,0,0,0,0,0.5,0,0,,0,0,,,10068.41308619108,9,109,0.0,0.0,jupiter,True,10.0,37.914691943127956,False,"200,100,300",3,1.0,True,
b6c91f71-c0a1-43cc-b4a4-6d6eb8d306bd,BtEiAZh2DretGCZfbNaC76fQumqKNLV943wXxFsGqr8T,BtEiAZh2,completed,2025-11-26T21:47:11.616918,2025-11-26T22:05:20.564169,18.14912085,5.828e-05,9.041e-05,0.0001352,5.828e-05,78.88794772363305,872557.76710135,0.7848833233337296,28.035281056966376,55.13040494166095,True,trailing_stop,0,0,0,0,0,148199.42,0,0,0,False,False,False,False,0,0,0,0,0,0,0.5,0,0,,0,0,,,10050.913986624504,8,110,0.0,0.0,jupiter,True,10.0,33.12869822485208,False,100,1,1.0,True,
84a32252-52bb-473f-a5e1-e2ad39112da0,62SKS95MxmPdb9TCCS6FPB5RNVvhi2kXc3BmgzkwvHS5,62SKS95M,completed,2025-11-26T21:56:27.115765,2025-11-26T22:07:16.241313,10.818759133333334,1.372e-05,1.597e-05,1.597e-05,1.372e-05,63.83344023323615,3997084.5481049563,0.6329312788522736,8.993440233236154,16.399416909620996,True,low_liquidity,0,0,0,0,0,0.0,0,0,0,False,False,False,False,0.3145,0.3,0.2,0.2,0.3,0.9,0.5,0,0,sideways,0.21000000000000002,0.0,,,10085.366668714581,7,111,0.0,0.0,jupiter,True,10.0,0.0,False,,0,1.0,True,
be7efce8-a44f-4816-a37a-a114f8269741,EnTBjv7U3r8vRyRAWJcpanGuWPJ2c9VuVfHqkWXLLAN6,EnTBjv7U,completed,2025-11-26T21:38:43.907699,2025-11-26T22:09:03.647762,30.32900105,3.005e-05,6.273e-05,7.164e-05,3.005e-05,101.10489484193015,1611747.0881863565,1.0057472812588213,52.67189484193014,108.75207986688855,True,trailing_stop,0,0,0,0,0,92213.29,0,0,0,False,False,False,False,0,0,0,0,0,0,0.5,0,0,,0,0,,,10052.713711081022,7,112,0.0,0.0,jupiter,True,10.0,12.437185929648233,False,100,1,1.0,True,
f0f8a489-6f8f-468c-ad33-753f7a35be36,BcevbKrJr2CsRmKHFakYztLXyPC3seQ8K3bbFg9LKR1L,BcevbKrJ,completed,2025-11-26T21:51:01.931577,2025-11-26T22:11:10.371349,20.140662866666666,7.063e-05,4.557e-05,0.0001747,7.063e-05,32.06029831516353,703539.5724196517,0.31903314365016033,-17.630701684836477,-35.48067393458871,False,low_liquidity,0,0,0,0,0,0.0,0,0,0,False,False,False,False,0.26925,0.1,0.2,0.8,0.3,0.9,0.5,0,0,up,0.315,20.75,,,10049.20615718837,6,113,0.0,0.0,jupiter,True,10.0,73.91528334287348,False,100,1,1.0,True,
3b3f636d-eb29-4534-8eed-cf8f405d4956,BsURh95NBioYjRWZHPwTijKuNarm3uTrAU396rrqc4g9,BsURh95N,completed,2025-11-26T21:54:27.260385,2025-11-26T22:15:35.449351,21.136482766666667,0.0001893,0.0003171,0.0003171,0.0001893,91.81884838880086,289558.02077830606,0.9179950001090315,37.00551505546752,67.51188589540413,True,low_liquidity,0,0,0,0,0,6.8,0,0,0,False,False,False,False,0.3148333333333333,0.2,0.2,1.0,0.3,0.9,0.5,0,0,up,0.30333333333333334,17.375000000000004,,,10002.107677917136,8,114,0.0,0.0,jupiter,True,10.0,0.0,False,,0,1.0,True,
fa0aae0d-85f0-4cb6-9b2c-afae80b0ea23,BeDiUfsyjDjHYrAbUVSQH1ufFu1isggRW9UW4g1npDGt,BeDiUfsy,completed,2025-11-26T22:01:01.619251,2025-11-26T22:37:50.081539,36.8077048,1.364e-05,1.596e-05,1.596e-05,1.364e-05,63.340762463343125,3968719.4525904213,0.629439066640555,9.207429130009777,17.008797653958943,True,low_liquidity,0,0,0,0,0,0.0,0,0,0,False,False,False,False,0,0,0,0,0,0,0.5,0,0,,0,0,,,10063.049121085813,7,101,0.0,0.0,jupiter,True,10.0,0.0,False,,0,1.0,True,
c690fd43-647d-473e-812c-caf2fd06faa1,2eBEycLQAWu8GwhoaoUQMbqfXPJ2wi1KbyYrj3ATXFZM,2eBEycLQ,completed,2025-11-26T22:08:29.712884,2025-11-26T22:37:50.120613,29.340128816666667,1.06e-05,1.255e-05,1.255e-05,1.06e-05,64.92849056603774,5173584.905660378,0.6453186871175491,10.088490566037736,18.39622641509434,True,low_liquidity,0,0,0,0,0,0.0,0,0,0,False,False,False,False,0,0,0,0,0,0,0.5,0,0,,0,0,,,10061.46139298312,6,102,0.0,0.0,jupiter,True,10.0,0.0,False,,0,1.0,True,
f000b513-e3bb-4b85-aee6-0eb29a20f5e3,9XvLc3CgJWQWzsCxBh2y2UzrK7D8vu6KbPcQ4bfnvKmx,9XvLc3Cg,completed,2025-11-26T22:13:00.912561,2025-11-26T22:37:50.159710,24.820785816666668,0.4276,0.4276,0.4276,0.4276,51.92,121.421889616464,0.5153621044098947,0.0,0.0,False,low_liquidity,0,0,0,0,0,34989.48,0,0,0,False,False,False,False,0,0,0,0,0,0,0.5,0,0,,0,0,,,10074.469883549156,5,103,0.0,0.0,jupiter,True,10.0,0.0,False,,0,1.0,True,
00753645-b89a-4056-b1ba-5221f5e26e6c,9JVFgKEa5Z5PoBGZA3VBTa3SVwi4tHPtcJaRZprkvgAm,9JVFgKEa,completed,2025-11-26T22:15:27.606885,2025-11-26T22:37:50.200511,22.376560433333335,0.5342,0.1256,0.5342,0.5342,12.20732309996256,97.19206289779109,0.12069510340557275,-39.712676900037444,-76.48820666417072,False,low_liquidity,0,0,0,0,0,3212.41,0,0,0,False,False,False,False,0,0,0,0,0,0,0.5,0,0,,0,0,,,10114.182560449193,4,104,0.0,0.0,jupiter,True,10.0,76.48820666417072,False,,0,1.0,True,
5ca08def-2d1b-40ba-a7c8-084fc6ad8e5b,GvsPVfo3osmuKrwyJhoFZG48a4kVAPLsag98RxctTQfs,GvsPVfo3,completed,2025-11-26T22:50:09.371150,2025-11-26T22:52:18.825722,2.1575762000000003,0.0001554,0.0001554,0.0001554,0.0001554,59.96666666666667,385885.88588588586,0.5858740143784021,0.0,0.0,False,low_liquidity,0,0,0,0,0,0.0,0,0,0,False,False,False,False,0.2504166666666667,0.1,0.2,0.4,0.3,0.9,0.5,0,0,up,0.2916666666666667,18.5,,,10235.42010653772,7,105,0.0,0.0,jupiter,True,10.0,0.0,False,,0,1.0,True,
3faabdd0-fef6-4200-98ae-736a69bb8e67,9B8szu15mijGkKvyexapJgLtcyBkG7Au1AcCxk7QV57T,9B8szu15,completed,2025-11-26T22:14:33.454990,2025-11-26T22:54:26.253539,39.879975816666665,4.796e-05,7.665e-05,9.344e-05,4.796e-05,92.34439115929943,1204753.9616346958,0.9076582280984543,34.564391159299426,59.820683903252714,True,trailing_stop,0,0,0,0,0,129358.76,0,0,0,False,False,False,False,0,0,0,0,0,0,0.5,0,0,,0,0,,,10173.916602151132,6,106,0.0,0.0,jupiter,True,10.0,17.968749999999993,False,,0,1.0,True,
64ba5ff7-c0c9-41f8-9b45-2cd3e1bce203,6tU1sHXiQ8xZdfUV6i5bFPc22yZ7nERdcPf6DRv7VHWL,6tU1sHXi,completed,2025-11-26T22:47:55.085502,2025-11-26T22:54:26.334528,6.5208171,0.3607,0.6371,1.034,0.3607,77.94981203215968,122.35098419739396,0.7650906086908483,33.81781203215969,76.62877737732187,True,trailing_stop,0,0,0,0,0,42864.38,0,0,0,False,False,False,False,0.351,0.3,0.2,1.0,0.3,0.9,0.5,0,0,up,0.27999999999999997,15.125000000000002,,,10188.311181278272,5,107,0.0,0.0,jupiter,True,10.0,38.38491295938105,False,100,1,1.0,True,
ff7571f9-3bb4-4cb7-b7e1-f4d1e85aeaa6,G4ZJXUPFzFGPQusZjP3SaVmh7AoWhVQiuazjHbjc8knU,G4ZJXUPF,completed,2025-11-26T22:02:37.683064,2025-11-26T22:56:42.847639,54.08607625,1.01e-05,1.344e-05,1.344e-05,1.01e-05,80.55128712871289,5993399.339933994,0.7949041149940793,20.01795379537954,33.069306930693074,True,low_liquidity,0,0,0,0,0,10.12,0,0,0,False,False,False,False,0,0,0,0,0,0,0.5,0,0,,0,0,,,10133.459571952633,5,108,0.0,0.0,jupiter,True,10.0,0.0,False,,0,1.0,True,
c597e851-9884-4a7e-83fa-90e6c064708f,8X35QU9HxEdg67gzdKLCBsnXMU8wDDP339ULR5D3bYHD,8X35QU9H,completed,2025-11-26T22:51:45.454287,2025-11-26T22:56:43.129522,4.961253916666666,0.3306,0.29,0.6516,0.3306,45.5438596491228,157.04779189352692,0.4478930762293454,-6.376140350877197,-12.280701754385973,False,stop_loss,0,0,0,0,0,28877.61,0,0,0,False,False,False,False,0.351,0.3,0.2,1.0,0.3,0.9,0.5,0,0,up,0.27999999999999997,15.125000000000002,,,10168.466999432225,4,109,0.0,0.0,jupiter,True,10.0,55.494168201350526,False,,0,1.0,True,
828e8502-d579-48d7-9d6b-e0307cbdc6e8,EfcebVdYzx4xjvhdJL5gYth7nbv8fBRfHfjNqyR1mJWt,EfcebVdY,completed,2025-11-26T23:04:14.308356,2025-11-26T23:05:14.227083,0.9986454499999999,0.03721,0.04647,0.04647,0.03721,65.72322493953237,1414.3151482576368,0.6423146414262683,13.096558272865712,24.8857833915614,True,low_liquidity,0,0,0,0,0,21.47,0,0,0,False,False,False,False,0.3421666666666667,0.3,0.2,0.8,0.3,0.9,0.5,0,0,sideways,0.25666666666666665,0.0,,,10232.24767126483,7,110,0.0,0.0,jupiter,True,10.0,0.0,False,,0,1.0,True,
47184d7b-cbef-4664-a171-c467ed287736,3LHhJ97ireCqUDLQi53NpFCETuLBwksefj7w9JcpdV5x,3LHhJ97i,completed,2025-11-26T23:00:39.517837,2025-11-26T23:09:03.947124,8.407154783333333,0.4805,0.5578,0.9582,0.4805,60.272582726326746,108.054110301769,0.5851897281146121,8.352582726326741,16.087408949011444,True,trailing_stop,0,0,0,0,0,40004.35,0,0,0,False,False,False,False,0.351,0.3,0.2,1.0,0.3,0.9,0.5,0,0,up,0.27999999999999997,15.125000000000002,,,10299.665190726328,7,111,0.0,0.0,jupiter,True,10.0,41.786683364642045,False,,0,1.0,True,
025960d6-d6e4-45cb-a2e4-d0f804cdf695,EmeR7pQRrzLQp7SK6AesxAkttEU3bCnyYwrFCPbdfyuH,EmeR7pQR,completed,2025-11-26T23:14:30.903865,2025-11-26T23:17:30.251699,2.9891305666666668,0.02692,0.03307,0.03307,0.02692,56.902020802377415,1720.6537890044576,0.5437787987802521,10.58202080237742,22.84546805349184,True,low_liquidity,0,0,0,0,0,2715.15,0,0,0,False,False,False,False,0.421,0.5,0.2,1.0,0.3,0.9,0.5,0,0,sideways,0.27999999999999997,0.0,,,10464.185240398134,9,112,0.0,0.0,jupiter,True,10.0,0.0,False,,0,1.0,True,
586fbb1a-4a9f-4aba-a705-ae7f6f0101d4,AvBJnWY4MsU2bHWM3sH3sCuCQ6Uh7CP5Nbxx1sDSCj4F,AvBJnWY4,completed,2025-11-26T23:06:24.024640,2025-11-26T23:19:37.498089,13.224557483333333,0.3264,0.2511,1.7,0.3264,15.976852941176466,63.62745098039214,0.1529181564098504,-4.7911470588235305,-23.06985294117648,False,stop_loss,0,0,0,0,0,26874.18,0,0,0,False,False,False,False,0.351,0.3,0.2,1.0,0.3,0.9,0.5,0,0,up,0.27999999999999997,15.125000000000002,,,10447.976431494108,8,113,0.0,0.0,jupiter,True,10.0,85.22941176470589,False,"200,100,400,300",4,1.0,True,
722ae1d1-27f5-4508-9f45-dedb7796149c,6YckPGMYwSFEiq99WBvusFDVsjVhMG5qYRiJuJCYGDxs,6YckPGMY,completed,2025-11-26T23:16:54.324577,2025-11-26T23:23:50.628507,6.938398833333333,0.3249,0.475,0.61,0.3249,75.90643274853801,159.8030163127116,0.7290603777932071,23.986432748538004,46.1988304093567,True,trailing_stop,0,0,0,0,0,36939.56,0,0,0,False,False,False,False,0.351,0.3,0.2,1.0,0.3,0.9,0.5,0,0,up,0.27999999999999997,15.125000000000002,,,10411.542728230437,9,114,0.0,0.0,jupiter,True,10.0,22.13114754098361,False,,0,1.0,True,
b3815b5c-48a9-4c01-90ec-2860759299d1,GTvv4afHxz5ehhVs9EWMyWrz8uosKBrrVZC75r8hCXHf,GTvv4afH,completed,2025-11-26T23:25:23.207231,2025-11-26T23:26:16.689276,0.8913674166666666,0.08506,0.05591,0.08506,0.08506,30.44616976252058,544.5567834469787,0.2900087771733463,-15.873830237479426,-34.26992711027509,False,stop_loss,0,0,0,0,0,12660.16,0,0,0,False,False,False,False,0.421,0.5,0.2,1.0,0.3,0.9,0.5,0,0,sideways,0.27999999999999997,0.0,,,10498.361483839526,10,115,0.0,0.0,jupiter,True,10.0,34.26992711027509,False,,0,1.0,True,
0be1ec0a-881f-40d7-904f-924a43b573c4,3ywhnL4AsEcm3dyF5UxAYxtsqTGsMHJoqLFNLEbwkkTX,3ywhnL4A,completed,2025-11-26T23:17:15.519907,2025-11-26T23:28:14.327469,10.980126033333333,1.439e-05,1.633e-05,1.633e-05,1.439e-05,61.43136437340748,3761871.670141303,0.5872675634072227,7.298031040074134,13.481584433634481,True,low_liquidity,0,0,0,0,0,0.0,0,0,0,False,False,False,False,0.3233333333333333,0.3,0.2,0.4,0.3,0.9,0.5,0,0,sideways,0.23333333333333334,0.0,,,10460.541021028566,9,116,0.0,0.0,jupiter,True,10.0,0.0,False,,0,1.0,True,
5fb269d9-2721-4b6f-afc4-85cdcf378182,7Mr2hjmZF5JhK6pVGaCWShbVLPNVQRQNmaeWc7ZKQp1z,7Mr2hjmZ,completed,2025-11-26T23:23:29.306132,2025-11-26T23:28:14.401012,4.751581333333333,0.4307,0.4926,0.7674,0.4307,59.38191780821918,120.54794520547945,0.5675641992501325,7.461917808219172,14.37195263524494,True,trailing_stop,0,0,0,0,0,37577.82,0,0,0,False,False,False,False,0.351,0.3,0.2,1.0,0.3,0.9,0.5,0,0,up,0.27999999999999997,15.125000000000002,,,10462.590467593755,8,117,0.0,0.0,jupiter,True,10.0,35.80922595777952,False,,0,1.0,True,
19bb38cb-2384-4778-980a-4173b3755e66,EXzQ6ekJspkig2qWc4HtsGXmRYhhq9AeEmXrDbmkirCH,EXzQ6ekJ,completed,2025-11-26T23:31:47.787277,2025-11-26T23:34:58.973461,3.1864364,0.4616,0.5035,0.5035,0.4616,56.63284228769496,112.47833622183708,0.5347090474916283,4.712842287694967,9.077123050259951,True,low_liquidity,0,0,0,0,0,8898.52,0,0,0,False,False,False,False,0.351,0.3,0.2,1.0,0.3,0.9,0.5,0,0,up,0.27999999999999997,15.125000000000002,,,10591.337953484252,10,118,0.0,0.0,jupiter,True,10.0,0.0,False,,0,1.0,True,
6429a69e-8eff-4f2d-917a-26fefe2eca17,D8r8xfKcGe2zPW18zV9AqLpeUQ1JKxkGZ4Nefq3hkofA,D8r8xfKc,completed,2025-11-26T23:21:27.969696,2025-11-26T23:40:48.504694,19.342249966666667,0.4714,0.5516,0.5516,0.4714,60.75322868052609,110.14000848536276,0.5699557523785455,8.833228680526092,17.013152312261347,True,low_liquidity,0,0,0,0,0,13787.95,0,0,0,False,False,False,False,0.351,0.3,0.2,1.0,0.3,0.9,0.5,0,0,up,0.27999999999999997,15.125000000000002,,,10659.288624948527,10,119,0.0,0.0,jupiter,True,10.0,0.0,False,,0,1.0,True,
59d0a23c-e2b7-42bd-bcd8-1ca3520b5c8b,8QQuKaq49GCH2S94BB2emhHAhdcw4QjkvxuMWpBF1THf,8QQuKaq4,completed,2025-11-26T23:25:37.742212,2025-11-26T23:43:40.673753,18.048859016666665,0.4365,0.6691,0.6691,0.4365,79.58687743413518,118.94616265750287,0.7484621024281368,27.66687743413517,53.28751431844216,True,low_liquidity,0,0,0,0,0,16727.46,0,0,0,False,False,False,False,0.351,0.3,0.2,1.0,0.3,0.9,0.5,0,0,up,0.27999999999999997,15.125000000000002,,,10633.38773946496,9,120,0.0,0.0,jupiter,True,10.0,0.0,False,,0,1.0,True,
2967a3de-52e5-466d-8e3a-66ff5448970e,Gkj6v6LTsWfiWa3aC8j8o9AAkchVhqTJYe6u5omNwdVi,Gkj6v6LT,completed,2025-11-26T23:29:35.889717,2025-11-26T23:43:40.729827,14.0806685,0.3859,1.067,1.53,0.3859,93.31203938844257,87.45270795542885,0.8786723561824858,59.56403938844258,176.49650168437415,True,trailing_stop,0,0,0,0,0,55282.81,0,0,0,False,False,False,False,0.351,0.3,0.2,1.0,0.3,0.9,0.5,0,0,up,0.27999999999999997,15.125000000000002,,,10619.662577510653,8,121,0.0,0.0,jupiter,True,10.0,30.261437908496735,False,"200,100",2,1.0,True,
4f441abc-d1db-46e5-97d4-a7c1c04ccf95,7r5FQUh5sy8E2HdsM8VvvHspfSZRTxSGw7vWZv93aeN6,7r5FQUh5,completed,2025-11-26T23:44:52.272382,2025-11-26T23:49:31.808079,4.658928283333334,0.4901,0.2785,0.5859,0.4901,29.503611507855545,105.93756376249746,0.27293845064146405,-22.41638849214446,-43.1748622730055,False,stop_loss,0,0,0,0,0,28233.15,0,0,0,False,False,False,False,0.351,0.3,0.2,1.0,0.3,0.9,0.5,0,0,up,0.27999999999999997,15.125000000000002,,,10809.620791250083,14,122,0.0,0.0,jupiter,True,10.0,52.46629117596859,False,,0,1.0,True,
8110ed3b-6dd8-4c8a-bf2d-24773a265867,8Fw6Qmce5xs739wFWtJ8oCjDCb6kdHfjBivXbi85cE7o,8Fw6Qmce,completed,2025-11-26T23:46:57.343137,2025-11-26T23:49:31.881095,2.5756326333333335,0.2282,0.2647,0.3006,0.2282,60.22446976336547,227.51971954425943,0.5587255669664059,8.30446976336547,15.994741454864156,True,trailing_stop,0,0,0,0,0,27527.43,0,0,0,False,False,False,False,0.351,0.3,0.2,1.0,0.3,0.9,0.5,0,0,up,0.27999999999999997,15.125000000000002,,,10778.899932994573,13,123,0.0,0.0,jupiter,True,10.0,11.942781104457747,False,,0,1.0,True,
144680ec-c15f-4ef8-9928-df21918a1559,Hkj6KPq5jVChC7geSaRCMG4o2mDzZpjqBNSuXzBp3nCC,Hkj6KPq5,completed,2025-11-26T23:32:17.286514,2025-11-26T23:52:06.561981,19.821257783333333,0.4878,0.7246,0.7246,0.4878,77.12429684296843,106.43706437064371,0.7114848286397185,25.204296842968432,48.54448544485445,True,low_liquidity,0,0,0,0,0,18137.71,0,0,0,False,False,False,False,0.351,0.3,0.2,1.0,0.3,0.9,0.5,0,0,up,0.27999999999999997,15.125000000000002,,,10839.90743561204,12,124,0.0,0.0,jupiter,True,10.0,0.0,False,,0,1.0,True,
a9157c77-e163-4cc2-ba29-3a4ec8378d31,5LHawaKJ6Ar6uWKBuD3p76yVi4zH9RZGmDGxzo4CKm2q,5LHawaKJ,completed,2025-11-26T23:39:46.322489,2025-11-26T23:53:28.605504,13.704716916666666,6.003e-05,3.368e-05,8.804e-05,6.003e-05,31.202016769393087,926425.6760508636,0.28980663821041075,-24.411316563940254,-43.894719307013155,False,low_liquidity,0,0,0,0,0,0.0,0,0,0,False,False,False,False,0.30483333333333335,0.2,0.2,0.8,0.3,0.9,0.5,0,0,up,0.30333333333333334,17.375000000000004,,,10766.494847070833,13,125,0.0,0.0,jupiter,True,10.0,61.74466151749205,False,,0,1.0,True,
5a4db150-5dea-4057-89f2-e61e5710ddc9,7DzoW9vLkBiBHGESzcTj3k5sxAqk8F3Pj1wVws1ggDWy,7DzoW9vL,completed,2025-11-26T23:46:05.991872,2025-11-26T23:53:28.652211,7.377672316666667,0.3209,0.2039,0.872,0.3209,28.04149205359925,137.52570894359613,0.260375017450046,-16.09050794640075,-36.45995637270178,False,stop_loss,0,0,0,0,0,24159.62,0,0,0,False,False,False,False,0.351,0.3,0.2,1.0,0.3,0.9,0.5,0,0,up,0.27999999999999997,15.125000000000002,,,10769.655371786628,12,126,0.0,0.0,jupiter,True,10.0,76.61697247706422,False,100,1,1.0,True,
ba6cdacc-3c98-4c96-8622-655bcac28bc0,J4VQav2LA1mRt3XALoRCNkj2GxU3Nk2Fx64KvA6BfPYz,J4VQav2L,completed,2025-11-26T21:43:31.441143,2025-11-26T23:55:40.701411,132.1543378,3.893e-05,0.000131,0.000131,3.893e-05,126.68605188800412,967069.0983817107,1.1810887636982272,89.0380518880041,236.50141279219113,True,low_liquidity,0,0,0,0,0,136.93,0,0,0,False,False,False,False,0,0,0,0,0,0,0.5,0,0,,0,0,,,10726.209221678186,12,127,0.0,0.0,jupiter,True,10.0,0.0,False,"200,100",2,1.0,True,
5ea77557-4cd9-4de1-a49e-b7703008537d,4kswm3DsEFoT7V6JgKhP4wTJL8nFqYrb56bpW2Gso2PQ,4kswm3Ds,completed,2025-11-26T23:47:03.902963,2025-11-26T23:57:38.643530,10.579009450000001,1.095e-05,1.261e-05,1.261e-05,1.095e-05,63.26112633181127,5016742.770167428,0.5848296835027945,8.327792998477927,15.159817351598168,True,low_liquidity,0,0,0,0,0,0.0,0,0,0,False,False,False,False,0.31333333333333335,0.3,0.2,0.2,0.3,0.9,0.5,0,0,sideways,0.23333333333333334,0.0,,,10817.017007911327,14,128,0.0,0.0,jupiter,True,10.0,0.0,False,,0,1.0,True,
daa938a2-a6e2-4ea0-acd4-a7c5ad31fe30,3FfNWhxxji31Ai31FuQyQB6vYbm95cJ4jmEihcENyT27,3FfNWhxx,completed,2025-11-26T23:52:43.948527,2025-11-26T23:57:38.702754,4.9125704500000005,0.2971,0.4187,0.509,0.2971,73.17032648939752,174.75597441938743,0.6770574310075841,21.25032648939752,40.92898014136656,True,trailing_stop,0,0,0,0,0,34597.93,0,0,0,False,False,False,False,0.351,0.3,0.2,1.0,0.3,0.9,0.5,0,0,up,0.27999999999999997,15.125000000000002,,,10807.10780775374,13,129,0.0,0.0,jupiter,True,10.0,17.74066797642436,False,,0,1.0,True,
12831574-23dc-4d08-8497-0a4e807d1dee,CY21rx9HuYDJVhy6bwXB1YAj1AmynQ22JhSc4Bn1NTvo,CY21rx9H,completed,2025-11-26T23:54:37.078754,2025-11-27T00:02:01.766593,7.411463983333333,0.2798,0.382,0.382,0.2798,70.88434596140101,185.56111508220158,0.6497275446636744,18.964345961401005,36.526090064331676,True,low_liquidity,0,0,0,0,0,4590.69,0,0,0,False,False,False,False,0.351,0.3,0.2,1.0,0.3,0.9,0.5,0,0,up,0.27999999999999997,15.125000000000002,,,10909.85699214794,14,1,0.0,0.0,jupiter,True,10.0,0.0,False,,0,1.0,True,
af134ad3-18ff-4568-b912-0934b0962a55,J3CnzPKh1CXdynjV3TUhQp9wFnqmNydX1CmGSY8xUWL3,J3CnzPKh,completed,2025-11-26T23:58:35.502176,2025-11-27T00:04:09.511310,5.5668189,9.451e-06,9.418e-06,9.453e-06,9.451e-06,49.068068987408736,5210030.684583642,0.4466485784367542,-0.17193101259125765,-0.34916940006348024,False,low_liquidity,0,0,0,0,0,17989.83,0,0,0,False,False,False,False,0.3845,0.5,0.2,0.2,0.3,0.9,0.5,0,0,sideways,0.21000000000000002,0.0,,,10985.833461990254,13,2,0.0,0.0,jupiter,True,10.0,0.3702528297894902,False,,0,1.0,True,
e6626221-7cde-45c9-93cd-67c5035300c1,7s2Ys5zqxU2kCp91mNDZa4gquwFyV2BwYPp58TrRwdJg,7s2Ys5zq,completed,2025-11-26T22:56:13.871668,2025-11-27T00:06:24.834309,70.18271068333334,5.096e-06,7.948e-06,7.948e-06,5.096e-06,87.7669649398221,11042647.828362115,0.8015313976130043,31.49363160648876,55.965463108320264,True,low_liquidity,0,0,0,0,0,17.84,0,0,0,False,False,False,False,0.2965833333333333,0.2,0.2,0.6,0.3,0.9,0.5,0,0,sideways,0.2683333333333333,0.0,,,10949.909785342905,13,3,0.0,0.0,jupiter,True,10.0,0.0,False,,0,1.0,True,
79e8d963-8487-4cfc-93e1-d13f9a701597,J2zeUmduE8UGqVvVfVuiUzmn3sc21jRmsSqhewKhXf6M,J2zeUmdu,completed,2025-11-26T23:57:08.714980,2025-11-27T00:06:24.891729,9.269612483333333,6.196e-05,3.307e-05,8.267e-05,6.196e-05,29.68258446309447,897568.3236496665,0.269645713978123,-25.93074887023886,-46.626856036152354,False,low_liquidity,0,0,0,0,0,0.0,0,0,0,False,False,False,False,0.30483333333333335,0.2,0.2,0.8,0.3,0.9,0.5,0,0,up,0.30333333333333334,17.375000000000004,,,11007.994165819633,12,4,0.0,0.0,jupiter,True,10.0,59.99758074271199,False,,0,1.0,True,
a25b6903-d66a-479a-b57d-514772ec6fdc,2aSE9gqWgFXfV5QMpQY22siqcscrxK7SJik29yg2bQgC,2aSE9gqW,completed,2025-11-26T23:47:00.743031,2025-11-27T00:08:14.412256,21.227820416666667,0.2685,0.509,0.509,0.2685,98.42562383612663,193.3705772811918,0.8947292592594142,46.505623836126624,89.57169459962755,True,low_liquidity,0,0,0,0,0,12735.92,0,0,0,False,False,False,False,0.351,0.3,0.2,1.0,0.3,0.9,0.5,0,0,up,0.27999999999999997,15.125000000000002,,,11000.604128850726,14,5,0.0,0.0,jupiter,True,10.0,0.0,False,,0,1.0,True,
c4a3b8f3-d768-4aae-a7f4-52582b61e774,A1nPmZaZnA6PJWhzwBk2RakrDTTJZV1sk3Ryzi5gSTci,A1nPmZaZ,completed,2025-11-26T23:56:44.908862,2025-11-27T00:08:14.496013,11.493119183333333,1.368e-05,1.362e-05,1.397e-05,1.368e-05,53.802982456140356,3950292.397660819,0.48711523606877044,-0.23701754385964685,-0.438596491228066,False,low_liquidity,0,0,0,0,0,25879.84,0,0,0,False,False,False,False,0.3245,0.3,0.2,0.4,0.3,0.9,0.5,0,0,sideways,0.21000000000000002,0.0,,,11045.22677023071,13,6,0.0,0.0,jupiter,True,10.0,2.505368647100931,False,,0,1.0,True,
556cba2e-defa-42ad-bd5b-afbd1e607aaa,2LxkNorhfmXhbuz6LfMZNqf7deuNJVJxXx77utZQu99N,2LxkNorh,completed,2025-11-27T00:07:19.503154,2025-11-27T00:10:06.007161,2.7750667833333336,0.1564,0.1558,0.1862,0.1564,51.720818414322245,331.9693094629156,0.46569137548646306,-0.19918158567775507,-0.3836317135549982,False,trailing_stop,0,0,0,0,0,21133.32,0,0,0,False,False,False,False,0.351,0.3,0.2,1.0,0.3,0.9,0.5,0,0,up,0.27999999999999997,15.125000000000002,,,11106.243563195578,13,7,0.0,0.0,jupiter,True,10.0,16.326530612244902,False,,0,1.0,True,
c3609f68-7bef-4b6a-9dc1-4e57f60e64ff,4uX3r4mzijK2ja2QQWy5U6xbTuoqrb72VQMeguWK4Fe2,4uX3r4mz,completed,2025-11-27T00:07:22.695715,2025-11-27T00:12:02.313149,4.660290566666666,0.001104,0.001142,0.001142,0.001104,58.30682367149759,51056.76328502416,0.5244337937927617,1.940157004830921,3.442028985507252,True,low_liquidity,0,0,0,0,0,5403.74,0,0,0,False,False,False,False,0.29541666666666666,0.2,0.2,0.6,0.3,0.9,0.5,0,0,up,0.2916666666666667,16.25,,,11118.052337896908,14,8,0.0,0.0,jupiter,True,10.0,0.0,False,,0,1.0,True,
7e65c740-ffdc-402e-a4bd-0e53185eef97,ALJHujbDdsURp1WZ9NmDL2pssP8Vc9rAcjwUMEF2wJng,ALJHujbD,completed,2025-11-27T00:07:46.330588,2025-11-27T00:12:02.373722,4.2673855666666665,0.3882,0.3551,0.5879,0.3882,47.493024214322524,133.74549201442557,0.4267552833159885,-4.426975785677481,-8.526532715095303,False,trailing_stop,0,0,0,0,0,31905.56,0,0,0,False,False,False,False,0.351,0.3,0.2,1.0,0.3,0.9,0.5,0,0,up,0.27999999999999997,15.125000000000002,,,11128.866137354084,13,9,0.0,0.0,jupiter,True,10.0,39.59857118557577,False,,0,1.0,True,
b902ca6c-30c0-44db-8ee0-5ce353353d84,5D3LkRRNxKSdh1ZPPfjRQqzn5dhvGquKsJb4pAJkH9Kp,5D3LkRRN,completed,2025-11-27T00:09:21.072626,2025-11-27T00:14:14.668216,4.8932598333333335,0.4229,0.1049,0.6282,0.4229,12.878713643887442,122.77134074249231,0.11513677078136988,-39.04128635611256,-75.19508157956965,False,stop_loss,0,0,0,0,0,17348.36,0,0,0,False,False,False,False,0.351,0.3,0.2,1.0,0.3,0.9,0.5,0,0,up,0.27999999999999997,15.125000000000002,,,11185.578296565642,14,10,0.0,0.0,jupiter,True,10.0,83.30149633874562,False,,0,1.0,True,
49cab822-773e-4081-8b66-18e4570170cd,9Z1J1yNKBRf15dacFGe4CYLeUf3jDLvSLxk62hBJ1BPg,9Z1J1yNK,completed,2025-11-26T23:52:37.791246,2025-11-27T00:16:34.123056,23.9388635,1.319e-05,1.401e-05,1.449e-05,1.319e-05,58.249310083396516,4157695.2236542837,0.5178518328185966,3.409310083396508,6.216830932524632,True,low_liquidity,0,0,0,0,0,0.0,0,0,0,False,False,False,False,0.3145,0.3,0.2,0.2,0.3,0.9,0.5,0,0,sideways,0.21000000000000002,0.0,,,11248.257974941112,13,11,0.0,0.0,jupiter,True,10.0,3.312629399585924,False,,0,1.0,True,
050b3473-818a-41b1-ae44-fee3b3fc80b2,2bwy9hAhGJsTVgH2iTfYjFDDwLxawGHxzyRRdiDnL44k,2bwy9hAh,completed,2025-11-26T23:44:30.113280,2025-11-27T00:16:34.197257,32.06806628333333,0.0001901,0.0003378,0.0003877,0.0001901,82.79091215149921,245088.54988602488,0.7376425900390664,36.199578818165875,77.69594950026301,True,trailing_stop,0,0,0,0,0,98499.07,0,0,0,False,False,False,False,0.3148333333333333,0.2,0.2,1.0,0.3,0.9,0.5,0,0,up,0.30333333333333334,17.375000000000004,,,11223.716372873008,12,12,0.0,0.0,jupiter,True,10.0,12.870776373484643,False,100,1,1.0,True,
d3caffe5-4462-4b01-9634-428ff2920f51,5eLQHkzaaE9K7KPeDBP7RsNFMuhFh49Q4XczBgQsa9sV,5eLQHkza,completed,2025-11-27T00:13:20.779997,2025-11-27T00:18:37.200012,5.2736669166666665,3.49e-05,4.898e-05,5.068e-05,3.49e-05,78.04988729703916,1593505.253104107,0.6989055936857369,22.436553963705826,40.343839541547275,True,low_liquidity,0,0,0,0,0,0.0,0,0,0,False,False,False,False,0.30483333333333335,0.2,0.2,0.8,0.3,0.9,0.5,0,0,up,0.30333333333333334,17.375000000000004,,,11167.443500550136,11,13,0.0,0.0,jupiter,True,10.0,3.354380426203632,False,,0,1.0,True,
50ec940d-1dcc-4051-b767-b2146d39eeaf,6UcMCLmngb3hT7FgZx3c4b8AeyojKVL2FSrfo5BC81Mg,6UcMCLmn,completed,2025-11-27T00:01:10.561262,2025-11-27T00:18:37.247657,17.44477325,7.195e-05,9.037e-05,0.0001553,7.195e-05,63.26653606671301,700083.3912439195,0.5657776121456484,12.895536066713,25.601111883252265,True,trailing_stop,0,0,0,0,0,147917.7,0,0,0,False,False,False,False,0.25925,0.1,0.2,0.6,0.3,0.9,0.5,0,0,up,0.315,20.75,,,11182.226851780462,10,14,0.0,0.0,jupiter,True,10.0,41.809401159047006,False,100,1,1.0,True,
6039b86a-16d5-437e-89ee-bb9b446a15fe,5PeUpunBFVW97WsjatwAs2VR9ZMTGhUGyxX1NKxTYSEd,5PeUpunB,completed,2025-11-27T00:11:42.638456,2025-11-27T00:18:37.292598,6.910902366666666,0.295,0.5685,0.8142,0.295,85.04760000000002,149.60000000000002,0.7620448288240422,40.91560000000001,92.71186440677968,True,trailing_stop,0,0,0,0,0,40334.84,0,0,0,False,False,False,False,0.351,0.3,0.2,1.0,0.3,0.9,0.5,0,0,up,0.27999999999999997,15.125000000000002,,,11160.445787847173,9,15,0.0,0.0,jupiter,True,10.0,30.17686072218129,False,100,1,1.0,True,
e19a38e6-a799-41cf-8f3b-77594f6ae9d3,Cns5X4wNjHJGYJqfdywyuw7sDW8szU35kYyb5NU851XA,Cns5X4wN,completed,2025-11-26T23:44:45.934629,2025-11-27T00:24:49.943051,40.06680703333333,4.039e-05,7.509e-05,7.509e-05,4.039e-05,104.87935627630604,1396715.3585871093,0.9348737456880305,48.46602294297269,85.91235454320378,True,low_liquidity,0,0,0,0,0,0.0,0,0,0,False,False,False,False,0.29483333333333334,0.2,0.2,0.6,0.3,0.9,0.5,0,0,up,0.30333333333333334,17.375000000000004,,,11218.558309081503,10,16,0.0,0.0,jupiter,True,10.0,0.0,False,,0,1.0,True,
68f2aa90-eb25-4324-a193-3b9106df28c3,2v14QDg55ZuQ9iXN7fw4vtvJ2897fbnA2tYBN8SiJveW,2v14QDg5,completed,2025-11-27T00:11:15.636323,2025-11-27T00:24:49.988738,13.57254025,1.11e-05,1.249e-05,1.262e-05,1.11e-05,61.707351351351356,4940540.540540541,0.5479384573310603,6.867351351351353,12.522522522522525,True,low_liquidity,0,0,0,0,0,0.0,0,0,0,False,False,False,False,0.3145,0.3,0.2,0.2,0.3,0.9,0.5,0,0,sideways,0.21000000000000002,0.0,,,11261.730314006458,9,17,0.0,0.0,jupiter,True,10.0,1.030110935023762,False,,0,1.0,True,
5e39fce7-907d-41ba-9aef-ed71169c3aa6,9KuDBZDkMeDw829cHY1c2mVv2hNKkE6vgV4BuXs638tY,9KuDBZDk,completed,2025-11-27T00:05:33.199565,2025-11-27T00:27:09.997694,21.61330215,0.0001787,0.0002228,0.0002228,0.0001787,68.34029472113411,306733.81831747806,0.606063544316327,13.526961387800778,24.67823167319529,True,low_liquidity,0,0,0,0,0,6.81,0,0,0,False,False,False,False,0.3148333333333333,0.2,0.2,1.0,0.3,0.9,0.5,0,0,up,0.30333333333333334,17.375000000000004,,,11276.093961108601,10,18,0.0,0.0,jupiter,True,10.0,0.0,False,,0,1.0,True,
85b4c018-8ee5-4d19-b850-43ac65150822,EUPisNK4WwfYrd28cEQj9vBXyxjieVhRXsLvY4dupump,EUPisNK4,completed,2025-11-27T00:25:54.002837,2025-11-27T00:29:19.952260,3.432490383333333,0.0008926,0.0008926,0.0008926,0.0008926,54.67333333333334,61251.77384420047,0.48334748203515565,0.0,0.0,False,low_liquidity,0,0,0,0,0,0.0,0,0,0,False,False,False,False,0.3165833333333333,0.2,0.2,1.0,0.3,0.9,0.5,0,0,sideways,0.2683333333333333,0.0,,,11311.393017530347,10,19,0.0,0.0,jupiter,True,10.0,0.0,False,,0,1.0,True,
29dd2a42-53c2-466f-8122-fc24d79985d0,9otf7onvnJiZYdheSEPAKC1RXwHqYr63hSJ3Rrnub81H,9otf7onv,completed,2025-11-27T00:30:54.916681,2025-11-27T00:31:31.379524,0.60771405,0.2242,0.2242,0.2242,0.2242,51.92,231.57894736842104,0.4577091624611607,0.0,0.0,False,low_liquidity,0,0,0,0,0,1973.22,0,0,0,False,False,False,False,0.351,0.3,0.2,1.0,0.3,0.9,0.5,0,0,up,0.27999999999999997,15.125000000000002,,,11343.447817565966,11,20,0.0,0.0,jupiter,True,10.0,0.0,False,,0,1.0,True,
52952124-4369-4b07-9d25-1ba31c3243eb,FN2eGo8p8UouusbRHjfCYo6CuDNRdY4xMPvawRtHfDEq,FN2eGo8p,completed,2025-11-27T00:24:26.068066,2025-11-27T00:35:45.953618,11.331425866666667,0.0001814,0.0002547,0.0002547,0.0001814,76.96227122381478,302168.3204704153,0.677758625205393,22.148937890481445,40.4079382579934,True,low_liquidity,0,0,0,0,0,3.59,0,0,0,False,False,False,False,0.3148333333333333,0.2,0.2,1.0,0.3,0.9,0.5,0,0,up,0.30333333333333334,17.375000000000004,,,11355.410076926955,10,21,0.0,0.0,jupiter,True,10.0,0.0,False,,0,1.0,True,
29c29abc-2aab-442b-9bf8-2a4fe5d86ebb,9xRKdPBdwWMLArEpWWMZ7AUfCGtDLe67YPT79ez75HDn,9xRKdPBd,completed,2025-11-27T00:22:08.542766,2025-11-27T00:43:53.186063,21.744054950000002,5.073e-05,6.216e-05,6.216e-05,5.073e-05,67.163351074315,1080491.4908995335,0.5781544177354146,12.350017740981672,22.5310467179184,True,low_liquidity,0,0,0,0,0,0.0,0,0,0,False,False,False,False,0.3148333333333333,0.2,0.2,1.0,0.3,0.9,0.5,0,0,up,0.30333333333333334,17.375000000000004,,,11616.85338968585,13,22,0.0,0.0,jupiter,True,10.0,0.0,False,,0,1.0,True,
47b3625f-8fc1-4e9c-8d58-ba64cf6244a0,8XeKqrSktRtA6FcBFFeozSvqMwJZYJ1yp3zp27UQLv4a,8XeKqrSk,completed,2025-11-27T00:31:13.824752,2025-11-27T00:43:53.230463,12.65676185,3.201e-05,2.424e-05,4.142e-05,3.201e-05,43.078188066229295,1777152.9730292615,0.3700576879710457,-13.808478600437365,-24.27366447985005,False,low_liquidity,0,0,0,0,0,0.0,0,0,0,False,False,False,False,0.28891666666666665,0.2,0.2,0.4,0.3,0.9,0.5,0,0,sideways,0.22166666666666668,0.0,,,11640.938552693937,12,23,0.0,0.0,jupiter,True,10.0,41.477547078705946,False,,0,1.0,True,
825c4340-6dfc-4075-8ba2-b9d9374a79a9,5LDMAnftPZQTdLXnb7NkbCaJ1NCNcDyHEJqvfbqcPy5w,5LDMAnft,completed,2025-11-27T00:41:23.422983,2025-11-27T00:43:53.294969,2.4978664333333334,3.066e-05,1.064e-05,3.066e-05,3.066e-05,16.090715372907155,1512285.2794085671,0.13790553126491134,-30.275951293759515,-65.29680365296804,False,stop_loss,0,0,0,0,0,10154.8,0,0,0,False,False,False,False,0.42041666666666666,0.5,0.2,1.0,0.3,0.9,0.5,0,0,sideways,0.2916666666666667,0.0,,,11667.92602538726,11,24,0.0,0.0,jupiter,True,10.0,65.29680365296804,False,,0,1.0,True,
8f9c51f6-ee80-41b6-914d-e5124d704739,EE5FFkjKypwGhPssg1vZNQeG1XvLb1LezpWncgzBoVU7,EE5FFkjK,completed,2025-11-27T00:40:43.508330,2025-11-27T00:45:46.385802,5.047957866666667,0.4655,0.4576,0.8953,0.4655,51.03886573576799,111.5359828141783,0.43865157972815444,-0.8811342642320106,-1.697099892588618,False,trailing_stop,0,0,0,0,0,36150.97,0,0,0,False,False,False,False,0.351,0.3,0.2,1.0,0.3,0.9,0.5,0,0,up,0.27999999999999997,15.125000000000002,,,11635.399960806777,11,25,0.0,0.0,jupiter,True,10.0,48.888640679101975,False,,0,1.0,True,
5fe660ea-8046-4bcc-aac6-bd4870b01071,2MqbeRBWhYq5vbhAyQrDjKuQXVkvXhreyoZi3UzP86dz,2MqbeRBW,completed,2025-11-27T00:26:21.169896,2025-11-27T00:50:15.746252,23.909605933333335,0.0009072,0.003618,0.003618,0.0009072,150.14380952380955,41499.118165784836,1.304767640043037,112.49580952380954,298.8095238095238,True,low_liquidity,0,0,0,0,0,0.0,0,0,0,False,False,False,False,0.27599999999999997,0.2,0.2,0.2,0.3,0.9,0.5,0,0,up,0.27999999999999997,15.125000000000002,,,11507.321680575795,12,26,0.0,0.0,jupiter,True,10.0,0.0,False,"200,100",2,1.0,True,
aabe1d50-cf76-4d6e-ad1e-91681f3718db,31YkVPfB1n3Cj6TVVEwWsKnKSbpyLQbUh36DshJPwcYH,31YkVPfB,completed,2025-11-27T00:38:54.998698,2025-11-27T00:50:15.796987,11.346638149999999,1.052e-05,1.243e-05,1.244e-05,1.052e-05,64.68641318124207,5204055.766793409,0.5579888372929924,9.939746514575413,18.155893536121678,True,low_liquidity,0,0,0,0,0,0.0,0,0,0,False,False,False,False,0.31566666666666665,0.3,0.2,0.2,0.3,0.9,0.5,0,0,sideways,0.18666666666666665,0.0,,,11592.779076918363,11,27,0.0,0.0,jupiter,True,10.0,0.08038585209003138,False,,0,1.0,True,
f8ff4388-aaad-437d-9b4a-48aa42ebea59,7pPqwuZG22ujX2zetz2VCeuNy4uLgASYf1DpAmveUJf2,7pPqwuZG,completed,2025-11-27T00:47:24.901268,2025-11-27T00:50:15.837806,2.8489423,2.886e-05,2.028e-05,2.886e-05,2.886e-05,40.53657657657657,1998844.9988449987,0.3489440012789333,-17.150090090090092,-29.729729729729737,False,low_liquidity,0,0,0,0,0,0.0,0,0,0,False,False,False,False,0.27891666666666665,0.2,0.2,0.2,0.3,0.9,0.5,0,0,sideways,0.22166666666666668,0.0,,,11616.928913523028,10,28,0.0,0.0,jupiter,True,10.0,29.729729729729737,False,,0,1.0,True,
bbe1af7c-7c6f-4822-baaf-3ca20d645b4b,3yYsPfdJZ5B18ST9ENXGxwBAMiAgdofZLNmFPSe6gvVL,3yYsPfdJ,completed,2025-11-27T00:36:46.866403,2025-11-27T00:50:15.892608,13.483770083333333,0.5358,0.2213,2.028,0.5358,13.938843598357595,62.986188876446434,0.11971324514936431,-19.809156401642408,-58.697275102650245,False,stop_loss,0,0,0,0,0,25153.59,0,0,0,False,False,False,False,0.351,0.3,0.2,1.0,0.3,0.9,0.5,0,0,up,0.27999999999999997,15.125000000000002,,,11643.526646501246,9,29,0.0,0.0,jupiter,True,10.0,89.08777120315582,False,"200,100",2,1.0,True,
3a0fb294-6a6c-47be-bd97-2ef7fa91f23d,GZo849SuXczak1srvtKAaZYaG8EBTVjqaxv97gFg5U22,GZo849Su,completed,2025-11-26T23:57:11.903594,2025-11-27T00:52:15.504666,55.06001786666666,0.0002372,0.001787,0.001787,0.0002372,88.65689713322088,49612.14165261381,0.7621409271747124,76.8888971332209,653.372681281619,True,low_liquidity,0,0,0,0,0,1769181.61,0,0,0,False,False,False,False,0.2645,0.1,0.2,0.6,0.3,0.9,0.5,0,0,sideways,0.21000000000000002,0.0,,,11632.61202385176,9,30,0.0,0.0,jupiter,True,10.0,0.0,False,"400,100,500,200,600,300",6,1.0,True,
73e63d12-b8ea-49f8-864b-3957ccd528ec,FjQdmJoLo3CFmnKwxAKVScLcP4wb4JvUqLJY12DFAioT,FjQdmJoL,completed,2025-11-27T00:46:49.099276,2025-11-27T00:58:30.225591,11.685438583333333,0.4384,0.6234,1.54,0.4384,47.98928649635036,76.97992700729927,0.4048242780267409,14.24128649635036,42.19890510948904,True,trailing_stop,0,0,0,0,0,42232.17,0,0,0,False,False,False,False,0.351,0.3,0.2,1.0,0.3,0.9,0.5,0,0,up,0.27999999999999997,15.125000000000002,,,11854.349924433236,10,31,0.0,0.0,jupiter,True,10.0,59.519480519480524,False,"200,100",2,1.0,True,
2e03efe8-072c-4729-8814-b8e56fe9bbf6,Gx7tiHiSNnubcBFDBjkk1woEo8CQHvrLfvxg1NEwxBDz,Gx7tiHiS,completed,2025-11-27T00:51:39.539373,2025-11-27T01:02:43.449561,11.0651698,1.209e-05,1.418e-05,1.435e-05,1.209e-05,64.2107306313758,4528260.270195754,0.5332907510221607,9.464063964709128,17.28701406120761,True,low_liquidity,0,0,0,0,0,0.0,0,0,0,False,False,False,False,0.31566666666666665,0.3,0.2,0.2,0.3,0.9,0.5,0,0,sideways,0.18666666666666665,0.0,,,12040.473326848967,12,32,0.0,0.0,jupiter,True,10.0,1.1846689895470388,False,,0,1.0,True,
8bee8651-9af6-411a-8362-251efabdf42d,HQF8gBmcvbJ8VT48v2TJFU4DpmU76qEihBHtVciuojYb,HQF8gBmc,completed,2025-11-27T00:59:29.608215,2025-11-27T01:02:43.538279,3.232167733333333,1.277e-05,1.446e-05,1.446e-05,1.277e-05,61.991918559122944,4287131.297311407,0.5147679426161612,7.24525189245628,13.234142521534853,True,low_liquidity,0,0,0,0,0,0.0,0,0,0,False,False,False,False,0.31566666666666665,0.3,0.2,0.2,0.3,0.9,0.5,0,0,sideways,0.18666666666666665,0.0,,,12042.69213892122,11,33,0.0,0.0,jupiter,True,10.0,0.0,False,,0,1.0,True,
542f751b-8607-478e-99aa-8ba0903f84c0,s7tPCBnY5ipso3mVvz87B32Qv2HF5Jo5nKU77T3H2iH,s7tPCBnY,completed,2025-11-27T00:57:21.368238,2025-11-27T01:04:42.578241,7.353500049999999,0.0009812,0.001298,0.001298,0.0009812,75.37713004484306,58071.748878923776,0.6222073332520279,18.397130044843045,32.286995515695054,True,low_liquidity,0,0,0,0,0,0.0,0,0,0,False,False,False,False,0.28775,0.2,0.2,0.4,0.3,0.9,0.5,0,0,sideways,0.245,0.0,,,12114.471497929326,12,34,0.0,0.0,jupiter,True,10.0,0.0,False,,0,1.0,True,
189e0f41-c3d8-4cee-9cf4-b1f0f321eee5,6ufvSDksgrKwidJCNcQaihrRVUDbKwdipPEcWUwaMsq9,6ufvSDks,completed,2025-11-27T00:45:25.977359,2025-11-27T01:07:06.265098,21.67146231666667,0.4126,0.8478,1.96,0.4126,53.34194861851672,62.91808046534173,0.44512893770873646,27.38194861851672,105.4774600096946,True,trailing_stop,0,0,0,0,0,49161.8,0,0,0,False,False,False,False,0.351,0.3,0.2,1.0,0.3,0.9,0.5,0,0,up,0.27999999999999997,15.125000000000002,,,11983.482559702787,11,35,0.0,0.0,jupiter,True,10.0,56.74489795918368,False,"200,100,300",3,1.0,True,
3f533081-b60c-4a84-860d-c48d4f85d117,6mxwgUSF3YnhUipjSmcnwvEtEoymL649awsDxAvPdHJA,6mxwgUSF,completed,2025-11-27T00:53:26.919569,2025-11-27T01:07:06.306749,13.656452999999999,0.3904,1.19,1.99,0.3904,63.30409836065572,53.1967213114754,0.5287008013782954,42.53609836065572,204.81557377049177,True,trailing_stop,0,0,0,0,0,58475.41,0,0,0,False,False,False,False,0.351,0.3,0.2,1.0,0.3,0.9,0.5,0,0,up,0.27999999999999997,15.125000000000002,,,11973.520409960649,10,36,0.0,0.0,jupiter,True,10.0,40.20100502512563,False,"200,100,400,300",4,1.0,True,
c4c5e001-c164-43b4-b981-8c7181ad0c93,711aDpCp4rymhq4QH69EBqhQ4EY52QyhtD4TUZLjs5eM,711aDpCp,completed,2025-11-27T00:59:53.676379,2025-11-27T01:07:06.347819,7.211190666666667,0.4972,0.6401,1.54,0.4972,43.33034131134352,67.69308125502815,0.36128204764988847,9.673341311343524,28.74094931617056,True,trailing_stop,0,0,0,0,0,42718.28,0,0,0,False,False,False,False,0.35275,0.3,0.2,1.0,0.3,0.9,0.5,0,0,sideways,0.24499999999999997,0.0,,,11993.49416700996,9,37,0.0,0.0,jupiter,True,10.0,58.43506493506494,False,"200,100",2,1.0,True,
9c314311-0663-4a60-99c6-28d1b6cedf92,3XQojodUxbgTo5B83kCocDApqzB6dt6APxMbaSdcQdt9,3XQojodU,completed,2025-11-26T22:50:12.721422,2025-11-27T01:08:39.952486,138.45385106666666,0.0001442,0.0005651,0.001157,0.0001442,21.480592695330536,38012.02034211739,0.17898205381834378,15.999259361997208,291.88626907073507,True,low_liquidity,0,0,0,0,0,132.7,0,0,0,False,False,False,False,0.3148333333333333,0.2,0.2,1.0,0.3,0.9,0.5,0,0,up,0.30333333333333334,17.375000000000004,,,12001.534364519064,9,38,0.0,0.0,jupiter,True,10.0,51.1581676750216,False,"400,700,100,500,200,600,300",7,1.0,True,
520af4bf-d940-48bc-9bc1-5d9806ae131f,DQcfVNtD5PRqdbGgCscTqW7ja88N8k5KGHn22t7DtwZw,DQcfVNtD,completed,2025-11-27T01:03:35.103748,2025-11-27T01:08:40.023641,5.081998216666666,1.422e-05,1.421e-05,1.479e-05,1.422e-05,54.801434599156124,3856540.084388186,0.4578915181919412,-0.03856540084388149,-0.07032348804500636,False,low_liquidity,0,0,0,0,0,27024.69,0,0,0,False,False,False,False,0.3145,0.3,0.2,0.2,0.3,0.9,0.5,0,0,sideways,0.21000000000000002,0.0,,,11968.213522615239,8,39,0.0,0.0,jupiter,True,10.0,3.9215686274509887,False,,0,1.0,True,
9459a4d0-d71d-4de6-bba8-b6151680653a,DPtbY6JghzT9pH21JXJzbNoenionjm6X3xEwgTKBKw9H,DPtbY6Jg,completed,2025-11-27T01:07:49.924352,2025-11-27T01:10:51.284984,3.0226772,2.868e-05,2.016e-05,2.868e-05,2.868e-05,40.54962343096235,2011390.0511390052,0.338455056638546,-17.137043235704326,-29.707112970711297,False,low_liquidity,0,0,0,0,0,0.0,0,0,0,False,False,False,False,0.27891666666666665,0.2,0.2,0.2,0.3,0.9,0.5,0,0,sideways,0.22166666666666668,0.0,,,11980.800001539768,9,40,0.0,0.0,jupiter,True,10.0,29.707112970711297,False,,0,1.0,True,
47321636-01df-4a46-93f9-558d1a8e9cee,58D5WaVqSYzp98qvxFGCMRTF7n4pGnZ13joBu6ue1DtK,58D5WaVq,completed,2025-11-27T01:10:25.943619,2025-11-27T01:11:02.488364,0.6090790833333333,1.366e-05,1.337e-05,1.366e-05,1.366e-05,52.98408979990241,3962908.7359687663,0.4427074892285162,-1.1492435334309379,-2.122986822840402,False,low_liquidity,0,0,0,0,0,0.0,0,0,0,False,False,False,False,0.3233333333333333,0.3,0.2,0.4,0.3,0.9,0.5,0,0,sideways,0.23333333333333334,0.0,,,11968.193692009838,8,41,0.0,0.0,jupiter,True,10.0,2.122986822840402,False,,0,1.0,True,
da299678-314a-47e9-a4fd-1b24d70ccfad,HFHmRk7kvtdEnoB25fUqUBgyPXtaQsw3GQiTSWvCmnWd,HFHmRk7k,completed,2025-11-27T00:28:06.502245,2025-11-27T01:12:49.427858,44.71542688333333,3.733e-05,2.562e-05,6.486e-05,3.733e-05,39.5269541923386,1542816.322885972,0.3308142706774477,-18.06637914099473,-31.36887222073399,False,low_liquidity,0,0,0,0,0,36.6,0,0,0,False,False,False,False,0.28008333333333335,0.2,0.2,0.2,0.3,0.9,0.5,0,0,sideways,0.1983333333333333,0.0,,,11948.382429631758,8,42,0.0,0.0,jupiter,True,10.0,60.49953746530989,False,,0,1.0,True,
84ee17ba-339c-4919-b32b-4986cd6ce690,4LgvQrAgMQ3EaAtiwuf4ufZZNGXZxvDqV7cXHqqLKhov,4LgvQrAg,completed,2025-11-27T01:14:02.434642,2025-11-27T01:16:41.616403,2.6530293499999997,0.0001293,6.574e-05,0.0001293,0.0001293,27.79756328950761,422840.93838618207,0.23242681160945727,-26.87577004382573,-49.15699922660479,False,low_liquidity,0,0,0,0,0,22.66,0,0,0,False,False,False,False,0.3165833333333333,0.2,0.2,1.0,0.3,0.9,0.5,0,0,sideways,0.2683333333333333,0.0,,,11959.705981001613,10,43,0.0,0.0,jupiter,True,10.0,49.15699922660479,False,,0,1.0,True,
6a2af471-432b-4696-9514-a165058f2a88,GhabFkQoqT9Ta8KBDBcB3vP3SJNW97BRwvgWbcoauomf,GhabFkQo,completed,2025-11-27T01:14:18.000680,2025-11-27T01:16:41.685117,2.3947406166666667,1.372e-05,1.373e-05,1.373e-05,1.372e-05,54.172789115646275,3945578.231292518,0.45396201804053404,0.0394557823129248,0.07288629737609259,True,low_liquidity,0,0,0,0,0,0.0,0,0,0,False,False,False,False,0.3233333333333333,0.3,0.2,0.4,0.3,0.9,0.5,0,0,sideways,0.23333333333333334,0.0,,,11933.330755175473,9,44,0.0,0.0,jupiter,True,10.0,0.0,False,,0,1.0,True,
8ce08e8b-33ac-41d3-89b0-bb7d171bd9af,9v5JmzUG2nfU8BVYxSKQQxRbfFMr2nmkBGpUG36pj6gP,9v5JmzUG,completed,2025-11-27T01:12:28.672541,2025-11-27T01:16:41.730831,4.217638166666666,0.3536,0.3927,0.5057,0.3536,57.661153846153844,146.83257918552036,0.483335420192447,5.741153846153841,11.057692307692298,True,trailing_stop,0,0,0,0,0,33444.16,0,0,0,False,False,False,False,0.351,0.3,0.2,1.0,0.3,0.9,0.5,0,0,up,0.27999999999999997,15.125000000000002,,,11929.842390444966,8,45,0.0,0.0,jupiter,True,10.0,22.34526399050821,False,,0,1.0,True,
63e7bb30-61e1-4c32-a6b6-bd2d373dac66,DkvjRKofULufcXrNYjgLDA4jikfvp6ckz8jqHEadhBu3,DkvjRKof,completed,2025-11-27T01:20:11.897669,2025-11-27T01:25:27.639526,5.262364283333333,0.0003173,0.0003173,0.0003173,0.0003173,49.38000000000001,155625.59092341634,0.4079921279686162,0.0,0.0,False,low_liquidity,0,0,0,0,0,51050.22,0,0,0,False,False,False,False,0.38275,0.5,0.2,0.2,0.3,0.9,0.5,0,0,sideways,0.245,0.0,,,12103.174697478094,13,46,0.0,0.0,jupiter,True,10.0,0.0,False,,0,1.0,True,
43b6c974-bc7f-4e98-8efe-df88f5be61ce,FyAJ7cQdFFeJVDTnmqMabR8uJifCEgGxX1EbCLJrhxB5,FyAJ7cQd,completed,2025-11-27T01:18:36.763442,2025-11-27T01:27:20.813682,8.734170666666667,2.869e-05,2.494e-05,4.572e-05,2.869e-05,50.14658301382595,2010688.9740908563,0.4149009923294686,-7.540083652840718,-13.07075636110144,False,low_liquidity,0,0,0,0,0,0.0,0,0,0,False,False,False,False,0.27891666666666665,0.2,0.2,0.2,0.3,0.9,0.5,0,0,sideways,0.22166666666666668,0.0,,,12086.397463712276,12,47,0.0,0.0,jupiter,True,10.0,45.45056867891514,False,,0,1.0,True,
0a6a9132-8a41-4c2f-bc3d-b1ff3f4bd5e2,FcEY9GStJ8ezTHqfeCRtSVpLgtnNcZarUNyC3d47n6xe,FcEY9GSt,completed,2025-11-27T01:16:04.502382,2025-11-27T01:29:40.610922,13.601809,1.087e-05,1.256e-05,1.268e-05,1.087e-05,63.3661821527139,5045078.196872125,0.524281014140004,8.526182152713895,15.547378104875815,True,low_liquidity,0,0,0,0,0,0.0,0,0,0,False,False,False,False,0.3145,0.3,0.2,0.2,0.3,0.9,0.5,0,0,sideways,0.21000000000000002,0.0,,,12086.30113311572,12,48,0.0,0.0,jupiter,True,10.0,0.9463722397476383,False,,0,1.0,True,
161f7fb7-57e3-47d2-9a64-9798990caffc,Er2jLXh9X4gM3enoP5aL6Prwv6bYY4REb2BE4F9FViNY,Er2jLXh9,completed,2025-11-27T01:18:39.813856,2025-11-27T01:29:40.660001,11.014102416666667,1.343e-05,1.371e-05,1.558e-05,1.343e-05,56.07862993298585,4090344.9987589973,0.463705450814498,1.1452965996525153,2.0848845867460835,True,trailing_stop,0,0,0,0,0,25960.43,0,0,0,False,False,False,False,0.31333333333333335,0.3,0.2,0.2,0.3,0.9,0.5,0,0,sideways,0.23333333333333334,0.0,,,12093.588685335446,11,49,0.0,0.0,jupiter,True,10.0,12.002567394095,False,,0,1.0,True,
8edf1bd1-e367-4ef8-b940-7b7be6c2aa3b,Cwt5SSPM4VDc7vsnzLuepjHtZdqRKfiX14f2358RYd3i,Cwt5SSPM,completed,2025-11-27T01:24:50.601225,2025-11-27T01:29:40.707264,4.83510065,0.3518,0.3779,0.4802,0.3518,55.77193860147811,147.58385446276293,0.4611577731115507,3.851938601478114,7.418988061398525,True,trailing_stop,0,0,0,0,0,32836.47,0,0,0,False,False,False,False,0.351,0.3,0.2,1.0,0.3,0.9,0.5,0,0,up,0.27999999999999997,15.125000000000002,,,12093.895376666955,10,50,0.0,0.0,jupiter,True,10.0,21.303623490212413,False,,0,1.0,True,
ed02191e-f443-4223-83e2-41c13f80245c,7rdySvKhxfQJnBkis6iq2rMVqLg53bdWVyCLTYnZtyqa,7rdySvKh,completed,2025-11-27T01:04:08.924327,2025-11-27T01:31:58.481444,27.82595195,0.0001842,0.000309,0.000309,0.0001842,97.00564603691639,313934.1295693087,0.8032831887927863,39.17897937024972,67.75244299674266,True,low_liquidity,0,0,0,0,0,9.34,0,0,0,False,False,False,False,0.2771666666666667,0.2,0.2,0.2,0.3,0.9,0.5,0,0,sideways,0.25666666666666665,0.0,,,12076.145422973594,9,51,0.0,0.0,jupiter,True,10.0,0.0,False,,0,1.0,True,
6e1dd180-117f-4855-bb9c-1f44ab4db7f8,5kJf1wGZ5Jfb7WkJSARnSwLCtJr9PHgXqTsG8WDSQewJ,5kJf1wGZ,completed,2025-11-27T01:01:29.025012,2025-11-27T01:35:59.408910,34.5063983,0.000179,0.0004409,0.0004409,0.000179,114.46732830540039,259621.97392923653,0.9459098425682871,67.99499497206705,146.3128491620112,True,low_liquidity,0,0,0,0,0,9.82,0,0,0,False,False,False,False,0.3165833333333333,0.2,0.2,1.0,0.3,0.9,0.5,0,0,sideways,0.2683333333333333,0.0,,,12101.293712580939,9,52,0.0,0.0,jupiter,True,10.0,0.0,False,100,1,1.0,True,
df7745d3-1c62-4b7c-bb56-30d9f1007731,45HAtmGHaLBhY5T6cZzJ65AiqnuvbH6JBhj4MmDthPmE,45HAtmGH,completed,2025-11-27T01:28:35.852423,2025-11-27T01:42:13.310849,13.624307100000001,1.246e-05,1.42e-05,1.457e-05,1.246e-05,62.49823434991975,4401284.109149278,0.5106426861117587,7.658234349919745,13.964686998394868,True,low_liquidity,0,0,0,0,0,0.0,0,0,0,False,False,False,False,0.3145,0.3,0.2,0.2,0.3,0.9,0.5,0,0,sideways,0.21000000000000002,0.0,,,12239.132381549758,9,53,0.0,0.0,jupiter,True,10.0,2.539464653397391,False,,0,1.0,True,
da84e1b4-18aa-4131-b695-954080c69f15,4UjgDX9KGMV7fNFZTnfHfw4GxaR9qQCyLBENKBhxcGtq,4UjgDX9K,completed,2025-11-27T01:33:31.457888,2025-11-27T01:44:35.609200,11.069188533333334,1.455e-05,1.463e-05,1.482e-05,1.455e-05,54.430973654066456,3720504.009163804,0.44201972090435593,0.29764032073310775,0.5498281786941644,True,low_liquidity,0,0,0,0,0,26839.2,0,0,0,False,False,False,False,0.3233333333333333,0.3,0.2,0.4,0.3,0.9,0.5,0,0,sideways,0.23333333333333334,0.0,,,12314.150495978483,10,54,0.0,0.0,jupiter,True,10.0,1.282051282051281,False,,0,1.0,True,
2a1499bc-61c2-4933-a646-97bf0ddf651b,AmoCDyjrR6wX5AAQpVwEkba7iDpZm4AeZYaVHodm8X15,AmoCDyjr,completed,2025-11-27T00:14:08.916875,2025-11-27T01:46:48.388066,92.65785318333333,5.42e-06,1.118e-05,1.118e-05,5.42e-06,98.66521894218944,8825153.751537517,0.7996781760795589,50.832885608856095,106.27306273062732,True,low_liquidity,0,0,0,0,0,26.2,0,0,0,False,False,False,False,0.2965833333333333,0.2,0.2,0.6,0.3,0.9,0.5,0,0,sideways,0.2683333333333333,0.0,,,12338.115743748067,12,55,0.0,0.0,jupiter,True,10.0,0.0,False,100,1,1.0,True,
241c1ae6-ba9f-44e7-a264-53a2d88dfb20,DRMd1BY7rrMnHoF3istRekF2XrmYKkREBRgjrd3EqNJ5,DRMd1BY7,completed,2025-11-27T01:20:21.744016,2025-11-27T01:48:43.149397,28.35675635,5.034e-05,5.443e-05,0.000208,5.034e-05,30.42270096675938,558932.5917097075,0.24575760929771892,2.2860343000927017,8.124751688518069,True,trailing_stop,0,0,0,0,0,102212.96,0,0,0,False,False,False,False,0.2965833333333333,0.2,0.2,0.6,0.3,0.9,0.5,0,0,sideways,0.2683333333333333,0.0,,,12379.149135481828,14,56,0.0,0.0,jupiter,True,10.0,73.83173076923076,False,"200,100,300",3,1.0,True,
d8280e9d-da90-4178-aec3-bf0a58cae958,BSBd6DsNbdAZvwB92f1JjLo9JoYRBzhBTgLeve36zAGa,BSBd6DsN,completed,2025-11-27T01:10:41.749115,2025-11-27T01:50:48.639310,40.114836583333336,4.084e-05,0.0001003,0.0001003,4.084e-05,116.09487593862227,1157476.3303950375,0.9363574540623391,68.82354260528894,145.59255631733592,True,low_liquidity,0,0,0,0,0,0.0,0,0,0,False,False,False,False,0.30483333333333335,0.2,0.2,0.8,0.3,0.9,0.5,0,0,up,0.30333333333333334,17.375000000000004,,,12398.563757350417,13,57,0.0,0.0,jupiter,True,10.0,0.0,False,100,1,1.0,True,
91b713cf-df9a-47ac-b76c-a30fa3b1476d,GS6bCeVmF7qgbqt93FQJ9jPD4YjjTvAn8DUhR45pMDYt,GS6bCeVm,completed,2025-11-27T01:43:38.724865,2025-11-27T01:53:09.597506,9.514544016666667,0.0001857,0.0002323,0.0002323,0.0001857,68.56832166576916,295171.42344282893,0.5472888240020964,13.754988332435834,25.094238018309113,True,low_liquidity,0,0,0,0,0,3.23,0,0,0,False,False,False,False,0.3148333333333333,0.2,0.2,1.0,0.3,0.9,0.5,0,0,up,0.30333333333333334,17.375000000000004,,,12528.726818201298,13,58,0.0,0.0,jupiter,True,10.0,0.0,False,,0,1.0,True,
5e0e2980-9ff5-4464-8175-e8b24c2b3be2,F7SeW451cp7K4bJiQvteSYdNu74RewjNh4PeCY5JERN9,F7SeW451,completed,2025-11-27T01:48:25.058343,2025-11-27T01:53:09.652428,4.74323475,0.61,0.8924,0.8924,0.61,75.95640655737705,85.11475409836066,0.6066156996081836,24.03640655737705,46.295081967213115,True,low_liquidity,0,0,0,0,0,2913.88,0,0,0,False,False,False,False,0.351,0.3,0.2,1.0,0.3,0.9,0.5,0,0,up,0.27999999999999997,15.125000000000002,,,12521.338733309689,12,59,0.0,0.0,jupiter,True,10.0,0.0,False,,0,1.0,True,
a58b9041-2b2d-4da1-a868-3cdfb5c7c5bd,A8ajbjnSDZLye8kc5UtcfdU1vMrPrNWpgcrKpFZbb2NZ,A8ajbjnS,completed,2025-11-26T22:58:12.121916,2025-11-27T01:54:55.926811,176.73008158333332,5.821e-06,1.279e-05,1.282e-05,5.821e-06,111.56002977724332,8722441.733951785,0.8950025069662066,60.78669644390998,119.72169730286892,True,low_liquidity,0,0,0,0,0,25.8,0,0,0,False,False,False,False,0.2533333333333333,0.1,0.2,0.4,0.3,0.9,0.5,0,0,sideways,0.23333333333333334,0.0,,,12464.772881519491,14,60,0.0,0.0,jupiter,True,10.0,0.23400936037441272,False,100,1,1.0,True,
cbdc16ec-2830-4c5a-9b1b-a8c0daa20a93,AuHLVWQUiJocf5U4VA2mmjd6ZPoZGnhQyG2McHRFy28t,AuHLVWQU,completed,2025-11-27T01:43:47.798266,2025-11-27T01:54:55.982485,11.13640365,1.316e-05,1.384e-05,1.572e-05,1.316e-05,57.771833839918955,4174265.450861196,0.46148941146241923,2.8385005065856146,5.167173252279637,True,trailing_stop,0,0,0,0,0,26109.9,0,0,0,False,False,False,False,0.31333333333333335,0.3,0.2,0.2,0.3,0.9,0.5,0,0,sideways,0.23333333333333334,0.0,,,12518.561077456816,13,61,0.0,0.0,jupiter,True,10.0,11.959287531806611,False,,0,1.0,True,
1c2181a7-2929-47f5-b0e9-ef8d001dce24,C4Y6btrwFNpmHhkGwVDbkRKvoSnQutbLLVzoRKqKPoZ6,C4Y6btrw,completed,2025-11-27T01:45:59.770121,2025-11-27T01:54:56.025502,8.937589683333334,0.4254,0.6945,1.29,0.4254,55.096346967559946,79.33239304184298,0.44002320924532207,21.348346967559944,63.258110014104375,True,trailing_stop,0,0,0,0,0,44570.15,0,0,0,False,False,False,False,0.351,0.3,0.2,1.0,0.3,0.9,0.5,0,0,up,0.27999999999999997,15.125000000000002,,,12521.236564329176,12,62,0.0,0.0,jupiter,True,10.0,46.162790697674424,False,"200,100",2,1.0,True,
4214a53e-b6f4-4972-9b91-fef8792ff406,67dskdrf33iDy39R3wQr9uvojEG9xLWSYZqHYTbAJsyK,67dskdrf,completed,2025-11-27T01:51:31.041335,2025-11-27T01:54:56.068665,3.4171221666666667,0.4754,0.4707,0.6179,0.4754,51.406697517879685,109.21329406815315,0.4104351326343656,-0.5133024821203178,-0.9886411442995334,False,trailing_stop,0,0,0,0,0,36692.1,0,0,0,False,False,False,False,0.351,0.3,0.2,1.0,0.3,0.9,0.5,0,0,up,0.27999999999999997,15.125000000000002,,,12524.926213778857,11,63,0.0,0.0,jupiter,True,10.0,23.82262502022981,False,,0,1.0,True,
5a7f6afa-7792-4df5-aa0e-e077d686185a,8KrVrJHxTz2Ua7JVQLPXRRWCNFufCncSj8qcweRSTMvb,8KrVrJHx,completed,2025-11-26T23:02:24.411137,2025-11-27T01:56:59.421742,174.58351008333332,0.0001395,0.0003854,0.0003884,0.0001395,142.3705357228196,369409.7968936679,1.145307545772836,90.83786905615293,176.27240143369173,True,low_liquidity,0,0,0,0,0,0.0,0,0,0,False,False,False,False,0.24216666666666667,0.1,0.2,0.2,0.3,0.9,0.5,0,0,up,0.25666666666666665,15.125000000000002,,,12430.769032151109,12,64,0.0,0.0,jupiter,True,10.0,0.7723995880535578,False,100,1,1.0,True,
5af860eb-94fa-41c3-b6ba-474bc3e46821,C9aSzGQUz9rExyNcf5nzkJLHnwUwd282oHe4Qz9krFzj,C9aSzGQU,completed,2025-11-27T01:48:06.409989,2025-11-27T01:56:59.482079,8.884534833333333,4.122e-05,2.535e-05,4.927e-05,4.122e-05,34.20179524502669,1349183.244379751,0.27276469398935355,-21.41153808830665,-38.50072780203785,False,low_liquidity,0,0,0,0,0,0.0,0,0,0,False,False,False,False,0.30483333333333335,0.2,0.2,0.8,0.3,0.9,0.5,0,0,up,0.30333333333333334,17.375000000000004,,,12538.9377726289,11,65,0.0,0.0,jupiter,True,10.0,48.54881266490765,False,,0,1.0,True,
97cc4035-8e02-4858-beeb-639f7d1bb62d,8ZNY2Hmcqjri5TbKzDKni7PHkggciXpVzBHKy9JfRXjs,8ZNY2Hmc,completed,2025-11-27T01:54:27.890426,2025-11-27T01:56:59.524937,2.5272418500000002,0.2338,0.2454,0.2454,0.2338,54.496013686911894,222.07014542343885,0.4353188382673059,2.5760136869118906,4.961505560307955,True,low_liquidity,0,0,0,0,0,6144.28,0,0,0,False,False,False,False,0.351,0.3,0.2,1.0,0.3,0.9,0.5,0,0,up,0.27999999999999997,15.125000000000002,,,12518.643554187016,10,66,0.0,0.0,jupiter,True,10.0,0.0,False,,0,1.0,True,
6e1b6b3b-daaf-4de4-adbb-ebedc0e4a29e,DqMzKc3wM7W3pHveZ3R3vLE8P4nB9YLG59692suFpump,DqMzKc3w,completed,2025-11-27T01:53:44.712423,2025-11-27T01:56:59.568121,3.2475949666666666,0.0009369,0.001007,0.001222,0.0009369,58.76405877539405,58355.56978688584,0.4695724427692764,4.090725442060705,7.482121891343809,True,trailing_stop,0,0,0,0,0,54874.63,0,0,0,False,False,False,False,0.3165833333333333,0.2,0.2,1.0,0.3,0.9,0.5,0,0,sideways,0.2683333333333333,0.0,,,12514.375509098532,9,67,0.0,0.0,jupiter,True,10.0,17.59410801963993,False,,0,1.0,True,
3a441741-7c6e-4ad8-8096-c737bcfe1e07,DuiUPK58zmEM78rzRDuFdPMnd2tf5dv6isYdTEPxb4XE,DuiUPK58,completed,2025-11-27T01:48:15.646107,2025-11-27T01:59:06.045403,10.839988266666667,9.847e-06,1.079e-05,1.088e-05,9.847e-06,53.18113807927964,4928743.102806269,0.42365050140740923,4.647804745946308,9.576520767746514,True,low_liquidity,0,0,0,0,0,0.0,0,0,0,False,False,False,False,0.3933333333333333,0.5,0.2,0.4,0.3,0.9,0.5,0,0,sideways,0.23333333333333334,0.0,,,12553.068603154392,9,68,0.0,0.0,jupiter,True,10.0,0.8272058823529334,False,,0,1.0,True,
f2e84a90-e345-408a-9c3c-7b3befba4432,aSoBriUJorejhw67gvPu9aTrG2h8XTx8H2KrqWEUEcK,aSoBriUJ,completed,2025-11-27T01:55:51.007749,2025-11-27T01:59:06.101667,3.2515653,4.134e-06,5.689e-06,5.689e-06,4.134e-06,79.3854491211095,13954200.935333012,0.6337216343206808,21.69878245444284,37.61490082244801,True,low_liquidity,0,0,0,0,0,0.67,0,0,0,False,False,False,False,0.27891666666666665,0.2,0.2,0.2,0.3,0.9,0.5,0,0,sideways,0.22166666666666668,0.0,,,12526.864292112561,8,69,0.0,0.0,jupiter,True,10.0,0.0,False,,0,1.0,True,
ee6d5dda-db6d-44f0-852c-8fe130bac006,44DataWqiHL1smV6Esa4ZgVfFEVD2fpYX7WPiJRQ1FAf,44DataWq,completed,2025-11-26T21:50:24.915753,2025-11-27T02:03:22.651216,252.96225771666667,0.000156,0.0007674,0.0007674,0.000156,149.4626282051282,194764.95726495725,1.186018568515048,119.07929487179487,391.92307692307696,True,low_liquidity,0,0,0,0,0,0.0,0,0,0,False,False,False,False,0,0,0,0,0,0,0.5,0,0,,0,0,,,12602.047908260203,14,70,0.0,0.0,jupiter,True,10.0,0.0,False,"200,100,300",3,1.0,True,
543e5da7-1bc4-44ad-9961-d807a515e804,5R79WpzxnTtf7Fh5XaUSJFmGNak1vuJ2UrdY8HmaRpqk,5R79Wpzx,completed,2025-11-27T02:00:10.854740,2025-11-27T02:03:22.752099,3.1982893166666666,0.1952,0.1522,0.2054,0.1952,40.48270491803278,265.983606557377,0.31848490503308785,-11.437295081967214,-22.028688524590166,False,stop_loss,0,0,0,0,0,20871.97,0,0,0,False,False,False,False,0.351,0.3,0.2,1.0,0.3,0.9,0.5,0,0,up,0.27999999999999997,15.125000000000002,,,12711.027831547299,13,71,0.0,0.0,jupiter,True,10.0,25.90068159688413,False,,0,1.0,True,
df236f65-ff1f-42ea-84c3-5f358cdd07d5,5AvnxjjNzi2RnrsqVWpAPyjbhTg6goDwy2fzSvS9pyRJ,5AvnxjjN,completed,2025-11-27T01:20:31.178997,2025-11-27T02:03:45.913603,43.245576766666666,0.0001285,0.0002149,0.0002149,0.0001285,91.43423605706874,425473.411154345,0.7222249999719208,36.760902723735406,67.2373540856031,True,manual_closeall,0,0,0,0,0,111074.57,0,0,0,False,False,False,False,0.3165833333333333,0.2,0.2,1.0,0.3,0.9,0.5,0,0,sideways,0.2683333333333333,0.0,,,12660.076300408264,12,72,0.0,0.0,jupiter,True,10.0,0.0,False,,0,1.0,True,
095de194-7cc3-4c16-9769-668c70a41d87,A1xcvm61jNokezq9k1WheVbHshZA2HwgMf2ByzzMFtpi,A1xcvm61,completed,2025-11-27T01:42:00.040218,2025-11-27T02:03:46.008411,21.76613655,0.0002377,0.001143,0.001143,0.0002377,141.46848969289016,123769.45729911652,1.1218716731329157,112.04848969289017,380.8582246529238,True,manual_closeall,0,0,0,0,0,1135264.1,0,0,0,False,False,False,False,0.2645,0.1,0.2,0.6,0.3,0.9,0.5,0,0,sideways,0.21000000000000002,0.0,,,12610.042046772442,11,73,0.0,0.0,jupiter,True,10.0,0.0,False,"200,100,300",3,1.0,True,
2bebbed0-d10a-4ff9-aa3b-eebb26fae326,GhA6xuUtgz4J98nPpmqzYQ7ratCpt3EM9HCwCCDSrEhf,GhA6xuUt,completed,2025-11-27T01:45:56.634765,2025-11-27T02:03:46.152580,17.825296916666666,0.0001829,0.0002871,0.0002871,0.0001829,90.77110989611809,316165.4820484782,0.7169495148571674,32.94444322945142,56.971022416621096,True,manual_closeall,0,0,0,0,0,90733.48,0,0,0,False,False,False,False,0.2771666666666667,0.2,0.2,0.2,0.3,0.9,0.5,0,0,sideways,0.25666666666666665,0.0,,,12660.739426569213,10,74,0.0,0.0,jupiter,True,10.0,0.0,False,,0,1.0,True,
92fbc861-f796-4423-a7b3-454c4ba92683,9xN14etxrK2xTEgy3zSD7PhQ8vrRTGEUapGizC7nxQhk,9xN14etx,completed,2025-11-27T01:46:08.928206,2025-11-27T02:03:46.271621,17.622390250000002,0.04554,0.04798,0.04798,0.04554,57.55352364221932,1199.5315473576347,0.45339308762492436,2.926856975552634,5.3579270970575426,True,manual_closeall,0,0,0,0,0,58892.51,0,0,0,False,False,False,False,0.31716666666666665,0.2,0.2,1.0,0.3,0.9,0.5,0,0,sideways,0.25666666666666665,0.0,,,12693.957012823112,9,75,0.0,0.0,jupiter,True,10.0,0.0,False,,0,1.0,True,
47c68656-406f-46b7-a89c-ef331a08bca1,B2NrtmJyJzhoMFsSm9ZvqSt41rjmBfdDtXexLpi8nCzi,B2NrtmJy,completed,2025-11-27T01:53:51.301277,2025-11-27T02:03:46.400772,9.918324916666668,0.0001415,0.0001533,0.0001533,0.0001415,65.83413427561838,429446.40753828036,0.5189643199810343,5.0674676089517146,8.339222614841,True,manual_closeall,0,0,0,0,0,286265.43,0,0,0,False,False,False,False,0.24041666666666667,0.1,0.2,0.2,0.3,0.9,0.5,0,0,up,0.2916666666666667,18.5,,,12685.676402189712,8,76,0.0,0.0,jupiter,True,10.0,0.0,False,,0,1.0,True,
fc2386e3-3121-44bb-bac0-18aad753a151,CdtN4NaifxnM6JKKbWq3jQg2RYda154q4dCpTD3yXvQX,CdtN4Nai,completed,2025-11-27T01:56:21.342825,2025-11-27T02:03:46.543796,7.420016183333333,4.434e-05,4.871e-05,4.871e-05,4.434e-05,61.094394827845434,1254247.481581717,0.48142152429023677,5.481061494512104,9.855660802886785,True,manual_closeall,0,0,0,0,0,69684.91,0,0,0,False,False,False,False,0.30483333333333335,0.2,0.2,0.8,0.3,0.9,0.5,0,0,up,0.30333333333333334,17.375000000000004,,,12690.416141637485,7,77,0.0,0.0,jupiter,True,10.0,0.0,False,,0,1.0,True,
33aad645-24dc-4512-920f-b115bda9c113,Fy7AZZCHDCqFD1PgpsmdMFjGnd11PxAkuATP9twCiHFf,Fy7AZZCH,completed,2025-11-27T01:58:18.660919,2025-11-27T02:03:46.668948,5.4668004833333335,6.077e-05,7.793e-05,7.793e-05,6.077e-05,71.31721353738138,915144.5340354341,0.5624300175962436,15.703880204048042,28.23761724535131,True,manual_closeall,0,0,0,0,0,112677.05,0,0,0,False,False,False,False,0.30483333333333335,0.2,0.2,0.8,0.3,0.9,0.5,0,0,up,0.30333333333333334,17.375000000000004,,,12680.19332292795,6,78,0.0,0.0,jupiter,True,10.0,0.0,False,,0,1.0,True,
07b715d9-18cc-4e4c-bcab-44e216369c8b,G7bH3YMqMWCHbUUKs9CpdJFL8HcCoSC9S1ZrUvvALGi2,G7bH3YMq,completed,2025-11-27T01:59:58.135314,2025-11-27T02:03:46.797914,3.811043333333333,0.3497,0.5763,0.5763,0.3497,85.56332856734343,148.47011724335144,0.6755383325298364,33.64332856734344,64.79839862739492,True,manual_closeall,0,0,0,0,0,40624.1,0,0,0,False,False,False,False,0.351,0.3,0.2,1.0,0.3,0.9,0.5,0,0,up,0.27999999999999997,15.125000000000002,,,12665.947207897987,5,79,0.0,0.0,jupiter,True,10.0,0.0,False,,0,1.0,True,
936efc63-05b8-47d9-b9a1-008a5743088d,3GA9WXieteeoq5PZVtxYonHD1y7BtBYoZEu5wKn1xNN3,3GA9WXie,completed,2025-11-27T02:00:17.096375,2025-11-27T02:03:46.925613,3.4971539666666667,3.462e-05,4.303e-05,4.303e-05,3.462e-05,70.11743886000387,1629501.251684961,0.5529159006453669,13.704105526670526,24.292316580011565,True,manual_closeall,0,0,0,0,0,68916.35,0,0,0,False,False,False,False,0.29483333333333334,0.2,0.2,0.6,0.3,0.9,0.5,0,0,up,0.30333333333333334,17.375000000000004,,,12681.393097605325,4,80,0.0,0.0,jupiter,True,10.0,0.0,False,,0,1.0,True,
8534d805-aeae-4d4c-8efc-9fda456ed243,EGQ7wE1QhgDCqBG7PRrYqyErkJ16g1h4KeBkG4mjNfik,EGQ7wE1Q,completed,2025-11-27T02:00:23.595943,2025-11-27T02:03:47.038280,3.3907056166666667,0.4386,0.6147,0.6147,0.4386,72.76612859097128,118.37665298677611,0.5739221980512407,20.846128590971276,40.150478796169644,True,manual_closeall,0,0,0,0,0,41934.05,0,0,0,False,False,False,False,0.351,0.3,0.2,1.0,0.3,0.9,0.5,0,0,up,0.27999999999999997,15.125000000000002,,,12678.74440787436,3,81,0.0,0.0,jupiter,True,10.0,0.0,False,,0,1.0,True,
ae26ae27-6dd1-4a34-ae6b-b899b645f703,Bfk3GWkuMZLcSjuSWFove78uGcrvHBvs41BRumKV4KD7,Bfk3GWku,completed,2025-11-27T02:00:29.891061,2025-11-27T02:03:47.165331,3.2879045000000002,0.4231,0.6403,0.6403,0.4231,78.57333018199007,122.71330654691563,0.6200088338087307,26.653330181990075,51.335381706452374,True,manual_closeall,0,0,0,0,0,42797.35,0,0,0,False,False,False,False,0.351,0.3,0.2,1.0,0.3,0.9,0.5,0,0,up,0.27999999999999997,15.125000000000002,,,12672.937206283339,2,82,0.0,0.0,jupiter,True,10.0,0.0,False,,0,1.0,True,
ef734c39-ced0-4c31-bc4f-c1cec6119538,3o1rcHHuvwimpF4jzJTeKK6fxdYgWgXTh489uB1oCPJ1,3o1rcHHu,completed,2025-11-27T02:00:42.677342,2025-11-27T02:03:47.330812,3.077557833333333,1.115e-05,1.106e-05,1.115e-05,1.115e-05,53.696382660687604,4855007.473841555,0.42279650136251334,-0.4369506726457358,-0.8071748878923689,False,manual_closeall,0,0,0,0,0,20575.69,0,0,0,False,False,False,False,0.3233333333333333,0.3,0.2,0.4,0.3,0.9,0.5,0,0,sideways,0.23333333333333334,0.0,,,12700.290207616303,1,83,0.0,0.0,jupiter,True,10.0,0.8071748878923689,False,,0,1.0,True,
aded4e24-f8f2-4cd8-a4ef-b9a990d13f15,8XpGbFkTxNbAgQvW1Lx9TT7ZrXDqbsPMJQyR5rgxAWoA,8XpGbFkT,completed,2025-11-27T02:00:58.801619,2025-11-27T02:03:47.724649,2.8153838333333336,0.001152,0.00124,0.001224,0.001152,60.6724537037037,48929.398148148146,0.47795801206274013,4.305787037037035,7.638888888888887,True,manual_closeall,0,0,0,0,0,103860.55,0,0,0,False,False,False,False,0.29541666666666666,0.2,0.2,0.6,0.3,0.9,0.5,0,0,up,0.2916666666666667,16.25,,,12694.097006943657,0,84,0.0,0.0,jupiter,True,10.0,-1.3071895424836564,False,,0,1.0,True,
b98138eb-dba9-4e85-81f1-c9d1af02d67b,HYmUjjTfTUTHeLgKNH84KNQ7RSpQjf7pNM6rHunm6EJ4,HYmUjjTf,completed,2025-11-27T16:42:23.080753,2025-11-27T16:47:58.093509,5.583545933333334,5.195e-05,5.736e-05,5.736e-05,5.195e-05,61.40482771896054,1070516.5222970806,0.4818297922873669,5.791494385627203,10.413859480269485,True,low_liquidity,0,0,0,0,0,0.0,0,0,0,False,False,False,False,0.30483333333333335,0.2,0.2,0.8,0.3,0.9,0.5,0,0,up,0.30333333333333334,17.375000000000004,,,12744.091108907238,6,85,0.0,0.0,jupiter,True,10.0,0.0,False,,0,1.0,True,
8a28e2a4-5d7b-4ac0-8a61-d338fc692953,CaDpuj7FefxGTh1prwtaTAbN3FRnVzSaVq8HHsCyWC24,CaDpuj7F,completed,2025-11-27T16:47:10.928468,2025-11-27T16:47:58.174167,0.7874283166666667,0.171,0.171,0.171,0.171,51.92,303.62573099415204,0.40710150829850156,0.0,0.0,False,low_liquidity,0,0,0,0,0,0.0,0,0,0,False,False,False,False,0.351,0.3,0.2,1.0,0.3,0.9,0.5,0,0,up,0.27999999999999997,15.125000000000002,,,12753.5759366262,5,86,0.0,0.0,jupiter,True,10.0,0.0,False,,0,1.0,True,
44b3c76c-3c88-455c-b5fe-6806a07562c2,HwLa8RHhsRTxihnRL4gWA3MwJqqvXiyy9haYQ4dv5kGh,HwLa8RHh,completed,2025-11-27T16:41:27.084047,2025-11-27T16:50:10.118423,8.7172396,1.323e-05,1.333e-05,1.402e-05,1.323e-05,55.348551272360794,4152179.3902746285,0.43291399017284377,0.4152179390274589,0.7558578987150343,True,low_liquidity,0,0,0,0,0,25511.67,0,0,0,False,False,False,False,0.31333333333333335,0.3,0.2,0.2,0.3,0.9,0.5,0,0,sideways,0.23333333333333334,0.0,,,12785.114948644306,6,87,0.0,0.0,jupiter,True,10.0,4.921540656205422,False,,0,1.0,True,
b3efa5bb-3ec2-4066-b877-84d60aa4a457,2NkiUxb3XkgztQ4WmykVB18wZvRf3yjwDKyBRbyDRhBa,2NkiUxb3,completed,2025-11-27T16:45:50.513917,2025-11-27T16:56:36.574005,10.767668133333332,1.126e-05,1.243e-05,1.243e-05,1.126e-05,59.75820011841328,4807578.448786265,0.4612387984722804,5.624866785079925,10.390763765541731,True,low_liquidity,0,0,0,0,0,0.0,0,0,0,False,False,False,False,0.3233333333333333,0.3,0.2,0.4,0.3,0.9,0.5,0,0,sideways,0.23333333333333334,0.0,,,12956.021981746757,10,88,0.0,0.0,jupiter,True,10.0,0.0,False,,0,1.0,True,
a410f690-4c93-468d-9090-83d8f6e0517c,5BmNpMGZJqZUU9uz9G49QJxWV3zSzZcHTm4VKhB7xivQ,5BmNpMGZ,completed,2025-11-27T16:53:36.294859,2025-11-27T16:56:36.636967,3.0057017999999998,0.501,0.3454,0.5722,0.501,37.7572987358616,109.31470392548236,0.29093259486345907,-17.00936793080506,-31.05788423153693,False,stop_loss,0,0,0,0,0,50977.02,0,0,0,False,False,False,False,0.3154166666666667,0.2,0.2,1.0,0.3,0.9,0.5,0,0,up,0.2916666666666667,16.25,,,12978.022883129308,9,89,0.0,0.0,jupiter,True,10.0,39.636490737504374,False,,0,1.0,True,
91db3dfa-d0fb-4436-984e-977e95d6d471,22HaQHUM69JQ4emkYxmwDqKqkJb5PcdAzbenLbFm2V2z,22HaQHUM,completed,2025-11-27T16:50:03.566841,2025-11-27T16:58:50.349560,8.779711983333334,1.327e-05,1.336e-05,1.443e-05,1.327e-05,55.30590303943734,4139663.401155489,0.42366998852968757,0.3725697061039975,0.6782215523737817,True,low_liquidity,0,0,0,0,0,25534.49,0,0,0,False,False,False,False,0.31333333333333335,0.3,0.2,0.2,0.3,0.9,0.5,0,0,sideways,0.23333333333333334,0.0,,,13054.005366623207,10,90,0.0,0.0,jupiter,True,10.0,7.415107415107414,False,,0,1.0,True,
c0a27db2-65fe-494a-a54c-eb1b1dc1f75c,9siszerQQ2FD3AbrXLcVoTbS98QM49SDV1LAeAA5x6Ms,9siszerQ,completed,2025-11-27T16:51:55.939193,2025-11-27T17:02:34.411349,10.641202600000002,0.7116,0.5047,1.57,0.7116,31.30047835862845,62.017987633501974,0.2379244329677357,-12.831521641371557,-29.075323215289483,False,stop_loss,0,0,0,0,0,37876.14,0,0,0,False,False,False,False,0.351,0.3,0.2,1.0,0.3,0.9,0.5,0,0,up,0.27999999999999997,15.125000000000002,,,13155.638522788042,9,91,0.0,0.0,jupiter,True,10.0,67.85350318471338,False,100,1,1.0,True,
32815320-9e1b-4fe3-9dd1-bc756516cd51,HXUHpFhvtnRw5Jogh62fLVaAL1ht1uvuyYR4YAdUpPnk,HXUHpFhv,completed,2025-11-27T16:57:38.597390,2025-11-27T17:04:54.894977,7.27162645,0.07259,0.07219,0.07259,0.07259,46.06475823116131,638.1044220967075,0.3537692896408437,-0.25524176883868144,-0.5510400881664107,False,low_liquidity,0,0,0,0,0,18791.74,0,0,0,False,False,False,False,0.421,0.5,0.2,1.0,0.3,0.9,0.5,0,0,sideways,0.27999999999999997,0.0,,,13021.129753215018,9,92,0.0,0.0,jupiter,True,10.0,0.5510400881664107,False,,0,1.0,True,
d9e01d80-7d9a-4a99-b32b-75b5a31eb66b,AcPPKC7JCfExTnUSGz76GU1xfHaieCZ2RoiwdhnQ5RWf,AcPPKC7J,completed,2025-11-27T16:49:30.234840,2025-11-27T17:04:54.964427,15.412159783333333,0.0009675,0.00174,0.004641,0.0009675,47.32320413436692,27197.243755383286,0.3634690621541761,21.00987080103359,79.84496124031007,True,trailing_stop,0,0,0,0,0,65164.29,0,0,0,False,False,False,False,0.3421666666666667,0.3,0.2,0.8,0.3,0.9,0.5,0,0,sideways,0.25666666666666665,0.0,,,13019.871307311812,8,93,0.0,0.0,jupiter,True,10.0,62.50808015513898,False,"200,100,300",3,1.0,True,
dd48b128-eff1-49e4-9786-f6cb33e4d683,vA1dtamtu8oLL9ZF8E3FC3HdMmHCiFgeGmG2wNu1XQj,vA1dtamt,completed,2025-11-27T16:56:02.987677,2025-11-27T17:04:55.014885,8.867120133333334,0.5101,0.7989,1.67,0.5101,52.85488570868458,66.15957655361694,0.40612806510871585,19.106885708684576,56.61634973534602,True,trailing_stop,0,0,0,0,0,47641.31,0,0,0,False,False,False,False,0.351,0.3,0.2,1.0,0.3,0.9,0.5,0,0,up,0.27999999999999997,15.125000000000002,,,13014.339625737495,7,94,0.0,0.0,jupiter,True,10.0,52.16167664670658,False,"200,100",2,1.0,True,
2d0f4f2d-c29c-4dbb-bc5d-6b691cd89e69,BntXPNiFCfKbezY4jSRqZX2DRneVuqR1cQFrms5fiWq1,BntXPNiF,completed,2025-11-27T16:58:18.945881,2025-11-27T17:04:55.067831,6.602032500000001,1.269e-05,1.179e-05,1.326e-05,1.269e-05,50.29408983451538,4265826.109797742,0.3863753136730865,-3.8392434988179676,-7.092198581560282,False,trailing_stop,0,0,0,0,0,23190.81,0,0,0,False,False,False,False,0.3233333333333333,0.3,0.2,0.4,0.3,0.9,0.5,0,0,sideways,0.23333333333333334,0.0,,,13016.900421611665,6,95,0.0,0.0,jupiter,True,10.0,11.08597285067873,False,,0,1.0,True,
257dfd3c-58dc-4d3e-bee8-314cc28353c0,81HKmWHvbFJTANg6qizPJ64Q4z3Rgu7y9vfUcaCanHj9,81HKmWHv,completed,2025-11-27T16:45:13.350027,2025-11-27T17:08:37.833004,23.408049616666666,0.316,0.9733,0.9733,0.316,103.94597594936712,106.7974683544304,0.7949934762495536,70.1979759493671,208.00632911392404,True,low_liquidity,0,0,0,0,0,24355.08,0,0,0,False,False,False,False,0.351,0.3,0.2,1.0,0.3,0.9,0.5,0,0,up,0.27999999999999997,15.125000000000002,,,13075.072821948266,9,96,0.0,0.0,jupiter,True,10.0,0.0,False,"200,100",2,1.0,True,
54a0043b-d0db-4492-a21b-e756fbe06ef8,E7Di6ka67nwsiBvb2XHFLwr2JdEC5FFyoyuP6A2bgko1,E7Di6ka6,completed,2025-11-27T17:09:33.595728,2025-11-27T17:12:59.842248,3.437442,0.05664,0.05664,0.05664,0.05664,51.92,916.6666666666666,0.3914826236351577,0.0,0.0,False,low_liquidity,0,0,0,0,0,0.0,0,0,0,False,False,False,False,0.351,0.3,0.2,1.0,0.3,0.9,0.5,0,0,up,0.27999999999999997,15.125000000000002,,,13262.402177110893,13,97,0.0,0.0,jupiter,True,10.0,0.0,False,,0,1.0,True,
36887303-1197-4e1b-876e-d33e29751242,GSEr6MFUepzkdHDvUDhuA8oz2WVhUU4Tpg8P1NPfhDfQ,GSEr6MFU,completed,2025-11-27T17:04:04.871981,2025-11-27T17:12:59.912813,8.9173472,0.3112,0.5769,0.763,0.3112,81.81153856041131,141.81233933161954,0.6182616496227742,37.67953856041131,85.37917737789203,True,trailing_stop,0,0,0,0,0,40445.13,0,0,0,False,False,False,False,0.351,0.3,0.2,1.0,0.3,0.9,0.5,0,0,up,0.27999999999999997,15.125000000000002,,,13232.510638550482,12,98,0.0,0.0,jupiter,True,10.0,24.390563564875496,False,100,1,1.0,True,
6ff690f5-2182-4f6f-8af2-cee62fb0fb9a,6V15BgYDqvCoSGkNMv2y7XAHGbjbTAWwWVRL4pBRa1cB,6V15BgYD,completed,2025-11-27T17:08:10.248927,2025-11-27T17:17:14.257146,9.06680365,0.1909,0.3315,0.3315,0.1909,90.1596647459403,271.97485594552126,0.6730000225371973,38.239664745940296,73.65112624410688,True,low_liquidity,0,0,0,0,0,6296.22,0,0,0,False,False,False,False,0.351,0.3,0.2,1.0,0.3,0.9,0.5,0,0,up,0.27999999999999997,15.125000000000002,,,13396.680791486468,13,99,0.0,0.0,jupiter,True,10.0,0.0,False,,0,1.0,True,
7f17cbd9-af3e-4907-b659-b667aa70c505,F6fwYb7BqL7JAQp7DEysneMRyTrHux28e4Zg5SXXAk8Z,F6fwYb7B,completed,2025-11-27T17:09:40.205108,2025-11-27T17:17:14.319590,7.5685747,0.5401,0.6595,1.21,0.5401,53.888268839103866,81.71079429735234,0.4011647483542559,9.756268839103864,22.107017219033505,True,trailing_stop,0,0,0,0,0,43295.76,0,0,0,False,False,False,False,0.351,0.3,0.2,1.0,0.3,0.9,0.5,0,0,up,0.27999999999999997,15.125000000000002,,,13432.952187393304,12,100,0.0,0.0,jupiter,True,10.0,45.49586776859505,False,100,1,1.0,True,
7bedb876-c625-4ac4-b74f-e5b357e6ce4d,CuhfLwKcDpDJgfqwEmG8nJxkrF7stzTe1sB3nuEGc3ke,CuhfLwKc,completed,2025-11-27T16:53:13.598812,2025-11-27T17:19:00.838378,25.787326099999998,0.0009677,0.002949,0.002949,0.0009677,113.14505735248527,38367.26258137853,0.8437222370079958,76.01705735248527,204.74320553890664,True,low_liquidity,0,0,0,0,0,0.0,0,0,0,False,False,False,False,0.286,0.2,0.2,0.4,0.3,0.9,0.5,0,0,up,0.27999999999999997,15.125000000000002,,,13410.225829026363,11,101,0.0,0.0,jupiter,True,10.0,0.0,False,"200,100",2,1.0,True,
038d9cc4-9a07-4b61-9008-64d91d83d47f,F3EqoQhi1SGogr7btSdnRrv8CJSfprqkKytuAd45jk8C,F3EqoQhi,completed,2025-11-27T17:10:12.332118,2025-11-27T17:21:12.697011,11.006081550000001,1.401e-05,1.597e-05,1.597e-05,1.401e-05,62.61851058767548,3921008.803235784,0.4686747821681686,7.685177254342143,13.990007137758756,True,low_liquidity,0,0,0,0,0,0.0,0,0,0,False,False,False,False,0.31333333333333335,0.3,0.2,0.2,0.3,0.9,0.5,0,0,sideways,0.23333333333333334,0.0,,,13360.759522411616,11,102,0.0,0.0,jupiter,True,10.0,0.0,False,,0,1.0,True,
80a8a90a-ad64-4a4d-bba0-7cd5efbdb373,4hKxguMgUjSRkJ2tmz8QYPbmELRbpbceGojKAKNesHDL,4hKxguMg,completed,2025-11-27T17:20:10.613605,2025-11-27T17:21:12.774862,1.03602095,0.0009601,0.0009921,0.0009921,0.0009601,58.87913550671807,59347.984584939084,0.4405637349991842,1.8991355067180582,3.3329861472763387,True,low_liquidity,0,0,0,0,0,0.0,0,0,0,False,False,False,False,0.28775,0.2,0.2,0.4,0.3,0.9,0.5,0,0,sideways,0.245,0.0,,,13364.498897492573,10,103,0.0,0.0,jupiter,True,10.0,0.0,False,,0,1.0,True,
7d87e8a4-9fdc-4dbd-9043-8b59db8ff4f8,3NiYfnx8iESGMjWXEYtbWWWxye6DPoZVkcyif2sHqBaf,3NiYfnx8,completed,2025-11-27T17:05:51.226871,2025-11-27T17:21:12.826301,15.3599905,0.4125,0.9647,1.72,0.4125,60.71178666666668,62.93333333333335,0.45433886881167146,34.751786666666675,133.8666666666667,True,trailing_stop,0,0,0,0,0,52359.91,0,0,0,False,False,False,False,0.351,0.3,0.2,1.0,0.3,0.9,0.5,0,0,up,0.27999999999999997,15.125000000000002,,,13362.666246332625,9,104,0.0,0.0,jupiter,True,10.0,43.91279069767442,False,"200,100,300",3,1.0,True,
c22de936-962e-4a42-baf1-fed75d43d02d,DRemYC6pr925adAtjbpuGBBES6pUPdu9CGWsYu98aykT,DRemYC6p,completed,2025-11-27T17:12:10.584417,2025-11-27T17:21:12.882443,9.038300433333335,1.316e-05,1.362e-05,1.616e-05,1.316e-05,56.85349544072949,4174265.450861196,0.4253423938360118,1.920162107396153,3.495440729483288,True,trailing_stop,0,0,0,0,0,25761.53,0,0,0,False,False,False,False,0.31333333333333335,0.3,0.2,0.2,0.3,0.9,0.5,0,0,sideways,0.23333333333333334,0.0,,,13366.524537558562,8,105,0.0,0.0,jupiter,True,10.0,15.717821782178223,False,,0,1.0,True,
5e4bfdf9-1c1b-457e-a7e7-252f1a85e05a,5THvvZ4jwG4nP862PFS3SW2dxasJGJ6KrihCBTRdimDy,5THvvZ4j,completed,2025-11-27T17:14:55.105468,2025-11-27T17:21:12.934434,6.297149433333333,0.3123,0.123,0.5011,0.3123,21.56996477745757,175.36556729640301,0.16094816958768385,-33.196701889209095,-60.6147934678194,False,stop_loss,0,0,0,0,0,34483.19,0,0,0,False,False,False,False,0.3154166666666667,0.2,0.2,1.0,0.3,0.9,0.5,0,0,up,0.2916666666666667,16.25,,,13401.808068221833,7,106,0.0,0.0,jupiter,True,10.0,75.4540011973658,False,,0,1.0,True,
4fd69da8-4f85-4611-bb26-7a0c2ef0c290,W7eAMYsVp1FGc7fF7DBwadfmkpPnKXFjJi6abp46pLj,W7eAMYsV,completed,2025-11-27T17:24:36.953643,2025-11-27T17:27:30.324329,2.8895114333333334,0.0001855,0.0001968,0.0001968,0.0001855,58.152366576819404,295489.66756513924,0.4329871040172607,3.3390332434860746,6.091644204851754,True,low_liquidity,0,0,0,0,0,30.24,0,0,0,False,False,False,False,0.3148333333333333,0.2,0.2,1.0,0.3,0.9,0.5,0,0,up,0.30333333333333334,17.375000000000004,,,13430.507753529122,13,107,0.0,0.0,jupiter,True,10.0,0.0,False,,0,1.0,True,
b370b6f2-f1e0-4818-aa2e-5346ea92fd5e,BWJMHc3YYXtExhCfATJ3ir1X6qBgDmPJptoRXDTKPLky,BWJMHc3Y,completed,2025-11-27T17:24:43.855220,2025-11-27T17:27:30.391162,2.7755990333333336,0.3436,0.2944,0.3449,0.3436,44.48558789289872,151.1059371362049,0.33089118105621584,-7.434412107101283,-14.318975552968574,False,stop_loss,0,0,0,0,0,28896.07,0,0,0,False,False,False,False,0.351,0.3,0.2,1.0,0.3,0.9,0.5,0,0,up,0.27999999999999997,15.125000000000002,,,13444.174532213043,12,108,0.0,0.0,jupiter,True,10.0,14.641925195708898,False,,0,1.0,True,
cbb6209d-ccaf-418f-afd2-946644c90c53,2WReyp7hJWy91raXhsoAHkzAHq64d3VXNYhSRappJoQz,2WReyp7h,completed,2025-11-27T17:22:54.101376,2025-11-27T17:33:48.028993,10.898793616666667,1.071e-05,1.232e-05,1.232e-05,1.071e-05,63.19128540305011,5129162.776221599,0.4626401887163535,8.257952069716774,15.032679738562088,True,low_liquidity,0,0,0,0,0,0.0,0,0,0,False,False,False,False,0.31333333333333335,0.3,0.2,0.2,0.3,0.9,0.5,0,0,sideways,0.23333333333333334,0.0,,,13658.840486465591,14,109,0.0,0.0,jupiter,True,10.0,0.0,False,,0,1.0,True,
cdf12713-529e-4492-8a70-a906fa14a143,6H2VHpoZfQakV6pCZRifRHMdwQT68kZ1QaaEx288ErKw,6H2VHpoZ,completed,2025-11-27T17:25:09.590857,2025-11-27T17:35:54.535813,10.749082600000001,6.447e-05,3.44e-05,9.486e-05,6.447e-05,29.674246419523296,862623.4424280027,0.21672858340771145,-25.939086913810037,-46.641848921979204,False,low_liquidity,0,0,0,0,0,0.0,0,0,0,False,False,False,False,0.30483333333333335,0.2,0.2,0.8,0.3,0.9,0.5,0,0,up,0.30333333333333334,17.375000000000004,,,13691.893313259878,14,110,0.0,0.0,jupiter,True,10.0,63.73603204722749,False,,0,1.0,True,
35e10f0b-cd51-4dc5-b3e0-01a8e5d081eb,PL569NnH4n7L5Wye6vb7nCG7N5U3jBXwtTs4U2GoTCM,PL569NnH,completed,2025-11-27T17:26:59.833841,2025-11-27T17:35:54.615094,8.913020883333333,0.0008546,0.001467,0.001467,0.0008546,80.72562602387082,55027.693267805604,0.5917935741539497,33.69895935720415,71.65925579218349,True,low_liquidity,0,0,0,0,0,5.51,0,0,0,False,False,False,False,0.4121666666666667,0.5,0.2,0.8,0.3,0.9,0.5,0,0,sideways,0.25666666666666665,0.0,,,13640.84193365553,13,111,0.0,0.0,jupiter,True,10.0,0.0,False,,0,1.0,True,
ef9eedbc-e9a9-42b3-9788-4fc693dfb86a,DQdZu2AzTWNCNEytZah7cddoKcP15PDuAytoijRpqrfk,DQdZu2Az,completed,2025-11-27T16:42:15.909246,2025-11-27T17:35:54.714823,53.64675961666667,0.0004942,0.0006068,0.0007181,0.0004942,66.46723323890464,109537.29933899909,0.48675756054463787,12.3338999055713,22.78429785511939,True,trailing_stop,0,0,0,0,0,51825.73,0,0,0,False,False,False,False,0.3233333333333333,0.3,0.2,0.4,0.3,0.9,0.5,0,0,sideways,0.23333333333333334,0.0,,,13655.100326440495,12,112,0.0,0.0,jupiter,True,10.0,15.499234089959621,False,,0,1.0,True,
65241f40-b62c-4088-8547-d4c9471ea576,CcUXDbkzRa51BuV9C2UxdCxeMxH5t5UuhYdcKGnzgDxg,CcUXDbkz,completed,2025-11-27T17:34:48.479444,2025-11-27T17:37:54.272064,3.096543666666667,1.201e-05,1.268e-05,1.268e-05,1.201e-05,57.80081043574798,4558423.5359422695,0.42101456885246724,3.054143769081322,5.578684429641968,True,low_liquidity,0,0,0,0,0,0.0,0,0,0,False,False,False,False,0.31566666666666665,0.3,0.2,0.2,0.3,0.9,0.5,0,0,sideways,0.18666666666666665,0.0,,,13728.933560017173,11,113,0.0,0.0,jupiter,True,10.0,0.0,False,,0,1.0,True,
c0e307ff-2a7d-4e1f-9333-74208427308c,7vybnSPS2iiWcWH5sGbbSAw7rRW1wRm5eVAfJ1rLtDgR,7vybnSPS,completed,2025-11-27T17:12:17.420588,2025-11-27T17:40:18.520760,28.0183362,5.069e-05,5.458e-05,0.0001693,5.069e-05,39.482655882159534,723390.5438285001,0.28740651804986894,2.813989215492869,7.674097455119363,True,trailing_stop,0,0,0,0,0,101531.36,0,0,0,False,False,False,False,0.29483333333333334,0.2,0.2,0.6,0.3,0.9,0.5,0,0,up,0.30333333333333334,17.375000000000004,,,13737.564530568077,14,114,0.0,0.0,jupiter,True,10.0,67.76137034849378,False,"200,100",2,1.0,True,
b545ff4e-8729-40e4-8e0a-3e83a9a88df6,33aUB8A3iQpky8LVtcuyXR3EGB7c1sFpk5wTzoEHzsvF,33aUB8A3,completed,2025-11-27T17:38:57.027782,2025-11-27T17:41:59.204003,3.03627035,0.1973,0.2817,0.2817,0.1973,74.13007602635581,263.15255955397873,0.5398825437193917,22.210076026355807,42.777496198682215,True,low_liquidity,0,0,0,0,0,1451.6,0,0,0,False,False,False,False,0.351,0.3,0.2,1.0,0.3,0.9,0.5,0,0,up,0.27999999999999997,15.125000000000002,,,13730.778460747106,14,115,0.0,0.0,jupiter,True,10.0,0.0,False,,0,1.0,True,
862b2be2-3a12-4204-8650-0f91759dfa5c,G5beYV625dYgVu8ZPdzWGXLf5jmyUHFkh5pjtwUWyCzn,G5beYV62,completed,2025-11-27T17:33:42.402051,2025-11-27T17:44:20.033697,10.6271941,7.932e-06,8.815e-06,8.815e-06,7.932e-06,53.936123718271986,6118675.407631536,0.39021613002238453,5.402790384938645,11.132123045890065,True,low_liquidity,0,0,0,0,0,0.0,0,0,0,False,False,False,False,0.3933333333333333,0.5,0.2,0.4,0.3,0.9,0.5,0,0,sideways,0.23333333333333334,0.0,,,13822.115378771752,14,116,0.0,0.0,jupiter,True,10.0,0.0,False,,0,1.0,True,
fc137b72-f802-40d2-9e76-70406de12d66,G1dMQgYWGioPKUqhxtQuz3cPkejZEXcBrwuV3dG6YhUv,G1dMQgYW,completed,2025-11-27T17:44:53.728057,2025-11-27T17:48:06.375062,3.2107834166666667,4.456e-05,5.357e-05,5.357e-05,4.456e-05,68.78182824655894,1283961.6995810892,0.4927595991325652,11.56849491322561,20.219928186714533,True,low_liquidity,0,0,0,0,0,0.0,0,0,0,False,False,False,False,0.2848333333333333,0.2,0.2,0.4,0.3,0.9,0.5,0,0,up,0.30333333333333334,17.375000000000004,,,13958.495860382995,14,117,0.0,0.0,jupiter,True,10.0,0.0,False,,0,1.0,True,
8ce0e4ed-b817-443b-9cbd-564ebfa7e96b,7pJ243AyaDjLYBe1Pr2bZAfpvUqDBdSkUks3kyh8V4uv,7pJ243Ay,completed,2025-11-27T17:24:56.733626,2025-11-27T17:50:14.585149,25.297525383333333,0.001057,0.004196,0.004196,0.001057,147.50838852097127,35154.52538631346,1.05697316594344,110.35005518763795,296.9725638599811,True,low_liquidity,0,0,0,0,0,0.0,0,0,0,False,False,False,False,0.28541666666666665,0.2,0.2,0.4,0.3,0.9,0.5,0,0,up,0.2916666666666667,16.25,,,13955.736368132608,14,118,0.0,0.0,jupiter,True,10.0,0.0,False,"200,100",2,1.0,True,
302d88ff-bbb0-4670-9390-b46eeb944ad3,7FLmX67prL769VJr9banXgp1teRoSSCjiMtHb2n6HhCb,7FLmX67p,completed,2025-11-27T17:38:53.214041,2025-11-27T17:52:39.431103,13.770284366666667,1.343e-05,1.592e-05,1.592e-05,1.343e-05,64.89701662943658,4076445.76818069,0.4600964364489678,10.150349962769917,18.540580789277737,True,low_liquidity,0,0,0,0,0,0.0,0,0,0,False,False,False,False,0.31566666666666665,0.3,0.2,0.2,0.3,0.9,0.5,0,0,sideways,0.18666666666666665,0.0,,,14105.090039451918,14,119,0.0,0.0,jupiter,True,10.0,0.0,False,,0,1.0,True,
042d254b-8476-4d8b-8173-27932e2c9ce2,9mzYbMqZKtkTFVbgWL8DAPWf4ieKtU8PtF7ozLYisHuU,9mzYbMqZ,completed,2025-11-27T17:41:09.787389,2025-11-27T17:58:36.649193,17.44769673333333,0.3736,0.7872,1.49,0.3736,71.1092762312634,90.3319057815846,0.5021239851953883,37.36127623126339,110.7066381156317,True,trailing_stop,0,0,0,0,0,47242.93,0,0,0,False,False,False,False,0.351,0.3,0.2,1.0,0.3,0.9,0.5,0,0,up,0.27999999999999997,15.125000000000002,,,14161.696777658031,14,120,0.0,0.0,jupiter,True,10.0,47.16778523489933,False,"200,100",2,1.0,True,
7c53e2c6-4d62-441c-9fd1-389c1c5e600a,AH3S2cJDZzV1ar7v22NuMRHdHwTynZ2GuKDZ32Y6ico7,AH3S2cJD,completed,2025-11-27T17:32:47.589929,2025-11-27T18:02:40.565378,29.88292415,6.269e-06,8.284e-06,8.328e-06,6.269e-06,78.93299303450844,9528367.097357368,0.5520454191988189,19.199659701175108,32.14228744616368,True,low_liquidity,0,0,0,0,0,6.87,0,0,0,False,False,False,False,0.2533333333333333,0.1,0.2,0.4,0.3,0.9,0.5,0,0,sideways,0.23333333333333334,0.0,,,14298.278780949498,14,121,0.0,0.0,jupiter,True,10.0,0.5283381364072997,False,,0,1.0,True,
5f434b3b-6af8-4ca9-a207-601c8708c1d1,EJGs2qSdJ1opwEyNxpG7nw2AfshJHpNm1bgdf3UK3pFU,EJGs2qSd,completed,2025-11-27T17:40:00.599798,2025-11-27T18:04:37.388252,24.6131409,1.358e-05,1.427e-05,1.482e-05,1.358e-05,57.030962199312725,3996563.573883162,0.3958365325387446,2.7576288659793824,5.081001472754052,True,low_liquidity,0,0,0,0,0,0.0,0,0,0,False,False,False,False,0.32158333333333333,0.3,0.2,0.4,0.3,0.9,0.5,0,0,sideways,0.2683333333333333,0.0,,,14407.705583296689,14,122,0.0,0.0,jupiter,True,10.0,3.711201079622131,False,,0,1.0,True,
f2692a7a-1b17-4c9c-8b50-2347a38f7c38,GXdtrQU7UqFyGRKCkYfurDsNgRusnJjfAo1SSxyyNsEE,GXdtrQU7,completed,2025-11-27T17:51:07.386282,2025-11-27T18:04:37.455080,13.501146633333333,1.05e-05,1.249e-05,1.249e-05,1.05e-05,65.12246349206349,5213968.253968254,0.4522514500819222,10.375796825396831,18.952380952380963,True,low_liquidity,0,0,0,0,0,0.0,0,0,0,False,False,False,False,0.31566666666666665,0.3,0.2,0.2,0.3,0.9,0.5,0,0,sideways,0.18666666666666665,0.0,,,14399.61408200394,13,123,0.0,0.0,jupiter,True,10.0,0.0,False,,0,1.0,True,
54d212dc-66c7-41c0-b50b-42b78e54ea79,8EquNa9GyWXyuvurhM3EMjGAQRe9LHTWkw16VRYqPhQM,8EquNa9G,completed,2025-11-27T17:59:36.576700,2025-11-27T18:04:37.533453,5.015945883333333,0.2448,0.2944,0.2944,0.2448,62.439738562091506,212.09150326797388,0.4335401457080805,10.519738562091506,20.261437908496735,True,low_liquidity,0,0,0,0,0,28939.77,0,0,0,False,False,False,False,0.351,0.3,0.2,1.0,0.3,0.9,0.5,0,0,up,0.27999999999999997,15.125000000000002,,,14402.296806933911,12,124,0.0,0.0,jupiter,True,10.0,0.0,False,,0,1.0,True,
e9bdb9df-c1b2-4261-8f21-55af6f7f27ba,HXEiiFKFWYjcaSFaEE4wnH6azPNEpT7a823RZ6vSQKyD,HXEiiFKF,completed,2025-11-27T17:57:35.053813,2025-11-27T18:11:04.561409,13.491793266666667,0.3043,1.35,2.008,0.3043,69.1015445284259,51.186329280315476,0.4778396067960307,53.5255445284259,343.6411436082813,True,trailing_stop,0,0,0,0,0,62143.29,0,0,0,False,False,False,False,0.351,0.3,0.2,1.0,0.3,0.9,0.5,0,0,up,0.27999999999999997,15.125000000000002,,,14461.242547841455,14,125,0.0,0.0,jupiter,True,10.0,32.76892430278884,False,"400,100,500,200,300",5,1.0,True,
d0b01c71-61c9-4ec2-a0be-521a361fcc6f,FVXN9pLTgx4Upzv7eN7DDg2hEhHGnqu75Uyu7jBqbvei,FVXN9pLT,completed,2025-11-27T18:03:54.318605,2025-11-27T18:11:04.613888,7.1715880499999995,0.5977,0.352,1.002,0.5977,30.576944955663375,86.86632089677096,0.2108788689142242,-21.343055044336626,-41.107579053036645,False,stop_loss,0,0,0,0,0,31628.96,0,0,0,False,False,False,False,0.351,0.3,0.2,1.0,0.3,0.9,0.5,0,0,up,0.27999999999999997,15.125000000000002,,,14499.767147414219,13,126,0.0,0.0,jupiter,True,10.0,64.87025948103793,False,,0,1.0,True,
fe392c95-6cc3-4f96-afbc-d7a704e3364d,DVkErt3yEprKPPtwboMEW22nvcLtsR1Jt3uPqn8kgG79,DVkErt3y,completed,2025-11-27T18:09:54.099420,2025-11-27T18:11:04.677190,1.1762961666666667,0.1516,0.03168,0.1516,0.1516,10.849773087071238,342.48021108179415,0.07472555757442634,-41.07022691292876,-79.1029023746702,False,stop_loss,0,0,0,0,0,17446.57,0,0,0,False,False,False,False,0.351,0.3,0.2,1.0,0.3,0.9,0.5,0,0,up,0.27999999999999997,15.125000000000002,,,14519.49431928281,12,127,0.0,0.0,jupiter,True,10.0,79.1029023746702,False,,0,1.0,True,
051ae4b6-44a7-4f24-a8b3-f8c7c7f16962,ESinZAgev35Z7hHVychFn8DCKto9AitfRge4i9xs8NWS,ESinZAge,completed,2025-11-27T17:05:38.760553,2025-11-27T18:13:09.989556,67.52048338333333,3.755e-05,3.591e-05,7.394e-05,3.755e-05,55.256452729693756,1538748.335552597,0.3822685981028324,-2.523547270306256,-4.367509986684415,False,low_liquidity,0,0,0,0,0,58.25,0,0,0,False,False,False,False,0.27775,0.2,0.2,0.2,0.3,0.9,0.5,0,0,sideways,0.245,0.0,,,14454.876232033439,12,128,0.0,0.0,jupiter,True,10.0,51.43359480659995,False,,0,1.0,True,
67eb15d4-597a-4ab4-9138-c2b0a8997e59,D1a2J39nsuiE4Dee3snoWdM7UMVbJPZbwJRru88J3CfE,D1a2J39n,completed,2025-11-27T17:43:18.763684,2025-11-27T18:13:10.056849,29.854886083333334,6.169e-05,4.626e-05,0.0001878,6.169e-05,27.107105203436543,585972.87512833,0.18716465737444782,-9.041561463230131,-25.012157562003566,False,low_liquidity,0,0,0,0,0,0.0,0,0,0,False,False,False,False,0.30483333333333335,0.2,0.2,0.8,0.3,0.9,0.5,0,0,up,0.30333333333333334,17.375000000000004,,,14483.025579559697,11,129,0.0,0.0,jupiter,True,10.0,75.36741214057507,False,"200,100",2,1.0,True,
c1095e4b-c94c-467a-9cdc-417cd718fecb,BHZVEQgKF7QLhocyz3bmxaJX81R36SVRShxyYX17UAZb,BHZVEQgK,completed,2025-11-27T17:49:10.192802,2025-11-27T18:15:14.882618,26.0781636,4.386e-05,6.311e-05,7.94e-05,4.386e-05,82.87084511323908,1313117.4950600395,0.571104732475953,25.27751177990576,43.88964888280894,True,trailing_stop,0,0,0,0,0,111049.21,0,0,0,False,False,False,False,0.28008333333333335,0.2,0.2,0.2,0.3,0.9,0.5,0,0,sideways,0.1983333333333333,0.0,,,14510.621327538809,10,130,0.0,0.0,jupiter,True,10.0,20.51637279596978,False,,0,1.0,True,
00ee5ec2-9287-42bb-baba-c33abfdf92b9,dPKXeWvx5iEPBd6DFfZqwfoBV5AnvnUgZK1SS82Vvoh,dPKXeWvx,completed,2025-11-27T16:45:03.950918,2025-11-27T18:17:30.237422,92.43810839999999,0.0001797,0.0001019,0.0006618,0.0001797,20.203456501576703,198267.48284177334,0.13859081594853737,-15.425210165089966,-43.294379521424595,False,low_liquidity,0,0,0,0,0,44.03,0,0,0,False,False,False,False,0.3148333333333333,0.2,0.2,1.0,0.3,0.9,0.5,0,0,up,0.30333333333333334,17.375000000000004,,,14577.774409726262,11,131,0.0,0.0,jupiter,True,10.0,84.60259897249924,False,"200,100",2,1.0,True,
80649761-b779-4227-aa26-bb485c624772,BtGvKqgHuDiF4ULtrgoiDEKGJuwhLQqsGLG6QyYj6yVE,BtGvKqgH,completed,2025-11-27T18:10:14.792406,2025-11-27T18:19:29.457954,9.244425799999998,0.02855,0.03956,0.06868,0.02855,54.55538774080561,1379.0542907180386,0.37388008674239614,15.183387740805603,38.56392294220665,True,trailing_stop,0,0,0,0,0,19936.56,0,0,0,False,False,False,False,0.421,0.5,0.2,1.0,0.3,0.9,0.5,0,0,sideways,0.27999999999999997,0.0,,,14591.680508086098,11,132,0.0,0.0,jupiter,True,10.0,42.39953407105418,False,100,1,1.0,True,
b1f5903f-9ae7-43b3-8ff8-a32cb1925f1c,2qfmYxag6ZVWN7DcRAMYU7pwW8vSoR5YDtw9R3a2uiBq,2qfmYxag,completed,2025-11-27T18:10:40.834902,2025-11-27T18:23:33.443904,12.876816700000001,0.2474,0.3259,1.4,0.2474,27.357684721099446,83.94502829426034,0.186981918685141,6.589684721099438,31.72999191592563,True,trailing_stop,0,0,0,0,0,50858.46,0,0,0,False,False,False,False,0.351,0.3,0.2,1.0,0.3,0.9,0.5,0,0,up,0.27999999999999997,15.125000000000002,,,14631.192638025645,11,133,0.0,0.0,jupiter,True,10.0,76.72142857142856,False,"200,100,300,400",4,1.0,True,
753b02ea-7e8b-4921-88e4-fcef4ff0c62a,9MLBoPmvVmDjPGShjtUNea8zs8NSoU6xzHCsXQGMo8r2,9MLBoPmv,completed,2025-11-27T17:30:41.448856,2025-11-27T18:27:27.231236,56.76303966666667,0.0001926,0.001779,0.001779,0.0001926,55.74076843198344,31332.641052267252,0.37876449297367,49.70610176531677,823.6760124610593,True,low_liquidity,0,0,0,0,0,1760994.94,0,0,0,False,False,False,False,0.24566666666666667,0.1,0.2,0.2,0.3,0.9,0.5,0,0,sideways,0.18666666666666665,0.0,,,14716.471439644236,14,134,0.0,0.0,jupiter,True,10.0,0.0,False,"400,700,100,500,200,600,300",7,1.0,True,
668e1aa4-f7f4-4d0e-8bb8-25a6b067c8cf,GMjQwNwe7ov7WKx7dSDc8LasFUaEe2ubg5DBk8rSFwJu,GMjQwNwe,completed,2025-11-27T17:08:33.014368,2025-11-27T18:29:45.988899,81.21624218333334,0.0001876,0.0008718,0.0008718,0.0001876,127.36211087420043,146090.973702914,0.8640647263657427,99.95544420753376,364.71215351812367,True,low_liquidity,0,0,0,0,0,16.1,0,0,0,False,False,False,False,0.3148333333333333,0.2,0.2,1.0,0.3,0.9,0.5,0,0,up,0.30333333333333334,17.375000000000004,,,14739.880820026714,14,135,0.0,0.0,jupiter,True,10.0,0.0,False,"200,100,300",3,1.0,True,
39e30e84-8452-4b1d-85a6-823accbb7970,HYMAPCx2xh4fK2NvbcAVcNC6pHYjrop8AHxwZ77wj3dC,HYMAPCx2,completed,2025-11-27T18:18:51.907196,2025-11-27T18:29:46.058800,10.902526733333334,1.398e-05,1.609e-05,1.609e-05,1.398e-05,63.22441583214116,3929422.985216977,0.42707603862955207,8.291082498807823,15.09298998569385,True,low_liquidity,0,0,0,0,0,0.0,0,0,0,False,False,False,False,0.31333333333333335,0.3,0.2,0.2,0.3,0.9,0.5,0,0,sideways,0.23333333333333334,0.0,,,14804.018515068774,13,136,0.0,0.0,jupiter,True,10.0,0.0,False,,0,1.0,True,
fe44a7dd-855a-4b78-99c8-e2bcf005bbd2,825SrjEbuseXFMT9bgXyC88ZzDhw8HaSfyBJvg15umU9,825SrjEb,completed,2025-11-27T18:16:16.961785,2025-11-27T18:31:50.086571,15.552079766666667,4.26e-05,9.16e-05,9.16e-05,4.26e-05,104.3981971830986,1139718.309859155,0.7022283865767817,55.8461971830986,115.02347417840377,True,low_liquidity,0,0,0,0,0,0.0,0,0,0,False,False,False,False,0.286,0.2,0.2,0.4,0.3,0.9,0.5,0,0,up,0.27999999999999997,15.125000000000002,,,14866.701372187224,12,137,0.0,0.0,jupiter,True,10.0,0.0,False,100,1,1.0,True,
8de66463-69ea-4c59-a16f-7da910d336ae,JCoJMxLhc1J5pNPQh9cah2xsBkDqQJd1pJm3h1Mpehdr,JCoJMxLh,completed,2025-11-27T18:26:20.530155,2025-11-27T18:33:54.661195,7.568850666666666,9.411e-06,9.343e-06,9.594e-06,9.411e-06,48.88421209223249,5232175.114228031,0.3258468459026856,-0.35578790776750624,-0.7225587078950167,False,low_liquidity,0,0,0,0,0,17867.86,0,0,0,False,False,False,False,0.3845,0.5,0.2,0.2,0.3,0.9,0.5,0,0,sideways,0.21000000000000002,0.0,,,15002.205087119914,12,138,0.0,0.0,jupiter,True,10.0,2.6162184698770043,False,,0,1.0,True,
d2f28661-ff71-44e7-b25a-54ffe808bf04,F7CNLXjh3CWAcKyWcrFRaqDgV3wQqNeSSSPczTKY7hG3,F7CNLXjh,completed,2025-11-27T18:28:46.624713,2025-11-27T18:33:54.722941,5.134970466666667,1.437e-05,1.621e-05,1.621e-05,1.437e-05,61.064810948735804,3767107.3996752505,0.40736965437612926,6.931477615402458,12.804453723034095,True,low_liquidity,0,0,0,0,0,0.0,0,0,0,False,False,False,False,0.3233333333333333,0.3,0.2,0.4,0.3,0.9,0.5,0,0,sideways,0.23333333333333334,0.0,,,14990.02448826341,11,139,0.0,0.0,jupiter,True,10.0,0.0,False,,0,1.0,True,
ff78111c-e25a-4cc6-8ce7-000be3c7d119,99b1RqCE9Xq9MnHMYNuhFGjDwVYpBXpfnSpXgy9dgUu7,99b1RqCE,completed,2025-11-27T17:16:09.171903,2025-11-27T18:33:54.808982,77.76061798333333,5.443e-05,9.036e-05,0.0001075,5.443e-05,100.49222855043176,1112131.7900667526,0.6721619750399974,39.958895217098416,66.01139077714495,True,trailing_stop,0,0,0,0,0,146366.71,0,0,0,False,False,False,False,0.24333333333333332,0.1,0.2,0.2,0.3,0.9,0.5,0,0,sideways,0.23333333333333334,0.0,,,14950.597070661714,10,140,0.0,0.0,jupiter,True,10.0,15.94418604651163,False,,0,1.0,True,
6989adcd-07f0-46d3-802a-aef7e2138065,GKfnA8rFoEDxXAkYPtsjvgvVn2zCbrpvS2Qxffuy5emb,GKfnA8rF,completed,2025-11-27T18:35:20.371070,2025-11-27T18:38:07.614471,2.787390016666667,1.362e-05,1.369e-05,1.369e-05,1.362e-05,54.41155163974548,3974547.2344591296,0.3610104435681047,0.2782183064121364,0.5139500734214342,True,low_liquidity,0,0,0,0,0,0.0,0,0,0,False,False,False,False,0.3233333333333333,0.3,0.2,0.4,0.3,0.9,0.5,0,0,sideways,0.23333333333333334,0.0,,,15072.015951106616,12,141,0.0,0.0,jupiter,True,10.0,0.0,False,,0,1.0,True,
697df581-de12-4aa8-9cd0-d2b9c58ca477,ETEwwzf6S9aoZ37fUaA5LLpSgbSmtcNxkjnuGuLLq1kW,ETEwwzf6,completed,2025-11-27T18:20:48.004586,2025-11-27T18:38:07.717826,17.328554,0.3875,1.089,1.56,0.3875,72.9559741935484,66.9935483870968,0.48464551220074703,46.9959741935484,181.03225806451613,True,trailing_stop,0,0,0,0,0,55587.91,0,0,0,False,False,False,False,0.351,0.3,0.2,1.0,0.3,0.9,0.5,0,0,up,0.27999999999999997,15.125000000000002,,,15053.471528552813,11,142,0.0,0.0,jupiter,True,10.0,30.192307692307697,False,"200,100,300",3,1.0,True,
0509bf8a-b108-47ce-addf-797ec27a0718,31ricWBFjstTKnAwMnY3TyESKJAHQvg9832X4T55qWiV,31ricWBF,completed,2025-11-27T18:26:24.500413,2025-11-27T18:40:19.469174,13.916146016666666,0.3251,1.032,1.17,0.3251,107.12991694863119,103.80805905875116,0.712533421807134,73.3819169486312,217.4407874500154,True,trailing_stop,0,0,0,0,0,54094.94,0,0,0,False,False,False,False,0.351,0.3,0.2,1.0,0.3,0.9,0.5,0,0,up,0.27999999999999997,15.125000000000002,,,15035.072555183067,10,143,0.0,0.0,jupiter,True,10.0,11.794871794871788,False,"200,100",2,1.0,True,
8892088f-7fd8-41b8-902a-2368e1b1cbe1,2SxZge6XgMYWsmmuMyBYYgmrQ7hWNoFDajvu3fkHBm5F,2SxZge6X,completed,2025-11-27T18:11:51.350685,2025-11-27T18:44:08.452798,32.285035216666664,3.015e-05,0.0001499,0.000151,3.015e-05,113.50305362078494,757191.8186843558,0.7521031372162714,90.67372028745162,397.18076285240465,True,low_liquidity,0,0,0,0,0,0.0,0,0,0,False,False,False,False,0.2865833333333333,0.2,0.2,0.4,0.3,0.9,0.5,0,0,sideways,0.2683333333333333,0.0,,,15091.421376181084,12,144,0.0,0.0,jupiter,True,10.0,0.7284768211920527,False,"200,100,400,300",4,1.0,True,
03b99e77-18af-482f-8117-2274ceeb2c94,zKeqNuG7E9RS9MHHuhSX6J4pCLGb71SuDfJq6n4nhyw,zKeqNuG7,completed,2025-11-27T18:35:33.193161,2025-11-27T18:46:05.160116,10.532782583333333,1.101e-05,1.237e-05,1.237e-05,1.101e-05,61.718922191946724,4989403.57250984,0.40689302105039726,6.7855888586133855,12.352406902815627,True,low_liquidity,0,0,0,0,0,0.0,0,0,0,False,False,False,False,0.31333333333333335,0.3,0.2,0.2,0.3,0.9,0.5,0,0,sideways,0.23333333333333334,0.0,,,15168.341308145045,13,145,0.0,0.0,jupiter,True,10.0,0.0,False,,0,1.0,True,
e1356f0e-1f0b-4c49-9f24-6a58f16a5964,2yeSwCAUK7LnYHWQz8j2LJPgigWT89pAiFo9jQrFdkBF,2yeSwCAU,completed,2025-11-27T18:45:15.917329,2025-11-27T18:46:05.235444,0.8219685833333333,0.3554,0.2252,0.3554,0.3554,32.89922341024198,146.08891389983117,0.2164826930190893,-19.020776589758015,-36.634777715250415,False,stop_loss,0,0,0,0,0,25247.6,0,0,0,False,False,False,False,0.351,0.3,0.2,1.0,0.3,0.9,0.5,0,0,up,0.27999999999999997,15.125000000000002,,,15197.161006926752,12,146,0.0,0.0,jupiter,True,10.0,36.634777715250415,False,,0,1.0,True,
bf8c50fc-64ce-4d7e-96de-d20873f4081e,5D23XFtka616UZgZnWS4TUWCxaa13f6uMwKBJADhLrEd,5D23XFtk,completed,2025-11-27T18:45:40.048365,2025-11-27T18:52:49.327342,7.154649616666666,4.005e-05,6.096e-05,6.096e-05,4.005e-05,84.64890886392011,1388597.5863503956,0.5524720907481753,29.035575530586772,52.209737827715365,True,low_liquidity,0,0,0,0,0,0.0,0,0,0,False,False,False,False,0.30483333333333335,0.2,0.2,0.8,0.3,0.9,0.5,0,0,up,0.30333333333333334,17.375000000000004,,,15321.843452632309,14,147,0.0,0.0,jupiter,True,10.0,0.0,False,,0,1.0,True,
f8510c41-163b-4f61-8fdb-fd141d8e669d,2bdfN9HHZoQ2dtepFvxZTHg4DPAXsqJTWL2PegAYqXVU,2bdfN9HH,completed,2025-11-27T18:47:34.673585,2025-11-27T18:54:47.284677,7.210184866666666,1.221e-05,1.156e-05,1.291e-05,1.221e-05,52.00895440895441,4499044.499044499,0.33775598911344396,-2.924378924378927,-5.323505323505328,False,trailing_stop,0,0,0,0,0,22925.02,0,0,0,False,False,False,False,0.31333333333333335,0.3,0.2,0.2,0.3,0.9,0.5,0,0,sideways,0.23333333333333334,0.0,,,15398.381105090006,14,148,0.0,0.0,jupiter,True,10.0,10.457010069713405,False,,0,1.0,True,
4ee30080-f107-47e1-9128-774bef6ac5e2,ANpkXuughLAMFs8tVESLySgEcrpL1oBr34qvGELbcMXX,ANpkXuug,completed,2025-11-27T18:43:21.497543,2025-11-27T18:58:01.665152,14.669460149999999,3.356e-05,1.785e-05,5.912e-05,3.356e-05,30.00530393325388,1680969.4080254275,0.194128360324919,-26.40802940007946,-46.81168057210965,False,low_liquidity,0,0,0,0,0,0.0,0,0,0,False,False,False,False,0.29483333333333334,0.2,0.2,0.6,0.3,0.9,0.5,0,0,up,0.30333333333333334,17.375000000000004,,,15456.42475063047,13,149,0.0,0.0,jupiter,True,10.0,69.80717185385656,False,,0,1.0,True,
dccbc69e-33aa-4adb-a1e4-70ec597f6782,3HfuznhxaiA4m5BFN4EZe5VWPeDzUit1YjVjreiS4daZ,3Hfuznhx,completed,2025-11-27T18:17:05.681231,2025-11-27T19:00:30.084957,43.40672876666667,0.3846,1.79,1.79,0.3846,120.82267290691631,67.49869994799793,0.7833044316704622,94.8626729069163,365.4186167446698,True,low_liquidity,0,0,0,0,0,44942.0,0,0,0,False,False,False,False,0.351,0.3,0.2,1.0,0.3,0.9,0.5,0,0,up,0.27999999999999997,15.125000000000002,,,15424.740116591945,13,150,0.0,0.0,jupiter,True,10.0,0.0,False,"200,100,300",3,1.0,True,
df0d7887-7b43-412f-a921-5a9247aea283,4uBH9KkRtwr3NrdUirm5tqVjyRXnyVRaxxM1xyFayT83,4uBH9KkR,completed,2025-11-27T18:43:24.686748,2025-11-27T19:00:30.158123,17.091189583333335,0.0009974,0.002118,0.002118,0.0009974,103.10119911770603,48678.56426709444,0.6676474376463789,54.54919911770603,112.35211550030077,True,low_liquidity,0,0,0,0,0,7664.86,0,0,0,False,False,False,False,0.286,0.2,0.2,0.4,0.3,0.9,0.5,0,0,up,0.27999999999999997,15.125000000000002,,,15442.461590381155,12,151,0.0,0.0,jupiter,True,10.0,0.0,False,100,1,1.0,True,
778f49e2-4a77-478d-a250-b47a1f0ebf09,B1YxidkcK6tWe2X3RzCK4jmmmmdikFMMTE52ff9LX4gv,B1Yxidkc,completed,2025-11-27T18:48:13.290401,2025-11-27T19:00:30.213343,12.282049033333333,1.334e-05,1.346e-05,1.38e-05,1.334e-05,54.62028985507248,4057971.014492755,0.3525950074137094,0.4869565217391328,0.8995502248875603,True,low_liquidity,0,0,0,0,0,25615.94,0,0,0,False,False,False,False,0.3233333333333333,0.3,0.2,0.4,0.3,0.9,0.5,0,0,sideways,0.23333333333333334,0.0,,,15490.942499643788,11,152,0.0,0.0,jupiter,True,10.0,2.4637681159420297,False,,0,1.0,True,
2382aa24-160b-41f6-94ac-4ad0f5a661e0,8pSVoBDHeYJ2P12JuzNkqcYtqxXEkad6qfhFUk8PWLvB,8pSVoBDH,completed,2025-11-27T18:54:25.714940,2025-11-27T19:00:30.282669,6.0761288166666665,8.054e-06,7.329e-06,8.144e-06,8.054e-06,44.164489694561716,6025991.225891897,0.28490648933986346,-4.368843638771625,-9.001738266699775,False,trailing_stop,0,0,0,0,0,14426.46,0,0,0,False,False,False,False,0.3933333333333333,0.5,0.2,0.4,0.3,0.9,0.5,0,0,sideways,0.23333333333333334,0.0,,,15501.3982998043,10,153,0.0,0.0,jupiter,True,10.0,10.007367387033407,False,,0,1.0,True,
334d152d-db53-4573-b7eb-3e20050a04ba,A7mXRYiBXbiUyE9XJpKKTKzPj9bpFS5Vxjqj7EtLnNV6,A7mXRYiB,completed,2025-11-27T17:39:15.744668,2025-11-27T19:01:33.335204,82.2931756,0.0001573,0.0002983,0.0002983,0.0001573,114.97097690188599,385420.6399660945,0.7436770044921621,54.34431023521932,89.63763509218053,True,low_liquidity,0,0,0,0,0,0.0,0,0,0,False,False,False,False,0.24216666666666667,0.1,0.2,0.2,0.3,0.9,0.5,0,0,up,0.25666666666666665,15.125000000000002,,,15459.79991413029,9,154,0.0,0.0,jupiter,True,10.0,0.0,False,,0,1.0,True,
73c8f6f8-9098-4b4a-837d-05de3ef0d67a,84MUq2WzNuktyHv5xhnEQwWRPab4XrcaY5XJkJdZdR9W,84MUq2Wz,completed,2025-11-27T19:02:02.190995,2025-11-27T19:03:08.975637,1.1130773666666667,0.1535,0.1535,0.1535,0.1535,51.92,338.24104234527687,0.3340881804919908,0.0,0.0,False,low_liquidity,0,0,0,0,0,4408.42,0,0,0,False,False,False,False,0.351,0.3,0.2,1.0,0.3,0.9,0.5,0,0,up,0.27999999999999997,15.125000000000002,,,15540.807197531101,12,155,0.0,0.0,jupiter,True,10.0,0.0,False,,0,1.0,True,
799960c5-72f4-4508-82b8-1867fe34457d,BVpfc2WRMcnZwQNDafQtzd21vJLZaUP5ZyYwrmeD5dvi,BVpfc2WR,completed,2025-11-27T19:02:18.539960,2025-11-27T19:03:09.054422,0.8419077,6.448e-05,3.004e-05,6.448e-05,6.448e-05,25.9091894127378,862489.6608767576,0.16643857080635047,-29.704143920595534,-53.411910669975185,False,low_liquidity,0,0,0,0,0,0.0,0,0,0,False,False,False,False,0.30483333333333335,0.2,0.2,0.8,0.3,0.9,0.5,0,0,up,0.30333333333333334,17.375000000000004,,,15566.818008118364,11,156,0.0,0.0,jupiter,True,10.0,53.411910669975185,False,,0,1.0,True,
bfc1cf58-3da4-4e02-988d-6d8f2efa6532,4MhU9RGU7crfxkeahxudU47bRqGKLGn4P9mJiZE56uDP,4MhU9RGU,completed,2025-11-27T18:47:08.806458,2025-11-27T19:05:05.535451,17.945483216666666,0.3575,1.19,1.87,0.3575,69.12984615384615,58.092307692307685,0.44650246255808995,48.36184615384615,232.86713286713288,True,trailing_stop,0,0,0,0,0,58274.24,0,0,0,False,False,False,False,0.351,0.3,0.2,1.0,0.3,0.9,0.5,0,0,up,0.27999999999999997,15.125000000000002,,,15482.522931181451,11,157,0.0,0.0,jupiter,True,10.0,36.36363636363637,False,"200,100,400,300",4,1.0,True,
792d790b-5aa7-4ddf-97c9-aadc2bf4e7a0,2BQmKYentFW7pML18WzgmXwsa4tfNNntYbpYPRWhkycm,2BQmKYen,completed,2025-11-27T18:59:48.904015,2025-11-27T19:05:05.614426,5.27850685,0.2794,0.3968,0.494,0.2794,73.73606299212598,185.82677165354332,0.47639526916303787,21.816062992125985,42.0186113099499,True,trailing_stop,0,0,0,0,0,33535.67,0,0,0,False,False,False,False,0.351,0.3,0.2,1.0,0.3,0.9,0.5,0,0,up,0.27999999999999997,15.125000000000002,,,15477.916714343171,10,158,0.0,0.0,jupiter,True,10.0,19.67611336032389,False,,0,1.0,True,
720888a0-604e-4786-8d9b-1ff717d4e867,9E2yUzousBcNFFFCN8G1Q5tCqSEn8RWirQbhnJvrHUAu,9E2yUzou,completed,2025-11-27T17:26:47.393605,2025-11-27T19:07:08.354635,100.3493505,7.365e-06,1.583e-05,1.583e-05,7.365e-06,109.12992079656033,6893867.390812403,0.7046430445528549,58.35658746322699,114.93550577053631,True,low_liquidity,0,0,0,0,0,24.91,0,0,0,False,False,False,False,0.2533333333333333,0.1,0.2,0.4,0.3,0.9,0.5,0,0,sideways,0.23333333333333334,0.0,,,15487.262897175244,10,159,0.0,0.0,jupiter,True,10.0,0.0,False,100,1,1.0,True,
03ca8b2f-8607-4eca-91c9-e53ba661365a,H7TAt7LES8AkztcZZXodfXANCj7KX3AtCQL5rX9P5LLj,H7TAt7LE,completed,2025-11-27T19:04:44.829697,2025-11-27T19:11:17.084431,6.5375789,0.04846,0.03731,0.0684,0.04846,39.97390012381346,1071.3990920346678,0.2557748261804773,-11.946099876186546,-23.008666941807675,False,stop_loss,0,0,0,0,0,19362.59,0,0,0,False,False,False,False,0.351,0.3,0.2,1.0,0.3,0.9,0.5,0,0,up,0.27999999999999997,15.125000000000002,,,15628.551378863012,9,160,0.0,0.0,jupiter,True,10.0,45.453216374269005,False,,0,1.0,True,
a150930a-3270-461b-9d3d-450ae7762341,E78zffVJ55xmwaJorHiGfniSTz6LV2seGR7WmrPyXpAG,E78zffVJ,completed,2025-11-27T18:24:40.772084,2025-11-27T19:13:32.711149,48.86565108333333,3.775e-05,6.31e-05,6.31e-05,3.775e-05,96.5806092715232,1530596.0264900664,0.6178143592060531,38.800609271523186,67.1523178807947,True,low_liquidity,0,0,0,0,0,61.21,0,0,0,False,False,False,False,0.27775,0.2,0.2,0.2,0.3,0.9,0.5,0,0,sideways,0.245,0.0,,,15632.626181696061,11,161,0.0,0.0,jupiter,True,10.0,0.0,False,,0,1.0,True,
2f7c5d41-2d1b-411b-9dfc-c842ebac9d91,3s7qMwYHfATQvW3Hpb2PAAVJAHjTbQqgrwzNr5zLAYph,3s7qMwYH,completed,2025-11-27T19:12:38.794733,2025-11-27T19:17:34.161465,4.9227788666666665,1.071e-05,1.152e-05,1.152e-05,1.071e-05,58.98756302521008,5120448.179271708,0.3737490710077517,4.147563025210078,7.563025210084024,True,low_liquidity,0,0,0,0,0,0.0,0,0,0,False,False,False,False,0.3145,0.3,0.2,0.2,0.3,0.9,0.5,0,0,sideways,0.21000000000000002,0.0,,,15782.664787944492,12,162,0.0,0.0,jupiter,True,10.0,0.0,False,,0,1.0,True,
a8fc5de5-4c7a-4548-80bc-7a4062379f6f,ACpXX54bQXqnNFCBVumQn1gqg6oEqkj24U8XCR7c5J2a,ACpXX54b,completed,2025-11-27T19:12:42.006687,2025-11-27T19:17:34.242055,4.870589466666667,0.4064,0.6143,0.6143,0.4064,78.48045275590552,127.75590551181104,0.49787221291927,26.560452755905512,51.15649606299212,True,low_liquidity,0,0,0,0,0,3932.39,0,0,0,False,False,False,False,0.351,0.3,0.2,1.0,0.3,0.9,0.5,0,0,up,0.27999999999999997,15.125000000000002,,,15763.171898213795,11,163,0.0,0.0,jupiter,True,10.0,0.0,False,,0,1.0,True,
d9874766-1144-4816-8150-78e17b964658,DWCggXBmb7ELzPv9tNnszWMfNcYpj26wdkvHafz6WqJB,DWCggXBm,completed,2025-11-27T19:06:47.897100,2025-11-27T19:17:34.313243,10.773602383333333,0.4583,1.18,1.6,0.4583,86.89207942395811,73.6373554440323,0.551529048530758,53.14407942395811,157.47327078332972,True,trailing_stop,0,0,0,0,0,58072.75,0,0,0,False,False,False,False,0.351,0.3,0.2,1.0,0.3,0.9,0.5,0,0,up,0.27999999999999997,15.125000000000002,,,15754.760271545743,10,164,0.0,0.0,jupiter,True,10.0,26.250000000000007,False,"200,100",2,1.0,True,
df7c2583-70d5-4efa-bb24-7cdb1072adc8,7DfCnwd5JpaQiJkJniCzwq6hzHM5TSCgLnuFGGx4L8hN,7DfCnwd5,completed,2025-11-27T18:43:08.815623,2025-11-27T19:19:53.600035,36.74640686666667,4.826e-05,0.0002572,0.0002572,4.826e-05,120.26116314408071,467578.3948059125,0.761529707801307,97.69582981074737,432.9465395772897,True,low_liquidity,0,0,0,0,0,0.0,0,0,0,False,False,False,False,0.29483333333333334,0.2,0.2,0.6,0.3,0.9,0.5,0,0,up,0.30333333333333334,17.375000000000004,,,15792.051434381916,12,165,0.0,0.0,jupiter,True,10.0,0.0,False,"200,100,400,300",4,1.0,True,
026a8ea7-da2c-4152-b8c3-ddec551474c8,GLz8dN2tfPUGAJS1jQf8C99igJvFG4anpyf3P7idv1zG,GLz8dN2t,completed,2025-11-27T19:15:15.796798,2025-11-27T19:22:24.234606,7.1406301333333335,3.798e-05,2.34e-05,4.316e-05,3.798e-05,34.75703001579779,1485343.1630682817,0.21849723501752508,-21.656303317535546,-38.38862559241706,False,low_liquidity,0,0,0,0,0,0.0,0,0,0,False,False,False,False,0.29483333333333334,0.2,0.2,0.6,0.3,0.9,0.5,0,0,up,0.30333333333333334,17.375000000000004,,,15907.308855880956,12,166,0.0,0.0,jupiter,True,10.0,45.78313253012048,False,,0,1.0,True,
f0689281-019d-485d-a57c-c1606675b80d,E9D3Hj7yiFR4kRPUstMw7zdc99Grp8McNKvwT7w8o75w,E9D3Hj7y,completed,2025-11-27T19:02:11.802230,2025-11-27T19:22:24.309423,20.208453216666665,5.7e-05,7.942e-05,0.0001055,5.7e-05,83.3584888888889,1049590.643274854,0.5256323028232207,23.531822222222218,39.333333333333314,True,trailing_stop,0,0,0,0,0,134772.13,0,0,0,False,False,False,False,0.25216666666666665,0.1,0.2,0.4,0.3,0.9,0.5,0,0,up,0.25666666666666665,15.125000000000002,,,15858.707397007865,11,167,0.0,0.0,jupiter,True,10.0,24.720379146919438,False,,0,1.0,True,
56e95ecf-f30f-4025-ad3c-b970618ead86,9xBE43oGzDNVDHc5yUjgNw5qiAJG1aoAkjroeV1DWwn8,9xBE43oG,completed,2025-11-27T19:13:04.642344,2025-11-27T19:26:01.361716,12.945322866666666,0.3133,1.09,1.49,0.3133,90.31726779444621,82.8598787105011,0.5678961953355947,64.35726779444622,247.90935205872967,True,trailing_stop,0,0,0,0,0,55650.0,0,0,0,False,False,False,False,0.351,0.3,0.2,1.0,0.3,0.9,0.5,0,0,up,0.27999999999999997,15.125000000000002,,,15903.833928852751,12,168,0.0,0.0,jupiter,True,10.0,26.84563758389261,False,"200,100,300",3,1.0,True,
cb953cdc-0a3f-479d-834b-492e4a655a6b,2QCmnEJ6Wt5UNWDCMWdfZkKUs8ppBeJ7iqfrAvXsbTyG,2QCmnEJ6,completed,2025-11-27T19:02:05.422782,2025-11-27T19:28:11.097724,26.094582366666668,1.313e-05,1.45e-05,1.463e-05,1.313e-05,60.56207159177457,4176694.592536177,0.37929392579742294,5.722071591774564,10.434120335110437,True,low_liquidity,0,0,0,0,0,0.0,0,0,0,False,False,False,False,0.3145,0.3,0.2,0.2,0.3,0.9,0.5,0,0,sideways,0.21000000000000002,0.0,,,15967.055487231864,11,169,0.0,0.0,jupiter,True,10.0,0.8885850991114179,False,,0,1.0,True,
35239bc9-2f01-4af3-ab37-b504b08e2961,27SAZ4qeBz81jJPyLxut5C2SBXY4pvvRxsKW3NJCPk7w,27SAZ4qe,completed,2025-11-27T19:25:45.608612,2025-11-27T19:28:11.205372,2.4266126666666663,0.002064,0.002298,0.002298,0.002064,60.9014534883721,26501.937984496126,0.3814275464447065,6.201453488372101,11.337209302325595,True,low_liquidity,0,0,0,0,0,4.68,0,0,0,False,False,False,False,0.31625,0.3,0.2,0.2,0.3,0.9,0.5,0,0,sideways,0.175,0.0,,,15966.716105335265,10,170,0.0,0.0,jupiter,True,10.0,0.0,False,,0,1.0,True,
91cb9573-28b6-45c6-97ad-fe476b4470df,DH9MrrAcAGHSGJfDqnXRZaccT5drMxd9JhkyXc5TBBxV,DH9MrrAc,completed,2025-11-27T19:19:06.612221,2025-11-27T19:30:27.220456,11.343470583333334,1.231e-05,1.408e-05,1.408e-05,1.231e-05,62.83195234226916,4462496.61521798,0.3916920044477872,7.898619008935825,14.37855402112104,True,low_liquidity,0,0,0,0,0,0.0,0,0,0,False,False,False,False,0.31333333333333335,0.3,0.2,0.2,0.3,0.9,0.5,0,0,sideways,0.23333333333333334,0.0,,,16041.162859796059,12,171,0.0,0.0,jupiter,True,10.0,0.0,False,,0,1.0,True,
6d042624-8d55-4c9e-b927-9f073d308eb7,Deu35ByWH4pPviBKWDAfT19UTNTXhk96suNBUSWqGz3V,Deu35ByW,completed,2025-11-27T19:19:29.129876,2025-11-27T19:30:27.307515,10.969627316666667,1.134e-05,1.249e-05,1.249e-05,1.134e-05,59.62304526748973,4773662.55144033,0.371613461304868,5.489711934156384,10.141093474426816,True,low_liquidity,0,0,0,0,0,0.0,0,0,0,False,False,False,False,0.3233333333333333,0.3,0.2,0.4,0.3,0.9,0.5,0,0,sideways,0.23333333333333334,0.0,,,16044.371766870838,11,172,0.0,0.0,jupiter,True,10.0,0.0,False,,0,1.0,True,
a75fb397-525b-4ee0-9735-6ebb27840be5,H33SAXHHdSK4qMy4NT9uLq4pGx9Jrk7SnimLHpUjNQ3h,H33SAXHH,completed,2025-11-27T19:29:14.048175,2025-11-27T19:30:27.365691,1.2219586,3.815e-05,3.815e-05,3.815e-05,3.815e-05,57.78000000000001,1514547.8374836175,0.3600849214376198,0.0,0.0,False,low_liquidity,0,0,0,0,0,8.92,0,0,0,False,False,False,False,0.27775,0.2,0.2,0.2,0.3,0.9,0.5,0,0,sideways,0.245,0.0,,,16046.214812138327,10,173,0.0,0.0,jupiter,True,10.0,0.0,False,,0,1.0,True,
f0661bb8-ce37-40cd-a4e6-989899f2b769,Fk1KQ4Wn9vuTcRCxYAq2fmWvCwywCKJ7sbXWjrqpPEx8,Fk1KQ4Wn,completed,2025-11-27T19:29:30.302101,2025-11-27T19:32:29.915356,2.9935542500000003,0.2983,0.4385,0.4385,0.2983,76.32222594703319,174.05296681193428,0.47677460676951333,24.402225947033184,46.99966476701307,True,low_liquidity,0,0,0,0,0,5357.33,0,0,0,False,False,False,False,0.351,0.3,0.2,1.0,0.3,0.9,0.5,0,0,up,0.27999999999999997,15.125000000000002,,,16008.030810233475,13,174,0.0,0.0,jupiter,True,10.0,0.0,False,,0,1.0,True,
31a4fbe8-4237-4506-940c-a37ffa8b842b,6y5TtiVpY3WusfuSAFJAxS6meFhE5tEGjnhbWC4LKRGB,6y5TtiVp,completed,2025-11-27T18:32:39.759506,2025-11-27T19:32:30.001684,59.83736963333333,0.002899,0.005322,0.005945,0.002899,89.68337978613316,16851.44302633092,0.5607079215310921,40.83104645279982,83.5805450155226,True,trailing_stop,0,0,0,0,0,307043.31,0,0,0,False,False,False,False,0.28158333333333335,0.1,0.2,1.0,0.3,0.9,0.5,0,0,up,0.2683333333333333,16.25,,,15994.669656394373,12,175,0.0,0.0,jupiter,True,10.0,10.479394449116896,False,100,1,1.0,True,
3a48c10f-5e2d-4439-bbe5-4d9105c856da,F5XueQ9VXeqL1AxNc2QuyLbukDa8K7VbYZMBjXfcxexe,F5XueQ9V,completed,2025-11-27T19:31:28.598893,2025-11-27T19:32:30.073146,1.0245708833333333,0.4351,0.3312,0.4351,0.4351,41.68862330498736,125.87144717689421,0.2598609696748933,-13.078043361679308,-23.879567915421738,False,stop_loss,0,0,0,0,0,51072.51,0,0,0,False,False,False,False,0.3154166666666667,0.2,0.2,1.0,0.3,0.9,0.5,0,0,up,0.2916666666666667,16.25,,,16042.66441287552,11,176,0.0,0.0,jupiter,True,10.0,23.879567915421738,False,,0,1.0,True,
eb0d6173-fdd1-4323-8194-f9e9bedddcfd,BiCbLLTY1drdGqrNHozT3m2WmfKoFrL241EdrCM13FpZ,BiCbLLTY,completed,2025-11-27T19:31:39.506384,2025-11-27T19:32:30.142699,0.8439385833333334,0.06973,0.03717,0.06973,0.06973,24.616529470816012,662.2687508963145,0.1532810296142239,-21.563470529184,-46.6943926573928,False,stop_loss,0,0,0,0,0,19943.11,0,0,0,False,False,False,False,0.42275,0.5,0.2,1.0,0.3,0.9,0.5,0,0,sideways,0.24499999999999997,0.0,,,16059.736506709693,10,177,0.0,0.0,jupiter,True,10.0,46.6943926573928,False,,0,1.0,True,
218784e9-8def-4b26-b45f-aa258b0ea8b1,2Ptv9tDnf3eidPGB94ERsh6NN8tEuj1dyQzXqQDABid9,2Ptv9tDn,completed,2025-11-27T18:26:59.010095,2025-11-27T19:34:36.917082,67.63178311666667,4.408e-06,9.642e-06,9.642e-06,4.408e-06,105.94169373865701,10987522.68602541,0.6637772620993495,57.508693738657,118.73865698729583,True,low_liquidity,0,0,0,0,0,16.76,0,0,0,False,False,False,False,0.28775,0.2,0.2,0.4,0.3,0.9,0.5,0,0,sideways,0.245,0.0,,,15960.428262274581,9,178,0.0,0.0,jupiter,True,10.0,0.0,False,100,1,1.0,True,
b1f1fc5a-6f0a-44b1-a447-4082ab9514e7,BN61zzBqY6pm2ehDSwrkVBLyGxTrHWk9oyWLkiUqk8fY,BN61zzBq,completed,2025-11-27T19:20:54.111937,2025-11-27T19:34:37.008547,13.7149435,0.2495,0.3959,0.5898,0.2495,70.02749018036072,176.88176352705412,0.4377718864792672,25.895490180360717,58.67735470941883,True,trailing_stop,0,0,0,0,0,33542.72,0,0,0,False,False,False,False,0.351,0.3,0.2,1.0,0.3,0.9,0.5,0,0,up,0.27999999999999997,15.125000000000002,,,15996.342465832879,8,179,0.0,0.0,jupiter,True,10.0,32.8755510342489,False,100,1,1.0,True,
8a49c100-3c6b-4712-a89f-06a498a36102,BFw6wxENTyd6CNZq2Unwoz2VDAAekedF21Lcc2NcFAep,BFw6wxEN,completed,2025-11-27T19:30:11.359449,2025-11-27T19:36:42.043901,6.511407533333334,3.699e-05,2.401e-05,4.389e-05,3.699e-05,36.617575921420205,1525096.8730287466,0.22862075574555268,-19.795757411913137,-35.09056501757233,False,low_liquidity,0,0,0,0,0,0.0,0,0,0,False,False,False,False,0.29483333333333334,0.2,0.2,0.6,0.3,0.9,0.5,0,0,up,0.30333333333333334,17.375000000000004,,,16016.732952354665,7,180,0.0,0.0,jupiter,True,10.0,45.29505582137162,False,,0,1.0,True,
e09363ce-d856-4e70-9ddb-1777971885d9,3aeYhkgruv44JwSh4RDT9J73A3LMbAwvQs3DwMqUa8Cu,3aeYhkgr,completed,2025-11-27T19:23:02.215068,2025-11-27T19:42:52.717519,19.841707516666666,0.0001841,4.208e-05,0.0003339,0.0001841,12.528761904761904,297736.7372804635,0.0782006763941546,-42.284571428571425,-77.14285714285715,False,low_liquidity,0,0,0,0,0,16.6,0,0,0,False,False,False,False,0.3148333333333333,0.2,0.2,1.0,0.3,0.9,0.5,0,0,up,0.30333333333333334,17.375000000000004,,,16021.296083953583,11,181,0.0,0.0,jupiter,True,10.0,87.39742437855645,False,,0,1.0,True,
a0370ef7-43a6-4ba5-b473-a79679754f95,A3rWDXk4gQ5HFWxnmghFhgpeBXPjhXyNr21PcofCWh7G,A3rWDXk4,completed,2025-11-27T19:31:04.475783,2025-11-27T19:42:52.804817,11.8054839,9.311e-06,1.061e-05,1.061e-05,9.311e-06,56.10959080657287,5288368.596283965,0.35117405655875833,6.869590806572874,13.951240468263352,True,low_liquidity,0,0,0,0,0,0.0,0,0,0,False,False,False,False,0.3845,0.5,0.2,0.2,0.3,0.9,0.5,0,0,sideways,0.21000000000000002,0.0,,,15977.715255051771,10,182,0.0,0.0,jupiter,True,10.0,0.0,False,,0,1.0,True,
c788312d-d588-496d-b211-f11895c754bf,9mrk1pKYsV2CNKTrvSqrypVMQnqHBxUpsNdc64q6L31L,9mrk1pKY,completed,2025-11-27T19:31:56.000589,2025-11-27T19:42:52.864328,10.947728983333333,1.4e-05,1.603e-05,1.603e-05,1.4e-05,62.89866666666668,3923809.5238095243,0.3938323047827782,7.965333333333338,14.500000000000007,True,low_liquidity,0,0,0,0,0,0.0,0,0,0,False,False,False,False,0.31333333333333335,0.3,0.2,0.2,0.3,0.9,0.5,0,0,sideways,0.23333333333333334,0.0,,,15970.926179191676,9,183,0.0,0.0,jupiter,True,10.0,0.0,False,,0,1.0,True,
7cd41227-f028-4a6b-be6e-0f8ae1e20204,8AuNCWwkeE7p6UVd4vyT5pbYvX9HT2wMuHHFN9nEj5Dt,8AuNCWwk,completed,2025-11-27T19:41:25.101115,2025-11-27T19:46:48.544400,5.390721416666667,3.69e-05,3.869e-05,3.869e-05,3.69e-05,60.38715627822943,1560794.941282746,0.37602345953866806,2.793822944896107,4.85094850948508,True,low_liquidity,0,0,0,0,0,74319.3,0,0,0,False,False,False,False,0.28008333333333335,0.2,0.2,0.2,0.3,0.9,0.5,0,0,sideways,0.1983333333333333,0.0,,,16059.411918691625,14,184,0.0,0.0,jupiter,True,10.0,0.0,False,,0,1.0,True,
66333aae-3cad-4684-8704-a5b318db0576,82UY6PzgohTcZUxTyLKSfR8NPhb4iRmzcSbRtpmJCJtf,82UY6Pzg,completed,2025-11-27T19:45:56.278067,2025-11-27T19:46:48.629914,0.8725307833333333,0.3593,0.3593,0.3593,0.3593,51.92000000000001,144.5032006679655,0.32312914329109993,0.0,0.0,False,low_liquidity,0,0,0,0,0,8876.15,0,0,0,False,False,False,False,0.351,0.3,0.2,1.0,0.3,0.9,0.5,0,0,up,0.27999999999999997,15.125000000000002,,,16067.879074969855,13,185,0.0,0.0,jupiter,True,10.0,0.0,False,,0,1.0,True,
d1f3a4d1-4a8c-4fc6-990d-37052d44d46a,2k4YW87mtWmeg4cbiU2TZcBJrBL7fyETSwiKe2i9JDWR,2k4YW87m,completed,2025-11-27T18:34:48.036136,2025-11-27T19:49:11.640614,74.39340796666667,0.0001279,4.227e-05,0.0002919,0.0001279,15.358760985144645,363348.9705499088,0.09535608655915816,-31.11357234818869,-66.95074276778733,False,low_liquidity,0,0,0,0,0,42.41,0,0,0,False,False,False,False,0.3165833333333333,0.2,0.2,1.0,0.3,0.9,0.5,0,0,sideways,0.2683333333333333,0.0,,,16106.744246069906,13,186,0.0,0.0,jupiter,True,10.0,85.51901336073998,False,100,1,1.0,True,
8a5e286b-f0b5-413f-b73c-a3a98bd3e1eb,FzxsgbF3vGB5qfHm3Y3NDFNfcrrovpvabYDFVbGKnCcf,FzxsgbF3,completed,2025-11-27T19:39:48.891447,2025-11-27T19:49:11.720704,9.380487616666667,4.645e-06,5.921e-06,5.946e-06,4.645e-06,72.63263293864371,12266953.713670615,0.4525547027133128,15.652632938643697,27.470398277717962,True,low_liquidity,0,0,0,0,0,2.01,0,0,0,False,False,False,False,0.28775,0.2,0.2,0.4,0.3,0.9,0.5,0,0,sideways,0.24500000000000005,0.0,,,16049.470374116407,12,187,0.0,0.0,jupiter,True,10.0,0.42045072317525406,False,,0,1.0,True,
51e842cf-c628-49f2-9751-a739fce724c2,2raxnAQtdEzZoCkFH92Xt5Hq9PaYnNfJKAYJZbuRpF5t,2raxnAQt,completed,2025-11-27T19:43:40.806578,2025-11-27T19:49:11.794875,5.516471616666666,0.228,0.1874,0.298,0.228,42.67459649122807,227.71929824561403,0.2653987156856386,-9.245403508771929,-17.807017543859647,False,stop_loss,0,0,0,0,0,23145.94,0,0,0,False,False,False,False,0.351,0.3,0.2,1.0,0.3,0.9,0.5,0,0,up,0.27999999999999997,15.125000000000002,,,16079.42841056382,11,188,0.0,0.0,jupiter,True,10.0,37.114093959731534,False,,0,1.0,True,
3257b66f-6be4-4baf-9396-bda7e60c16a8,CzsY91HYBcNQsNE1irwmRn2GmXfq1iSqQEgZJsvwQPuK,CzsY91HY,completed,2025-11-27T19:40:08.243296,2025-11-27T19:51:15.627483,11.123069783333333,5.114e-05,7.126e-05,8.345e-05,5.114e-05,77.49327597444923,1087472.2982661973,0.4821477115462149,21.879942641115893,39.34298005475167,True,trailing_stop,0,0,0,0,0,96870.98,0,0,0,False,False,False,False,0.30483333333333335,0.2,0.2,0.8,0.3,0.9,0.5,0,0,up,0.30333333333333334,17.375000000000004,,,16072.51763695685,13,189,0.0,0.0,jupiter,True,10.0,14.607549430796873,False,,0,1.0,True,
75eed94e-e250-47e6-8ae1-7844781ceade,Fua6ZLZmSL2p7ha41T8w4zcPmovxkBxDrjUZzcTfNzEZ,Fua6ZLZm,completed,2025-11-27T19:41:54.291860,2025-11-27T19:51:15.694627,9.356712783333334,1.366e-05,1.424e-05,1.629e-05,1.366e-05,56.43182040019523,3962908.7359687663,0.35064804463778204,2.2984870668618824,4.245973645680817,True,trailing_stop,0,0,0,0,0,26424.51,0,0,0,False,False,False,False,0.3233333333333333,0.3,0.2,0.4,0.3,0.9,0.5,0,0,sideways,0.23333333333333334,0.0,,,16093.579092531105,12,190,0.0,0.0,jupiter,True,10.0,12.584407612031933,False,,0,1.0,True,
57e62b63-0e0a-4153-af79-1a92ad97d3ef,56XZ3CDRqhWJqJoKFsSRNRjU96RGo3Vv2fMKGKNjNGBj,56XZ3CDR,completed,2025-11-27T19:43:50.114948,2025-11-27T19:51:15.763597,7.427477483333333,1.058e-05,1.027e-05,1.144e-05,1.058e-05,53.23315689981097,5183364.839319471,0.3307069135614078,-1.6068431001890382,-2.9300567107750513,False,trailing_stop,0,0,0,0,0,20309.71,0,0,0,False,False,False,False,0.3145,0.3,0.2,0.2,0.3,0.9,0.5,0,0,sideways,0.21000000000000002,0.0,,,16096.77775603149,11,191,0.0,0.0,jupiter,True,10.0,10.227272727272732,False,,0,1.0,True,
dc6b510d-fc3e-4b7b-94c1-33b24bc0ab0c,EUGNkVLshW8cVm5VnEVxUjU8ktk4iR3orrmFzdg13Ato,EUGNkVLs,completed,2025-11-27T19:45:40.358776,2025-11-27T19:57:15.224869,11.58110155,0.001016,0.001257,0.001257,0.001016,70.6113976377953,56174.540682414714,0.4354592664697035,13.538064304461953,23.720472440944892,True,low_liquidity,0,0,0,0,0,0.0,0,0,0,False,False,False,False,0.2865833333333333,0.2,0.2,0.4,0.3,0.9,0.5,0,0,sideways,0.2683333333333333,0.0,,,16215.385243778708,14,192,0.0,0.0,jupiter,True,10.0,0.0,False,,0,1.0,True,
99e44d89-b0d9-48f2-bebe-db396263f883,DTZHJFwXioA7TB7BVcd4L8DJWqUNaoR6kb5fZUG6RA6o,DTZHJFwX,completed,2025-11-27T19:50:04.357968,2025-11-27T19:57:15.318447,7.18267465,0.1548,0.246,0.246,0.1548,82.50852713178296,335.40051679586566,0.5092022566366117,30.58852713178295,58.91472868217055,True,low_liquidity,0,0,0,0,0,8637.37,0,0,0,False,False,False,False,0.351,0.3,0.2,1.0,0.3,0.9,0.5,0,0,up,0.27999999999999997,15.125000000000002,,,16203.48811428472,13,193,0.0,0.0,jupiter,True,10.0,0.0,False,,0,1.0,True,
75796229-d090-4bdd-9e13-2d7b474cfe3c,E19ggMZEH4xjx3rs5VHpbZWzdT5fsBFKcCXHnNfz9dt1,E19ggMZE,completed,2025-11-27T19:50:59.691598,2025-11-27T19:57:15.380341,6.26147905,8.099e-05,9.892e-05,9.892e-05,8.099e-05,71.23119397456477,720088.899864181,0.4392983309283841,12.911193974564764,22.13853562168169,True,low_liquidity,0,0,0,0,0,0.0,0,0,0,False,False,False,False,0.271,0.1,0.2,0.8,0.3,0.9,0.5,0,0,up,0.27999999999999997,17.375,,,16214.765447441938,12,194,0.0,0.0,jupiter,True,10.0,0.0,False,,0,1.0,True,
d832811d-7678-47ae-8c15-69d97ba0a1cc,56DUDgowz27BCyM6w4hT61bmZMXKLXKstzT6XTrRYaU2,56DUDgow,completed,2025-11-27T19:56:33.204950,2025-11-27T19:58:59.531651,2.43877835,5.698e-05,6.476e-05,6.476e-05,5.698e-05,64.11596115596116,990054.9900549902,0.3944171405207885,7.70262782262782,13.65391365391365,True,low_liquidity,0,0,0,0,0,0.0,0,0,0,False,False,False,False,0.29483333333333334,0.2,0.2,0.6,0.3,0.9,0.5,0,0,up,0.30333333333333334,17.375000000000004,,,16255.875967079528,11,195,0.0,0.0,jupiter,True,10.0,0.0,False,,0,1.0,True,
5c906c0b-614c-4996-9b99-453bbfea7ec8,EWVWwvfaRgamsYgF1BUZxny991BWzv6WYGw8sss66Z5h,EWVWwvfa,completed,2025-11-27T20:00:03.381503,2025-11-27T20:01:26.139100,1.3792932833333333,0.08485,0.08485,0.08485,0.08485,51.92,611.9033588685917,0.3199383945574861,0.0,0.0,False,low_liquidity,0,0,0,0,0,2692.88,0,0,0,False,False,False,False,0.351,0.3,0.2,1.0,0.3,0.9,0.5,0,0,up,0.27999999999999997,15.125000000000002,,,16228.124189912156,12,196,0.0,0.0,jupiter,True,10.0,0.0,False,,0,1.0,True,
42717bde-aee3-45ab-82c7-3ab5d43186f4,AfWXXLLciJSeQjxHJpvADtbLMy4D6byJ9Ldsgsm1ynW3,AfWXXLLc,completed,2025-11-27T19:44:12.716188,2025-11-27T20:01:26.226411,17.22517038333333,0.4517,0.1638,1.28,0.4517,16.003589993358425,97.7020146114678,0.0983986106960304,-28.12841000664158,-63.73699357980961,False,stop_loss,0,0,0,0,0,21639.43,0,0,0,False,False,False,False,0.351,0.3,0.2,1.0,0.3,0.9,0.5,0,0,up,0.27999999999999997,15.125000000000002,,,16264.040599918797,11,197,0.0,0.0,jupiter,True,10.0,87.203125,False,100,1,1.0,True,
e6be8edb-0378-492a-9f56-2410b119f7d3,ByopcvSamiX2vekZbT7Nj2grjVt8ZTgH7chNKJam2cpt,ByopcvSa,completed,2025-11-27T19:46:11.605630,2025-11-27T20:07:51.949818,21.672403133333333,0.3884,0.9681,0.9681,0.3884,110.00048712667352,113.62512873326467,0.6714101027525853,65.86848712667351,149.25334706488152,True,low_liquidity,0,0,0,0,0,24229.94,0,0,0,False,False,False,False,0.351,0.3,0.2,1.0,0.3,0.9,0.5,0,0,up,0.27999999999999997,15.125000000000002,,,16383.501927615276,14,198,0.0,0.0,jupiter,True,10.0,0.0,False,100,1,1.0,True,
16ebe615-922a-4126-bc11-b07d0ed41c66,EK6wgoAjnuxHSnsAT73ZJcCPy5ipYQodjCyXWchFt8KH,EK6wgoAj,completed,2025-11-27T20:00:26.756645,2025-11-27T20:07:52.015112,7.42097445,3.737e-05,4.944e-05,4.966e-05,3.737e-05,74.63407010971368,1509588.7967175096,0.4545628148246498,18.22073677638034,32.298635268932294,True,low_liquidity,0,0,0,0,0,0.0,0,0,0,False,False,False,False,0.29483333333333334,0.2,0.2,0.6,0.3,0.9,0.5,0,0,up,0.30333333333333334,17.375000000000004,,,16418.868344632236,13,199,0.0,0.0,jupiter,True,10.0,0.44301248489730416,False,,0,1.0,True,
75626e85-1bfc-477c-8958-23048db9c748,5k1pfi2E56y8ciQkhbT8ao3WqjgrhaARuAjFkhW5Gnye,5k1pfi2E,completed,2025-11-27T20:02:55.794566,2025-11-27T20:07:52.076867,4.93803835,1.323e-05,1.374e-05,1.374e-05,1.323e-05,57.050944822373395,4152179.3902746285,0.3471001324512325,2.1176114890400615,3.8548752834467135,True,low_liquidity,0,0,0,0,0,0.0,0,0,0,False,False,False,False,0.31333333333333335,0.3,0.2,0.2,0.3,0.9,0.5,0,0,sideways,0.23333333333333334,0.0,,,16436.451469919575,12,200,0.0,0.0,jupiter,True,10.0,0.0,False,,0,1.0,True,
c6f756a0-3ccd-4cfa-88fb-94c13ffe8643,Av2bP2sUQ3cb2yiGEvrjTcLAkCT4aCeMsUgbeNvZkD7u,Av2bP2sU,completed,2025-11-27T20:09:03.318866,2025-11-27T20:11:47.254029,2.7322527166666664,3.425e-05,4.739e-05,4.739e-05,3.425e-05,78.05628807785888,1647104.6228710464,0.4713654774959484,21.64295474452555,38.36496350364963,True,low_liquidity,0,0,0,0,0,0.0,0,0,0,False,False,False,False,0.29483333333333334,0.2,0.2,0.6,0.3,0.9,0.5,0,0,up,0.30333333333333334,17.375000000000004,,,16559.610706435287,13,201,0.0,0.0,jupiter,True,10.0,0.0,False,,0,1.0,True,
4c545d6b-1eae-481b-b0de-6be32d8437e8,AGEozaZybUfCk5T95YMBkkwmpDjadm3Sh8vFAaGTdeq1,AGEozaZy,completed,2025-11-27T20:02:45.825268,2025-11-27T20:13:53.866718,11.134024166666668,0.3773,1.3,1.3,0.3773,116.2798833819242,89.44606413994168,0.701726374692739,82.5318833819242,244.55340577789556,True,low_liquidity,0,0,0,0,0,2238.45,0,0,0,False,False,False,False,0.351,0.3,0.2,1.0,0.3,0.9,0.5,0,0,up,0.27999999999999997,15.125000000000002,,,16570.544812832355,14,202,0.0,0.0,jupiter,True,10.0,0.0,False,"200,100",2,1.0,True,
8d21aa58-cb74-4fdb-ae4a-656861af94c2,5UjA66hFcEZ5UvYYC9c7w6ibDcJc1qTwpSvcLnJC6MNN,5UjA66hF,completed,2025-11-27T19:48:00.870037,2025-11-27T20:16:00.046659,27.986277033333334,0.0001838,4.78e-05,0.0003856,0.0001838,12.116788538266231,253489.29996372867,0.07292567279463397,-34.4745447950671,-73.99347116430903,False,low_liquidity,0,0,0,0,0,29.74,0,0,0,False,False,False,False,0.3148333333333333,0.2,0.2,1.0,0.3,0.9,0.5,0,0,up,0.30333333333333334,17.375000000000004,,,16615.257801444393,14,203,0.0,0.0,jupiter,True,10.0,87.60373443983401,False,100,1,1.0,True,
8a19e965-a56a-4d9b-8fd8-bb524458ac4b,39bhs142C2nFmzTrk7pssGSDZh5Z4obg2jeyy7XcBeC7,39bhs142,completed,2025-11-27T20:04:55.935939,2025-11-27T20:18:08.215188,13.204654150000001,0.2648,0.9697,1.078,0.2648,95.06575528700907,98.03625377643505,0.5743189093120016,69.10575528700907,266.20090634441095,True,trailing_stop,0,0,0,0,0,52529.29,0,0,0,False,False,False,False,0.351,0.3,0.2,1.0,0.3,0.9,0.5,0,0,up,0.27999999999999997,15.125000000000002,,,16552.78169421445,14,204,0.0,0.0,jupiter,True,10.0,10.046382189239338,False,"200,100,300",3,1.0,True,
1d39b7d0-53e6-405a-8de0-10731403654d,8SDMSyFFsU8EE6MJ7nv8T6Y6K4GoWNJ6AvMSULpJWM5R,8SDMSyFF,completed,2025-11-27T16:51:15.279286,2025-11-27T20:20:35.724676,209.34075650000003,0.008186,0.009822,0.01001,0.008186,68.9595748839482,7020.9300431631245,0.4156438616224157,11.486241550614862,19.985340825800126,True,manual_closeall,0,0,0,0,0,237355.67,0,0,0,False,False,False,False,0.28158333333333335,0.1,0.2,1.0,0.3,0.9,0.5,0,0,up,0.2683333333333333,16.25,,,16591.024492644454,13,205,0.0,0.0,jupiter,True,10.0,1.878121878121885,False,,0,1.0,True,
94d4c243-c374-4c41-9460-6fedfb9d2366,9QrcyLwPjQk6xmQpe76TBSRcJ4dhoGyvGkNio49tvqDY,9QrcyLwP,completed,2025-11-27T19:14:18.341968,2025-11-27T20:20:35.911732,66.2928294,0.0001513,0.0002394,0.0002368,0.0001513,95.63341705221416,399471.2491738269,0.5773086008450243,35.19341705221415,58.228684732319905,True,manual_closeall,0,0,0,0,0,392789.21,0,0,0,False,False,False,False,0.2445,0.1,0.2,0.2,0.3,0.9,0.5,0,0,sideways,0.21000000000000002,0.0,,,16565.38927572404,12,206,0.0,0.0,jupiter,True,10.0,-1.0979729729729653,False,,0,1.0,True,
632876d6-974e-4477-a3cc-7b66b779fb16,6ZoBDFmmEjALeeLKycyWQqdC2yGpL29mzoQxZsLZuLCz,6ZoBDFmm,completed,2025-11-27T19:18:46.763160,2025-11-27T20:20:36.189575,61.823773583333335,0.00019,0.0002893,0.0003023,0.00019,92.31207719298246,319087.7192982456,0.5571030298038077,31.68541052631578,52.26315789473682,True,manual_closeall,0,0,0,0,0,481671.66,0,0,0,False,False,False,False,0.24216666666666667,0.1,0.2,0.2,0.3,0.9,0.5,0,0,up,0.25666666666666665,15.125000000000002,,,16570.018875232392,11,207,0.0,0.0,jupiter,True,10.0,4.300363876943432,False,,0,1.0,True,
200914d5-88eb-46f2-b5ed-525fd821aa94,7jJbxwwQHocf5ZnnXGgdhL9cWFC2XX5jUxDhVmZK1BKE,7jJbxwwQ,completed,2025-11-27T19:39:33.008985,2025-11-27T20:20:36.466178,41.05761988333334,3.295e-05,7.886e-05,8.315e-05,3.295e-05,116.39049914011127,1475912.999494183,0.7032916039658612,67.75916580677794,139.33232169954474,True,manual_closeall,0,0,0,0,0,106034.06,0,0,0,False,False,False,False,0.2848333333333333,0.2,0.2,0.4,0.3,0.9,0.5,0,0,up,0.30333333333333334,17.375000000000004,,,16549.39408970408,10,208,0.0,0.0,jupiter,True,10.0,5.159350571256766,False,100,1,1.0,True,
20423958-bd86-48d6-b61b-50c8cab3832d,8jSezDu8oiEMsq6mPeqH9d8qEFwEoBbXtTT7A5nzgF4c,8jSezDu8,completed,2025-11-27T19:50:44.196111,2025-11-27T20:20:36.644964,29.87414755,0.0001488,0.0001915,0.0001889,0.0001488,77.17484318996415,403001.7921146953,0.4651985308069527,17.20817652329748,28.69623655913977,True,manual_closeall,0,0,0,0,0,328015.94,0,0,0,False,False,False,False,0.2504166666666667,0.1,0.2,0.4,0.3,0.9,0.5,0,0,up,0.2916666666666667,18.5,,,16589.657550313725,9,209,0.0,0.0,jupiter,True,10.0,-1.3763896241397466,False,,0,1.0,True,
93cbdc19-0606-443b-82b5-32c04c02a403,7L9Yv9x1kJiT2euCKrU9iPfoPPGtKBwXC9XaKR2iUMKi,7L9Yv9x1,completed,2025-11-27T19:52:07.401865,2025-11-27T20:20:36.931752,28.492164783333333,0.0001573,0.0002066,0.0002048,0.0001573,79.62790421699513,385420.6399660945,0.4800361265423784,19.00123755032846,31.341385886840435,True,manual_closeall,0,0,0,0,0,360138.74,0,0,0,False,False,False,False,0.24216666666666667,0.1,0.2,0.2,0.3,0.9,0.5,0,0,up,0.25666666666666665,15.125000000000002,,,16587.898246438635,8,210,0.0,0.0,jupiter,True,10.0,-0.8789062500000081,False,,0,1.0,True,
53a1cac6-45af-4603-9fc7-1a7a3c5bdc90,3RNk48Ht7SCRhjnQBbcuQJ2ibmQMxsjgbrmuBtmanJ3V,3RNk48Ht,completed,2025-11-27T19:52:33.426980,2025-11-27T20:20:37.222760,28.063263,5.418e-06,6.825e-06,6.687e-06,5.418e-06,70.88695090439278,10386366.432878062,0.427079414348601,14.613617571059436,25.968992248062023,True,manual_closeall,0,0,0,0,0,103292.58,0,0,0,False,False,False,False,0.2965833333333333,0.2,0.2,0.6,0.3,0.9,0.5,0,0,sideways,0.2683333333333333,0.0,,,16598.072518318975,7,211,0.0,0.0,jupiter,True,10.0,-2.063705697622255,False,,0,1.0,True,
f8a08484-c1f3-4f03-a613-13ca719a18b7,774E8jjs8ijdN38Vyz2BvbcYiVLSvdhbm76M66NRn6Dx,774E8jjs,completed,2025-11-27T19:53:01.413437,2025-11-27T20:20:37.588918,27.602924683333335,0.5327,2.17,2.18,0.5327,105.75032851511172,48.73287028346162,0.6384652129713418,79.79032851511171,307.3587385019711,True,manual_closeall,0,0,0,0,0,54568.67,0,0,0,False,False,False,False,0.351,0.3,0.2,1.0,0.3,0.9,0.5,0,0,up,0.27999999999999997,15.125000000000002,,,16563.209140708255,6,212,0.0,0.0,jupiter,True,10.0,0.45871559633028575,False,"200,100,300",3,1.0,True,
5d024f1a-c579-4b02-926e-75735e1d2366,3omC2PaZ9wsckDyqdnXARXegmC1KXaqNm4PrXdcGMC38,3omC2PaZ,completed,2025-11-27T20:02:22.823620,2025-11-27T20:20:37.910947,18.251455449999998,0.0001286,0.0001699,0.0001688,0.0001286,72.23172109901503,425142.56091238983,0.4352043784307681,17.5583877656817,32.11508553654743,True,manual_closeall,0,0,0,0,0,98141.14,0,0,0,False,False,False,False,0.3165833333333333,0.2,0.2,1.0,0.3,0.9,0.5,0,0,sideways,0.2683333333333333,0.0,,,16597.195404941354,5,213,0.0,0.0,jupiter,True,10.0,-0.6516587677725115,False,,0,1.0,True,
b237eee6-3647-40a7-9853-5c5f8f2f0ff3,4kjxorQ9QQFFpWV74s7P9of1emdjnsMfr1mhnYbix2ot,4kjxorQ9,completed,2025-11-27T20:10:30.654302,2025-11-27T20:20:38.085697,10.123856583333332,1.215e-05,1.32e-05,1.272e-05,1.215e-05,59.57925925925926,4513580.24691358,0.35861946845775666,4.73925925925926,8.641975308641976,True,manual_closeall,0,0,0,0,0,23796.47,0,0,0,False,False,False,False,0.3145,0.3,0.2,0.2,0.3,0.9,0.5,0,0,sideways,0.21000000000000002,0.0,,,16613.50386678111,4,214,0.0,0.0,jupiter,True,10.0,-3.7735849056603814,False,,0,1.0,True,
1b286364-f873-4bf5-a0ad-d89462aaf848,AVV8m2StiWp821DG7FASZNb3ebq4K68ZKPHTHyH88kht,AVV8m2St,completed,2025-11-27T20:13:31.391464,2025-11-27T20:20:38.249265,7.114296683333333,1.373e-05,1.316e-05,1.402e-05,1.373e-05,51.88599174556932,3942704.5399368787,0.31222314405711254,-2.247341587764026,-4.151493080844874,False,manual_closeall,0,0,0,0,0,26057.2,0,0,0,False,False,False,False,0.3233333333333333,0.3,0.2,0.4,0.3,0.9,0.5,0,0,sideways,0.23333333333333334,0.0,,,16618.24010588985,3,215,0.0,0.0,jupiter,True,10.0,6.1340941512125555,False,,0,1.0,True,
ab736076-ecfc-452a-8673-a01592b19122,6BYFpEde1rp778evu3DMQMTJK2G2hskxJ5kctjJutGru,6BYFpEde,completed,2025-11-27T20:13:35.204019,2025-11-27T20:20:38.459326,7.054255116666667,1.338e-05,1.483e-05,1.402e-05,1.338e-05,60.88649725959144,4105630.2939711013,0.36650870392277063,5.953163926258095,10.83707025411061,True,manual_closeall,0,0,0,0,0,26150.24,0,0,0,False,False,False,False,0.31333333333333335,0.3,0.2,0.2,0.3,0.9,0.5,0,0,sideways,0.23333333333333334,0.0,,,16612.565160913946,2,216,0.0,0.0,jupiter,True,10.0,-5.777460770328108,False,,0,1.0,True,
8ff3539a-5ea3-4da7-a949-ade0a8abaf2a,CQXv6hx5HiD4MgG3GZcPzgsy3xzawYQtX36EfrQ9BEJN,CQXv6hx5,completed,2025-11-27T20:14:52.327143,2025-11-27T20:20:38.625288,5.77163575,1.423e-05,1.409e-05,1.423e-05,1.423e-05,53.60074959006795,3804169.5947528705,0.3224705536073282,-0.5325837432653968,-0.9838369641602155,False,manual_closeall,0,0,0,0,0,25675.37,0,0,0,False,False,False,False,0.3233333333333333,0.3,0.2,0.4,0.3,0.9,0.5,0,0,sideways,0.23333333333333334,0.0,,,16621.905160164635,1,217,0.0,0.0,jupiter,True,10.0,0.9838369641602155,False,,0,1.0,True,
58195c24-5f08-4149-8796-07c9855b0fc6,7aA22JGywr3t5HFpELpb6tFH46ds7pGv9kFrje2iTqTS,7aA22JGy,completed,2025-11-27T20:17:30.491104,2025-11-27T20:20:38.969828,3.1413120666666665,0.451,0.7773,0.7163,0.451,89.48429268292684,115.1219512195122,0.5392879834490101,37.564292682926826,72.35033259423503,True,manual_closeall,0,0,0,0,0,45157.12,0,0,0,False,False,False,False,0.351,0.3,0.2,1.0,0.3,0.9,0.5,0,0,up,0.27999999999999997,15.125000000000002,,,16593.044056096165,0,218,0.0,0.0,jupiter,True,10.0,-8.51598492251849,False,,0,1.0,True,
